date,risk_factor_id,risk_factor_type,value
2024-09-04,AAPL-EQ,Equity Price,220.85000610351562
2024-09-05,AAPL-EQ,Equity Price,222.3800048828125
2024-09-06,AAPL-EQ,Equity Price,220.82000732421875
2024-09-09,AAPL-EQ,Equity Price,220.91000366210938
2024-09-10,AAPL-EQ,Equity Price,220.11000061035156
2024-09-11,AAPL-EQ,Equity Price,222.66000366210938
2024-09-12,AAPL-EQ,Equity Price,222.77000427246094
2024-09-13,AAPL-EQ,Equity Price,222.5
2024-09-16,AAPL-EQ,Equity Price,216.32000732421875
2024-09-17,AAPL-EQ,Equity Price,216.7899932861328
2024-09-18,AAPL-EQ,Equity Price,220.69000244140625
2024-09-19,AAPL-EQ,Equity Price,228.8699951171875
2024-09-20,AAPL-EQ,Equity Price,228.1999969482422
2024-09-23,AAPL-EQ,Equity Price,226.47000122070312
2024-09-24,AAPL-EQ,Equity Price,227.3699951171875
2024-09-25,AAPL-EQ,Equity Price,226.3699951171875
2024-09-26,AAPL-EQ,Equity Price,227.52000427246094
2024-09-27,AAPL-EQ,Equity Price,227.7899932861328
2024-09-30,AAPL-EQ,Equity Price,233.0
2024-10-01,AAPL-EQ,Equity Price,226.2100067138672
2024-10-02,AAPL-EQ,Equity Price,226.77999877929688
2024-10-03,AAPL-EQ,Equity Price,225.6699981689453
2024-10-04,AAPL-EQ,Equity Price,226.8000030517578
2024-10-07,AAPL-EQ,Equity Price,221.69000244140625
2024-10-08,AAPL-EQ,Equity Price,225.77000427246094
2024-10-09,AAPL-EQ,Equity Price,229.5399932861328
2024-10-10,AAPL-EQ,Equity Price,229.0399932861328
2024-10-11,AAPL-EQ,Equity Price,227.5500030517578
2024-10-14,AAPL-EQ,Equity Price,231.3000030517578
2024-10-15,AAPL-EQ,Equity Price,233.85000610351562
2024-10-16,AAPL-EQ,Equity Price,231.77999877929688
2024-10-17,AAPL-EQ,Equity Price,232.14999389648438
2024-10-18,AAPL-EQ,Equity Price,235.0
2024-10-21,AAPL-EQ,Equity Price,236.47999572753906
2024-10-22,AAPL-EQ,Equity Price,235.86000061035156
2024-10-23,AAPL-EQ,Equity Price,230.75999450683594
2024-10-24,AAPL-EQ,Equity Price,230.57000732421875
2024-10-25,AAPL-EQ,Equity Price,231.41000366210938
2024-10-28,AAPL-EQ,Equity Price,233.39999389648438
2024-10-29,AAPL-EQ,Equity Price,233.6699981689453
2024-10-30,AAPL-EQ,Equity Price,230.10000610351562
2024-10-31,AAPL-EQ,Equity Price,225.91000366210938
2024-11-01,AAPL-EQ,Equity Price,222.91000366210938
2024-11-04,AAPL-EQ,Equity Price,222.00999450683594
2024-11-05,AAPL-EQ,Equity Price,223.4499969482422
2024-11-06,AAPL-EQ,Equity Price,222.72000122070312
2024-11-07,AAPL-EQ,Equity Price,227.47999572753906
2024-11-08,AAPL-EQ,Equity Price,226.9600067138672
2024-11-11,AAPL-EQ,Equity Price,224.22999572753906
2024-11-12,AAPL-EQ,Equity Price,224.22999572753906
2024-11-13,AAPL-EQ,Equity Price,225.1199951171875
2024-11-14,AAPL-EQ,Equity Price,228.22000122070312
2024-11-15,AAPL-EQ,Equity Price,225.0
2024-11-18,AAPL-EQ,Equity Price,228.02000427246094
2024-11-19,AAPL-EQ,Equity Price,228.27999877929688
2024-11-20,AAPL-EQ,Equity Price,229.0
2024-11-21,AAPL-EQ,Equity Price,228.52000427246094
2024-11-22,AAPL-EQ,Equity Price,229.8699951171875
2024-11-25,AAPL-EQ,Equity Price,232.8699951171875
2024-11-26,AAPL-EQ,Equity Price,235.05999755859375
2024-11-27,AAPL-EQ,Equity Price,234.92999267578125
2024-11-29,AAPL-EQ,Equity Price,237.3300018310547
2024-12-02,AAPL-EQ,Equity Price,239.58999633789062
2024-12-03,AAPL-EQ,Equity Price,242.64999389648438
2024-12-04,AAPL-EQ,Equity Price,243.00999450683594
2024-12-05,AAPL-EQ,Equity Price,243.0399932861328
2024-12-06,AAPL-EQ,Equity Price,242.83999633789062
2024-12-09,AAPL-EQ,Equity Price,246.75
2024-12-10,AAPL-EQ,Equity Price,247.77000427246094
2024-12-11,AAPL-EQ,Equity Price,246.49000549316406
2024-12-12,AAPL-EQ,Equity Price,247.9600067138672
2024-12-13,AAPL-EQ,Equity Price,248.1300048828125
2024-12-16,AAPL-EQ,Equity Price,251.0399932861328
2024-12-17,AAPL-EQ,Equity Price,253.47999572753906
2024-12-18,AAPL-EQ,Equity Price,248.0500030517578
2024-12-19,AAPL-EQ,Equity Price,249.7899932861328
2024-12-20,AAPL-EQ,Equity Price,254.49000549316406
2024-12-23,AAPL-EQ,Equity Price,255.27000427246094
2024-12-24,AAPL-EQ,Equity Price,258.20001220703125
2024-12-26,AAPL-EQ,Equity Price,259.0199890136719
2024-12-27,AAPL-EQ,Equity Price,255.58999633789062
2024-12-30,AAPL-EQ,Equity Price,252.1999969482422
2024-12-31,AAPL-EQ,Equity Price,250.4199981689453
2025-01-02,AAPL-EQ,Equity Price,243.85000610351562
2025-01-03,AAPL-EQ,Equity Price,243.36000061035156
2025-01-06,AAPL-EQ,Equity Price,245.0
2025-01-07,AAPL-EQ,Equity Price,242.2100067138672
2025-01-08,AAPL-EQ,Equity Price,242.6999969482422
2025-01-10,AAPL-EQ,Equity Price,236.85000610351562
2025-01-13,AAPL-EQ,Equity Price,234.39999389648438
2025-01-14,AAPL-EQ,Equity Price,233.27999877929688
2025-01-15,AAPL-EQ,Equity Price,237.8699951171875
2025-01-16,AAPL-EQ,Equity Price,228.25999450683594
2025-01-17,AAPL-EQ,Equity Price,229.97999572753906
2025-01-21,AAPL-EQ,Equity Price,222.63999938964844
2025-01-22,AAPL-EQ,Equity Price,223.8300018310547
2025-01-23,AAPL-EQ,Equity Price,223.66000366210938
2025-01-24,AAPL-EQ,Equity Price,222.77999877929688
2025-01-27,AAPL-EQ,Equity Price,229.86000061035156
2025-01-28,AAPL-EQ,Equity Price,238.25999450683594
2025-01-29,AAPL-EQ,Equity Price,239.36000061035156
2025-01-30,AAPL-EQ,Equity Price,237.58999633789062
2025-01-31,AAPL-EQ,Equity Price,236.0
2025-02-03,AAPL-EQ,Equity Price,228.00999450683594
2025-02-04,AAPL-EQ,Equity Price,232.8000030517578
2025-02-05,AAPL-EQ,Equity Price,232.47000122070312
2025-02-06,AAPL-EQ,Equity Price,233.22000122070312
2025-02-07,AAPL-EQ,Equity Price,227.6300048828125
2025-02-10,AAPL-EQ,Equity Price,227.64999389648438
2025-02-11,AAPL-EQ,Equity Price,232.6199951171875
2025-02-12,AAPL-EQ,Equity Price,236.8699951171875
2025-02-13,AAPL-EQ,Equity Price,241.52999877929688
2025-02-14,AAPL-EQ,Equity Price,244.60000610351562
2025-02-18,AAPL-EQ,Equity Price,244.47000122070312
2025-02-19,AAPL-EQ,Equity Price,244.8699951171875
2025-02-20,AAPL-EQ,Equity Price,245.8300018310547
2025-02-21,AAPL-EQ,Equity Price,245.5500030517578
2025-02-24,AAPL-EQ,Equity Price,247.10000610351562
2025-02-25,AAPL-EQ,Equity Price,247.0399932861328
2025-02-26,AAPL-EQ,Equity Price,240.36000061035156
2025-02-27,AAPL-EQ,Equity Price,237.3000030517578
2025-02-28,AAPL-EQ,Equity Price,241.83999633789062
2025-03-03,AAPL-EQ,Equity Price,238.02999877929688
2025-03-04,AAPL-EQ,Equity Price,235.92999267578125
2025-03-05,AAPL-EQ,Equity Price,235.74000549316406
2025-03-06,AAPL-EQ,Equity Price,235.3300018310547
2025-03-07,AAPL-EQ,Equity Price,239.07000732421875
2025-03-10,AAPL-EQ,Equity Price,227.47999572753906
2025-03-11,AAPL-EQ,Equity Price,220.83999633789062
2025-03-12,AAPL-EQ,Equity Price,216.97999572753906
2025-03-13,AAPL-EQ,Equity Price,209.67999267578125
2025-03-14,AAPL-EQ,Equity Price,213.49000549316406
2025-03-17,AAPL-EQ,Equity Price,214.0
2025-03-18,AAPL-EQ,Equity Price,212.69000244140625
2025-03-19,AAPL-EQ,Equity Price,215.24000549316406
2025-03-20,AAPL-EQ,Equity Price,214.10000610351562
2025-03-21,AAPL-EQ,Equity Price,218.27000427246094
2025-03-24,AAPL-EQ,Equity Price,220.72999572753906
2025-03-25,AAPL-EQ,Equity Price,223.75
2025-03-26,AAPL-EQ,Equity Price,221.52999877929688
2025-03-27,AAPL-EQ,Equity Price,223.85000610351562
2025-03-28,AAPL-EQ,Equity Price,217.89999389648438
2025-03-31,AAPL-EQ,Equity Price,222.1300048828125
2025-04-01,AAPL-EQ,Equity Price,223.19000244140625
2025-04-02,AAPL-EQ,Equity Price,223.88999938964844
2025-04-03,AAPL-EQ,Equity Price,203.19000244140625
2025-04-04,AAPL-EQ,Equity Price,188.3800048828125
2025-04-07,AAPL-EQ,Equity Price,181.4600067138672
2025-04-08,AAPL-EQ,Equity Price,172.4199981689453
2025-04-09,AAPL-EQ,Equity Price,198.85000610351562
2025-04-10,AAPL-EQ,Equity Price,190.4199981689453
2025-04-11,AAPL-EQ,Equity Price,198.14999389648438
2025-04-14,AAPL-EQ,Equity Price,202.52000427246094
2025-04-15,AAPL-EQ,Equity Price,202.13999938964844
2025-04-16,AAPL-EQ,Equity Price,194.27000427246094
2025-04-17,AAPL-EQ,Equity Price,196.97999572753906
2025-04-21,AAPL-EQ,Equity Price,193.16000366210938
2025-04-22,AAPL-EQ,Equity Price,199.74000549316406
2025-04-23,AAPL-EQ,Equity Price,204.60000610351562
2025-04-24,AAPL-EQ,Equity Price,208.3699951171875
2025-04-25,AAPL-EQ,Equity Price,209.27999877929688
2025-04-28,AAPL-EQ,Equity Price,210.13999938964844
2025-04-29,AAPL-EQ,Equity Price,211.2100067138672
2025-04-30,AAPL-EQ,Equity Price,212.5
2025-05-01,AAPL-EQ,Equity Price,213.32000732421875
2025-05-02,AAPL-EQ,Equity Price,205.35000610351562
2025-05-05,AAPL-EQ,Equity Price,198.88999938964844
2025-05-06,AAPL-EQ,Equity Price,198.50999450683594
2025-05-07,AAPL-EQ,Equity Price,196.25
2025-05-08,AAPL-EQ,Equity Price,197.49000549316406
2025-05-09,AAPL-EQ,Equity Price,198.52999877929688
2025-05-12,AAPL-EQ,Equity Price,210.7899932861328
2025-05-13,AAPL-EQ,Equity Price,212.92999267578125
2025-05-14,AAPL-EQ,Equity Price,212.3300018310547
2025-05-15,AAPL-EQ,Equity Price,211.4499969482422
2025-05-16,AAPL-EQ,Equity Price,211.25999450683594
2025-05-19,AAPL-EQ,Equity Price,208.77999877929688
2025-05-20,AAPL-EQ,Equity Price,206.86000061035156
2025-05-21,AAPL-EQ,Equity Price,202.08999633789062
2025-05-22,AAPL-EQ,Equity Price,201.36000061035156
2025-05-23,AAPL-EQ,Equity Price,195.27000427246094
2025-05-27,AAPL-EQ,Equity Price,200.2100067138672
2025-05-28,AAPL-EQ,Equity Price,200.4199981689453
2025-05-29,AAPL-EQ,Equity Price,199.9499969482422
2025-05-30,AAPL-EQ,Equity Price,200.85000610351562
2025-06-02,AAPL-EQ,Equity Price,201.6999969482422
2025-06-03,AAPL-EQ,Equity Price,203.27000427246094
2025-06-04,AAPL-EQ,Equity Price,202.82000732421875
2025-06-05,AAPL-EQ,Equity Price,200.6300048828125
2025-06-06,AAPL-EQ,Equity Price,203.9199981689453
2025-06-09,AAPL-EQ,Equity Price,201.4499969482422
2025-06-10,AAPL-EQ,Equity Price,202.6699981689453
2025-06-11,AAPL-EQ,Equity Price,198.77999877929688
2025-06-12,AAPL-EQ,Equity Price,199.1999969482422
2025-06-13,AAPL-EQ,Equity Price,196.4499969482422
2025-06-16,AAPL-EQ,Equity Price,198.4199981689453
2025-06-17,AAPL-EQ,Equity Price,195.63999938964844
2025-06-18,AAPL-EQ,Equity Price,196.5800018310547
2025-06-20,AAPL-EQ,Equity Price,201.0
2025-06-23,AAPL-EQ,Equity Price,201.5
2025-06-24,AAPL-EQ,Equity Price,200.3000030517578
2025-06-25,AAPL-EQ,Equity Price,201.55999755859375
2025-06-26,AAPL-EQ,Equity Price,201.0
2025-06-27,AAPL-EQ,Equity Price,201.0800018310547
2025-06-30,AAPL-EQ,Equity Price,205.1699981689453
2025-07-01,AAPL-EQ,Equity Price,207.82000732421875
2025-07-02,AAPL-EQ,Equity Price,212.44000244140625
2025-07-03,AAPL-EQ,Equity Price,213.5500030517578
2025-07-07,AAPL-EQ,Equity Price,209.9499969482422
2025-07-08,AAPL-EQ,Equity Price,210.00999450683594
2025-07-09,AAPL-EQ,Equity Price,211.13999938964844
2025-07-10,AAPL-EQ,Equity Price,212.41000366210938
2025-07-11,AAPL-EQ,Equity Price,211.16000366210938
2025-07-14,AAPL-EQ,Equity Price,208.6199951171875
2025-07-15,AAPL-EQ,Equity Price,209.11000061035156
2025-07-16,AAPL-EQ,Equity Price,210.16000366210938
2025-07-17,AAPL-EQ,Equity Price,210.02000427246094
2025-07-18,AAPL-EQ,Equity Price,211.17999267578125
2025-07-21,AAPL-EQ,Equity Price,212.47999572753906
2025-07-22,AAPL-EQ,Equity Price,214.39999389648438
2025-07-23,AAPL-EQ,Equity Price,214.14999389648438
2025-07-24,AAPL-EQ,Equity Price,213.75999450683594
2025-07-25,AAPL-EQ,Equity Price,213.8800048828125
2025-07-28,AAPL-EQ,Equity Price,214.0500030517578
2025-07-29,AAPL-EQ,Equity Price,211.27000427246094
2025-07-30,AAPL-EQ,Equity Price,209.0500030517578
2025-07-31,AAPL-EQ,Equity Price,207.57000732421875
2025-08-01,AAPL-EQ,Equity Price,202.3800048828125
2025-08-04,AAPL-EQ,Equity Price,203.35000610351562
2025-08-05,AAPL-EQ,Equity Price,202.9199981689453
2025-08-06,AAPL-EQ,Equity Price,213.25
2025-08-07,AAPL-EQ,Equity Price,220.02999877929688
2025-08-08,AAPL-EQ,Equity Price,229.35000610351562
2025-08-11,AAPL-EQ,Equity Price,227.17999267578125
2025-08-12,AAPL-EQ,Equity Price,229.64999389648438
2025-08-13,AAPL-EQ,Equity Price,233.3300018310547
2025-08-14,AAPL-EQ,Equity Price,232.77999877929688
2025-08-15,AAPL-EQ,Equity Price,231.58999633789062
2025-08-18,AAPL-EQ,Equity Price,230.88999938964844
2025-08-19,AAPL-EQ,Equity Price,230.55999755859375
2025-08-20,AAPL-EQ,Equity Price,226.00999450683594
2025-08-21,AAPL-EQ,Equity Price,224.89999389648438
2025-08-22,AAPL-EQ,Equity Price,227.75999450683594
2025-08-25,AAPL-EQ,Equity Price,227.16000366210938
2025-08-26,AAPL-EQ,Equity Price,229.30999755859375
2025-08-27,AAPL-EQ,Equity Price,230.49000549316406
2025-08-28,AAPL-EQ,Equity Price,232.55999755859375
2025-08-29,AAPL-EQ,Equity Price,232.13999938964844
2025-09-02,AAPL-EQ,Equity Price,229.72000122070312
2025-09-03,AAPL-EQ,Equity Price,238.47000122070312
2025-09-04,AAPL-EQ,Equity Price,239.77999877929688
2025-09-05,AAPL-EQ,Equity Price,239.69000244140625
2025-09-08,AAPL-EQ,Equity Price,237.8800048828125
2025-09-09,AAPL-EQ,Equity Price,234.35000610351562
2025-09-10,AAPL-EQ,Equity Price,226.7899932861328
2025-09-11,AAPL-EQ,Equity Price,230.02999877929688
2025-09-12,AAPL-EQ,Equity Price,234.07000732421875
2025-09-15,AAPL-EQ,Equity Price,236.6999969482422
2025-09-16,AAPL-EQ,Equity Price,238.14999389648438
2025-09-17,AAPL-EQ,Equity Price,238.99000549316406
2025-09-18,AAPL-EQ,Equity Price,237.8800048828125
2025-09-19,AAPL-EQ,Equity Price,245.5
2025-09-22,AAPL-EQ,Equity Price,256.0799865722656
2025-09-23,AAPL-EQ,Equity Price,254.42999267578125
2025-09-24,AAPL-EQ,Equity Price,252.30999755859375
2025-09-25,AAPL-EQ,Equity Price,256.8699951171875
2025-09-26,AAPL-EQ,Equity Price,255.4600067138672
2025-09-29,AAPL-EQ,Equity Price,254.42999267578125
2025-09-30,AAPL-EQ,Equity Price,254.6300048828125
2025-10-01,AAPL-EQ,Equity Price,255.4499969482422
2025-10-02,AAPL-EQ,Equity Price,257.1300048828125
2025-10-03,AAPL-EQ,Equity Price,258.0199890136719
2025-10-06,AAPL-EQ,Equity Price,256.69000244140625
2025-10-07,AAPL-EQ,Equity Price,256.4800109863281
2025-10-08,AAPL-EQ,Equity Price,258.05999755859375
2025-10-09,AAPL-EQ,Equity Price,254.0399932861328
2025-10-10,AAPL-EQ,Equity Price,245.27000427246094
2025-10-13,AAPL-EQ,Equity Price,247.66000366210938
2025-10-14,AAPL-EQ,Equity Price,247.77000427246094
2025-10-15,AAPL-EQ,Equity Price,249.33999633789062
2025-10-16,AAPL-EQ,Equity Price,247.4499969482422
2025-10-17,AAPL-EQ,Equity Price,252.2899932861328
2025-10-20,AAPL-EQ,Equity Price,262.239990234375
2025-10-21,AAPL-EQ,Equity Price,262.7699890136719
2025-10-22,AAPL-EQ,Equity Price,258.45001220703125
2025-10-23,AAPL-EQ,Equity Price,259.5799865722656
2025-10-24,AAPL-EQ,Equity Price,262.82000732421875
2025-10-27,AAPL-EQ,Equity Price,268.80999755859375
2025-10-28,AAPL-EQ,Equity Price,269.0
2025-10-29,AAPL-EQ,Equity Price,269.70001220703125
2025-10-30,AAPL-EQ,Equity Price,271.3999938964844
2025-10-31,AAPL-EQ,Equity Price,270.3699951171875
2025-11-03,AAPL-EQ,Equity Price,269.04998779296875
2025-11-04,AAPL-EQ,Equity Price,270.0400085449219
2025-11-05,AAPL-EQ,Equity Price,270.1400146484375
2025-11-06,AAPL-EQ,Equity Price,269.7699890136719
2025-11-07,AAPL-EQ,Equity Price,268.4700012207031
2025-11-10,AAPL-EQ,Equity Price,269.42999267578125
2025-11-11,AAPL-EQ,Equity Price,275.25
2025-11-12,AAPL-EQ,Equity Price,273.4700012207031
2025-11-13,AAPL-EQ,Equity Price,272.95001220703125
2025-11-14,AAPL-EQ,Equity Price,272.4100036621094
2025-11-17,AAPL-EQ,Equity Price,267.4599914550781
2025-11-18,AAPL-EQ,Equity Price,267.44000244140625
2025-11-19,AAPL-EQ,Equity Price,268.55999755859375
2025-11-20,AAPL-EQ,Equity Price,266.25
2025-11-21,AAPL-EQ,Equity Price,271.489990234375
2025-11-24,AAPL-EQ,Equity Price,275.9200134277344
2025-11-25,AAPL-EQ,Equity Price,276.9700012207031
2025-11-26,AAPL-EQ,Equity Price,277.54998779296875
2025-11-28,AAPL-EQ,Equity Price,278.8500061035156
2025-12-01,AAPL-EQ,Equity Price,283.1000061035156
2025-12-02,AAPL-EQ,Equity Price,286.19000244140625
2025-12-03,AAPL-EQ,Equity Price,284.1499938964844
2025-12-04,AAPL-EQ,Equity Price,280.70001220703125
2025-12-05,AAPL-EQ,Equity Price,278.7799987792969
2025-12-08,AAPL-EQ,Equity Price,277.8900146484375
2025-12-09,AAPL-EQ,Equity Price,277.17999267578125
2025-12-10,AAPL-EQ,Equity Price,278.7799987792969
2025-12-11,AAPL-EQ,Equity Price,278.0299987792969
2025-12-12,AAPL-EQ,Equity Price,278.2799987792969
2025-12-15,AAPL-EQ,Equity Price,274.1099853515625
2025-12-16,AAPL-EQ,Equity Price,274.6099853515625
2025-12-17,AAPL-EQ,Equity Price,271.8399963378906
2025-12-18,AAPL-EQ,Equity Price,272.19000244140625
2025-12-19,AAPL-EQ,Equity Price,273.6700134277344
2025-12-22,AAPL-EQ,Equity Price,270.9700012207031
2025-12-23,AAPL-EQ,Equity Price,272.3599853515625
2025-12-24,AAPL-EQ,Equity Price,273.80999755859375
2025-12-26,AAPL-EQ,Equity Price,273.3999938964844
2025-12-29,AAPL-EQ,Equity Price,273.760009765625
2025-12-30,AAPL-EQ,Equity Price,273.0799865722656
2025-12-31,AAPL-EQ,Equity Price,271.8599853515625
2026-01-02,AAPL-EQ,Equity Price,271.010009765625
2026-01-05,AAPL-EQ,Equity Price,267.260009765625
2026-01-06,AAPL-EQ,Equity Price,262.3599853515625
2026-01-07,AAPL-EQ,Equity Price,260.3299865722656
2026-01-08,AAPL-EQ,Equity Price,259.0400085449219
2026-01-09,AAPL-EQ,Equity Price,259.3699951171875
2026-01-12,AAPL-EQ,Equity Price,260.25
2026-01-13,AAPL-EQ,Equity Price,261.04998779296875
2026-01-14,AAPL-EQ,Equity Price,259.9599914550781
2026-01-15,AAPL-EQ,Equity Price,258.2099914550781
2026-01-16,AAPL-EQ,Equity Price,255.52999877929688
2026-01-20,AAPL-EQ,Equity Price,246.6999969482422
2026-01-21,AAPL-EQ,Equity Price,247.64999389648438
2026-01-22,AAPL-EQ,Equity Price,248.35000610351562
2026-01-23,AAPL-EQ,Equity Price,248.0399932861328
2026-01-26,AAPL-EQ,Equity Price,255.41000366210938
2026-01-27,AAPL-EQ,Equity Price,258.2699890136719
2026-01-28,AAPL-EQ,Equity Price,256.44000244140625
2026-01-29,AAPL-EQ,Equity Price,258.2799987792969
2026-01-30,AAPL-EQ,Equity Price,259.4800109863281
2026-02-02,AAPL-EQ,Equity Price,270.010009765625
2026-02-03,AAPL-EQ,Equity Price,269.4800109863281
2026-02-04,AAPL-EQ,Equity Price,276.489990234375
2026-02-05,AAPL-EQ,Equity Price,275.9100036621094
2026-02-06,AAPL-EQ,Equity Price,278.1199951171875
2026-02-09,AAPL-EQ,Equity Price,274.6199951171875
2026-02-10,AAPL-EQ,Equity Price,273.67999267578125
2026-02-11,AAPL-EQ,Equity Price,275.5
2026-02-12,AAPL-EQ,Equity Price,261.7300109863281
2026-02-13,AAPL-EQ,Equity Price,255.77999877929688
2026-02-17,AAPL-EQ,Equity Price,263.8800048828125
2026-02-18,AAPL-EQ,Equity Price,264.3500061035156
2026-02-19,AAPL-EQ,Equity Price,260.5799865722656
2026-02-20,AAPL-EQ,Equity Price,264.5799865722656
2026-02-23,AAPL-EQ,Equity Price,266.17999267578125
2026-02-24,AAPL-EQ,Equity Price,272.1400146484375
2026-02-25,AAPL-EQ,Equity Price,274.2300109863281
2026-02-26,AAPL-EQ,Equity Price,272.95001220703125
2026-02-27,AAPL-EQ,Equity Price,264.17999267578125
2026-03-02,AAPL-EQ,Equity Price,264.7200012207031
2026-03-03,AAPL-EQ,Equity Price,263.75
2026-03-04,AAPL-EQ,Equity Price,262.5199890136719
2026-03-05,AAPL-EQ,Equity Price,260.2900085449219
2026-03-06,AAPL-EQ,Equity Price,257.4599914550781
2026-03-09,AAPL-EQ,Equity Price,259.8800048828125
2026-03-10,AAPL-EQ,Equity Price,260.8299865722656
2026-03-11,AAPL-EQ,Equity Price,260.80999755859375
2026-03-12,AAPL-EQ,Equity Price,255.75999450683594
2026-03-13,AAPL-EQ,Equity Price,250.1199951171875
2026-03-16,AAPL-EQ,Equity Price,252.82000732421875
2026-03-17,AAPL-EQ,Equity Price,254.22999572753906
2026-03-18,AAPL-EQ,Equity Price,249.94000244140625
2026-03-19,AAPL-EQ,Equity Price,248.9600067138672
2026-03-20,AAPL-EQ,Equity Price,247.99000549316406
2026-03-23,AAPL-EQ,Equity Price,251.49000549316406
2026-03-24,AAPL-EQ,Equity Price,251.63999938964844
2026-03-25,AAPL-EQ,Equity Price,252.6199951171875
2026-03-26,AAPL-EQ,Equity Price,252.88999938964844
2026-03-27,AAPL-EQ,Equity Price,248.8000030517578
2026-03-30,AAPL-EQ,Equity Price,246.6300048828125
2026-03-31,AAPL-EQ,Equity Price,253.7899932861328
2026-04-01,AAPL-EQ,Equity Price,255.6300048828125
2026-04-02,AAPL-EQ,Equity Price,255.9199981689453
2026-04-06,AAPL-EQ,Equity Price,258.8599853515625
2026-04-07,AAPL-EQ,Equity Price,253.5
2026-04-08,AAPL-EQ,Equity Price,258.8999938964844
2026-04-09,AAPL-EQ,Equity Price,260.489990234375
2026-04-10,AAPL-EQ,Equity Price,260.4800109863281
2026-04-13,AAPL-EQ,Equity Price,259.20001220703125
2026-04-14,AAPL-EQ,Equity Price,258.8299865722656
2026-04-15,AAPL-EQ,Equity Price,266.42999267578125
2026-04-16,AAPL-EQ,Equity Price,263.3999938964844
2026-04-17,AAPL-EQ,Equity Price,270.2300109863281
2026-04-20,AAPL-EQ,Equity Price,273.04998779296875
2026-04-21,AAPL-EQ,Equity Price,266.1700134277344
2026-04-22,AAPL-EQ,Equity Price,273.1700134277344
2026-04-23,AAPL-EQ,Equity Price,273.42999267578125
2026-04-24,AAPL-EQ,Equity Price,271.05999755859375
2026-04-27,AAPL-EQ,Equity Price,267.6099853515625
2026-04-28,AAPL-EQ,Equity Price,270.7099914550781
2026-04-29,AAPL-EQ,Equity Price,270.1700134277344
2026-04-30,AAPL-EQ,Equity Price,271.3500061035156
2026-05-01,AAPL-EQ,Equity Price,280.1400146484375
2026-05-04,AAPL-EQ,Equity Price,276.8299865722656
2026-05-05,AAPL-EQ,Equity Price,284.17999267578125
2026-05-06,AAPL-EQ,Equity Price,287.510009765625
2026-05-07,AAPL-EQ,Equity Price,287.44000244140625
2026-05-08,AAPL-EQ,Equity Price,293.32000732421875
2026-05-11,AAPL-EQ,Equity Price,292.67999267578125
2026-05-12,AAPL-EQ,Equity Price,294.79998779296875
2026-05-13,AAPL-EQ,Equity Price,298.8699951171875
2026-05-14,AAPL-EQ,Equity Price,298.2099914550781
2026-05-15,AAPL-EQ,Equity Price,300.2300109863281
2026-05-18,AAPL-EQ,Equity Price,297.8399963378906
2026-05-19,AAPL-EQ,Equity Price,298.9700012207031
2026-05-20,AAPL-EQ,Equity Price,302.25
2026-05-21,AAPL-EQ,Equity Price,304.989990234375
2026-05-22,AAPL-EQ,Equity Price,308.82000732421875
2026-05-26,AAPL-EQ,Equity Price,308.3299865722656
2026-05-27,AAPL-EQ,Equity Price,310.8500061035156
2026-05-28,AAPL-EQ,Equity Price,312.510009765625
2026-05-29,AAPL-EQ,Equity Price,312.05999755859375
2026-06-01,AAPL-EQ,Equity Price,306.30999755859375
2026-06-02,AAPL-EQ,Equity Price,315.20001220703125
2026-06-03,AAPL-EQ,Equity Price,310.260009765625
2026-06-04,AAPL-EQ,Equity Price,311.2300109863281
2026-06-05,AAPL-EQ,Equity Price,307.3399963378906
2026-06-08,AAPL-EQ,Equity Price,301.5400085449219
2026-06-09,AAPL-EQ,Equity Price,290.54998779296875
2026-06-10,AAPL-EQ,Equity Price,291.5799865722656
2026-06-11,AAPL-EQ,Equity Price,295.6300048828125
2026-06-12,AAPL-EQ,Equity Price,291.1300048828125
2026-06-15,AAPL-EQ,Equity Price,296.4200134277344
2026-06-16,AAPL-EQ,Equity Price,299.239990234375
2026-06-17,AAPL-EQ,Equity Price,295.95001220703125
2026-06-18,AAPL-EQ,Equity Price,298.010009765625
2026-06-22,AAPL-EQ,Equity Price,297.010009765625
2026-06-23,AAPL-EQ,Equity Price,294.29998779296875
2026-06-24,AAPL-EQ,Equity Price,293.0799865722656
2026-06-25,AAPL-EQ,Equity Price,275.1499938964844
2026-06-26,AAPL-EQ,Equity Price,283.7799987792969
2026-06-29,AAPL-EQ,Equity Price,281.739990234375
2026-06-30,AAPL-EQ,Equity Price,289.3599853515625
2026-07-01,AAPL-EQ,Equity Price,294.3800048828125
2026-07-02,AAPL-EQ,Equity Price,308.6300048828125
2026-07-06,AAPL-EQ,Equity Price,312.6600036621094
2026-07-07,AAPL-EQ,Equity Price,310.6600036621094
2026-07-08,AAPL-EQ,Equity Price,313.3900146484375
2026-07-09,AAPL-EQ,Equity Price,316.2200012207031
2026-07-10,AAPL-EQ,Equity Price,315.32000732421875
2026-07-13,AAPL-EQ,Equity Price,317.30999755859375
2026-07-14,AAPL-EQ,Equity Price,314.8599853515625
2026-07-15,AAPL-EQ,Equity Price,327.5
2026-07-16,AAPL-EQ,Equity Price,333.260009765625
2026-07-17,AAPL-EQ,Equity Price,333.739990234375
2026-07-20,AAPL-EQ,Equity Price,326.5899963378906
2026-07-21,AAPL-EQ,Equity Price,327.739990234375
2026-07-22,AAPL-EQ,Equity Price,325.8900146484375
2026-07-23,AAPL-EQ,Equity Price,321.6600036621094
2026-07-24,AAPL-EQ,Equity Price,333.0199890136719
2026-07-27,AAPL-EQ,Equity Price,336.9100036621094
2026-07-28,AAPL-EQ,Equity Price,340.0799865722656
2026-07-29,AAPL-EQ,Equity Price,338.19000244140625
2026-07-30,AAPL-EQ,Equity Price,333.42999267578125
2026-07-31,AAPL-EQ,Equity Price,308.9100036621094
2026-08-03,AAPL-EQ,Equity Price,303.4200134277344
2026-08-04,AAPL-EQ,Equity Price,309.3800048828125
2026-08-05,AAPL-EQ,Equity Price,311.0
2026-08-06,AAPL-EQ,Equity Price,312.4100036621094
2026-08-07,AAPL-EQ,Equity Price,313.3299865722656
2026-08-10,AAPL-EQ,Equity Price,308.260009765625
2026-08-11,AAPL-EQ,Equity Price,304.9100036621094
2026-08-12,AAPL-EQ,Equity Price,302.25
2026-08-13,AAPL-EQ,Equity Price,305.260009765625
2026-08-14,AAPL-EQ,Equity Price,305.92999267578125
2026-08-17,AAPL-EQ,Equity Price,305.5899963378906
2026-08-18,AAPL-EQ,Equity Price,310.0299987792969
2026-08-19,AAPL-EQ,Equity Price,316.8299865722656
2026-08-20,AAPL-EQ,Equity Price,311.29998779296875
2026-08-21,AAPL-EQ,Equity Price,309.3500061035156
2026-08-24,AAPL-EQ,Equity Price,310.3399963378906
2026-08-25,AAPL-EQ,Equity Price,309.8999938964844
2026-08-26,AAPL-EQ,Equity Price,313.45001220703125
2026-08-27,AAPL-EQ,Equity Price,314.5799865722656
2026-08-28,AAPL-EQ,Equity Price,319.70001220703125
2026-08-31,AAPL-EQ,Equity Price,316.8500061035156
2026-09-01,AAPL-EQ,Equity Price,325.1300048828125
2026-09-02,AAPL-EQ,Equity Price,324.9599914550781
2026-09-03,AAPL-EQ,Equity Price,328.2099914550781
2024-10-03,AAPL-VOL,Implied Vol (Realized Proxy),0.23028004099275107
2024-10-04,AAPL-VOL,Implied Vol (Realized Proxy),0.2297606540535358
2024-10-07,AAPL-VOL,Implied Vol (Realized Proxy),0.24275928834269164
2024-10-08,AAPL-VOL,Implied Vol (Realized Proxy),0.25069031007741466
2024-10-09,AAPL-VOL,Implied Vol (Realized Proxy),0.25566304268100193
2024-10-10,AAPL-VOL,Implied Vol (Realized Proxy),0.2536312179604517
2024-10-11,AAPL-VOL,Implied Vol (Realized Proxy),0.2550899250070105
2024-10-14,AAPL-VOL,Implied Vol (Realized Proxy),0.2603583715745227
2024-10-15,AAPL-VOL,Implied Vol (Realized Proxy),0.23783067169095923
2024-10-16,AAPL-VOL,Implied Vol (Realized Proxy),0.24178723867590116
2024-10-17,AAPL-VOL,Implied Vol (Realized Proxy),0.2358642005701446
2024-10-18,AAPL-VOL,Implied Vol (Realized Proxy),0.20478375967939288
2024-10-21,AAPL-VOL,Implied Vol (Realized Proxy),0.2048943872810796
2024-10-22,AAPL-VOL,Implied Vol (Realized Proxy),0.20275789427346616
2024-10-23,AAPL-VOL,Implied Vol (Realized Proxy),0.21861514416074068
2024-10-24,AAPL-VOL,Implied Vol (Realized Proxy),0.21791045128381328
2024-10-25,AAPL-VOL,Implied Vol (Realized Proxy),0.21761981110909476
2024-10-28,AAPL-VOL,Implied Vol (Realized Proxy),0.2192755400103339
2024-10-29,AAPL-VOL,Implied Vol (Realized Proxy),0.20495139519516237
2024-10-30,AAPL-VOL,Implied Vol (Realized Proxy),0.18385178048549214
2024-10-31,AAPL-VOL,Implied Vol (Realized Proxy),0.1953012701391417
2024-11-01,AAPL-VOL,Implied Vol (Realized Proxy),0.20002277060831505
2024-11-04,AAPL-VOL,Implied Vol (Realized Proxy),0.1992948941714658
2024-11-05,AAPL-VOL,Implied Vol (Realized Proxy),0.18422158295513225
2024-11-06,AAPL-VOL,Implied Vol (Realized Proxy),0.17265143909853045
2024-11-07,AAPL-VOL,Implied Vol (Realized Proxy),0.17902468337000102
2024-11-08,AAPL-VOL,Implied Vol (Realized Proxy),0.1790383650532722
2024-11-11,AAPL-VOL,Implied Vol (Realized Proxy),0.18243785252696243
2024-11-12,AAPL-VOL,Implied Vol (Realized Proxy),0.17166400856376976
2024-11-13,AAPL-VOL,Implied Vol (Realized Proxy),0.1669167973699757
2024-11-14,AAPL-VOL,Implied Vol (Realized Proxy),0.1730510974676707
2024-11-15,AAPL-VOL,Implied Vol (Realized Proxy),0.1789282525672512
2024-11-18,AAPL-VOL,Implied Vol (Realized Proxy),0.18005816862445825
2024-11-19,AAPL-VOL,Implied Vol (Realized Proxy),0.17815418861920712
2024-11-20,AAPL-VOL,Implied Vol (Realized Proxy),0.1788897891031455
2024-11-21,AAPL-VOL,Implied Vol (Realized Proxy),0.16279286369224513
2024-11-22,AAPL-VOL,Implied Vol (Realized Proxy),0.1642609347388755
2024-11-25,AAPL-VOL,Implied Vol (Realized Proxy),0.17004487472566177
2024-11-26,AAPL-VOL,Implied Vol (Realized Proxy),0.17055505103295915
2024-11-27,AAPL-VOL,Implied Vol (Realized Proxy),0.17055445903099764
2024-11-29,AAPL-VOL,Implied Vol (Realized Proxy),0.16385044625259645
2024-12-02,AAPL-VOL,Implied Vol (Realized Proxy),0.1490763283224773
2024-12-03,AAPL-VOL,Implied Vol (Realized Proxy),0.1405534181028817
2024-12-04,AAPL-VOL,Implied Vol (Realized Proxy),0.13782411549932908
2024-12-05,AAPL-VOL,Implied Vol (Realized Proxy),0.13832094052934704
2024-12-06,AAPL-VOL,Implied Vol (Realized Proxy),0.1369515552593489
2024-12-09,AAPL-VOL,Implied Vol (Realized Proxy),0.12983340169549318
2024-12-10,AAPL-VOL,Implied Vol (Realized Proxy),0.12788525531455566
2024-12-11,AAPL-VOL,Implied Vol (Realized Proxy),0.11870119345627854
2024-12-12,AAPL-VOL,Implied Vol (Realized Proxy),0.1176388215460882
2024-12-13,AAPL-VOL,Implied Vol (Realized Proxy),0.11847407635730607
2024-12-16,AAPL-VOL,Implied Vol (Realized Proxy),0.11672750393774486
2024-12-17,AAPL-VOL,Implied Vol (Realized Proxy),0.09584661642825539
2024-12-18,AAPL-VOL,Implied Vol (Realized Proxy),0.13086090653871701
2024-12-19,AAPL-VOL,Implied Vol (Realized Proxy),0.1308136919058332
2024-12-20,AAPL-VOL,Implied Vol (Realized Proxy),0.13981274048081185
2024-12-23,AAPL-VOL,Implied Vol (Realized Proxy),0.1376257669927051
2024-12-24,AAPL-VOL,Implied Vol (Realized Proxy),0.13925858533941346
2024-12-26,AAPL-VOL,Implied Vol (Realized Proxy),0.13678375013786925
2024-12-27,AAPL-VOL,Implied Vol (Realized Proxy),0.14977934570766194
2024-12-30,AAPL-VOL,Implied Vol (Realized Proxy),0.16082315756634538
2024-12-31,AAPL-VOL,Implied Vol (Realized Proxy),0.1627394980685128
2025-01-02,AAPL-VOL,Implied Vol (Realized Proxy),0.18921268298004024
2025-01-03,AAPL-VOL,Implied Vol (Realized Proxy),0.18440257653261238
2025-01-06,AAPL-VOL,Implied Vol (Realized Proxy),0.18576924769384753
2025-01-07,AAPL-VOL,Implied Vol (Realized Proxy),0.19025163463891337
2025-01-08,AAPL-VOL,Implied Vol (Realized Proxy),0.1903823224785799
2025-01-10,AAPL-VOL,Implied Vol (Realized Proxy),0.19881101433156848
2025-01-13,AAPL-VOL,Implied Vol (Realized Proxy),0.19958329623782764
2025-01-14,AAPL-VOL,Implied Vol (Realized Proxy),0.19952538937068268
2025-01-15,AAPL-VOL,Implied Vol (Realized Proxy),0.21197529185167518
2025-01-16,AAPL-VOL,Implied Vol (Realized Proxy),0.25141846609128116
2025-01-17,AAPL-VOL,Implied Vol (Realized Proxy),0.24856023695792265
2025-01-21,AAPL-VOL,Implied Vol (Realized Proxy),0.26147373099426413
2025-01-22,AAPL-VOL,Implied Vol (Realized Proxy),0.2580352130076423
2025-01-23,AAPL-VOL,Implied Vol (Realized Proxy),0.25491611593706487
2025-01-24,AAPL-VOL,Implied Vol (Realized Proxy),0.2397901730887167
2025-01-27,AAPL-VOL,Implied Vol (Realized Proxy),0.2715575792179107
2025-01-28,AAPL-VOL,Implied Vol (Realized Proxy),0.3017526920177854
2025-01-29,AAPL-VOL,Implied Vol (Realized Proxy),0.3022127762617434
2025-01-30,AAPL-VOL,Implied Vol (Realized Proxy),0.3005433607150272
2025-01-31,AAPL-VOL,Implied Vol (Realized Proxy),0.29866922642971205
2025-02-03,AAPL-VOL,Implied Vol (Realized Proxy),0.31763098750465957
2025-02-04,AAPL-VOL,Implied Vol (Realized Proxy),0.31845366946732884
2025-02-05,AAPL-VOL,Implied Vol (Realized Proxy),0.3184649100249926
2025-02-06,AAPL-VOL,Implied Vol (Realized Proxy),0.31746320685256585
2025-02-07,AAPL-VOL,Implied Vol (Realized Proxy),0.3251007296218031
2025-02-10,AAPL-VOL,Implied Vol (Realized Proxy),0.324796640686191
2025-02-11,AAPL-VOL,Implied Vol (Realized Proxy),0.32578044085454266
2025-02-12,AAPL-VOL,Implied Vol (Realized Proxy),0.33019660701153264
2025-02-13,AAPL-VOL,Implied Vol (Realized Proxy),0.33595296235484473
2025-02-14,AAPL-VOL,Implied Vol (Realized Proxy),0.332187373120507
2025-02-18,AAPL-VOL,Implied Vol (Realized Proxy),0.2942221045118821
2025-02-19,AAPL-VOL,Implied Vol (Realized Proxy),0.29385881831234784
2025-02-20,AAPL-VOL,Implied Vol (Realized Proxy),0.2641215010076304
2025-02-21,AAPL-VOL,Implied Vol (Realized Proxy),0.2648824190206117
2025-02-24,AAPL-VOL,Implied Vol (Realized Proxy),0.2642739493323998
2025-02-25,AAPL-VOL,Implied Vol (Realized Proxy),0.26304937724613187
2025-02-26,AAPL-VOL,Implied Vol (Realized Proxy),0.2674768718789184
2025-02-27,AAPL-VOL,Implied Vol (Realized Proxy),0.24200792497923304
2025-02-28,AAPL-VOL,Implied Vol (Realized Proxy),0.25054296312399704
2025-03-03,AAPL-VOL,Implied Vol (Realized Proxy),0.2555711119821885
2025-03-04,AAPL-VOL,Implied Vol (Realized Proxy),0.25639802979253
2025-03-05,AAPL-VOL,Implied Vol (Realized Proxy),0.223906632836336
2025-03-06,AAPL-VOL,Implied Vol (Realized Proxy),0.21289206611359704
2025-03-07,AAPL-VOL,Implied Vol (Realized Proxy),0.21915777309132856
2025-03-10,AAPL-VOL,Implied Vol (Realized Proxy),0.2812700067208591
2025-03-11,AAPL-VOL,Implied Vol (Realized Proxy),0.28736123206886716
2025-03-12,AAPL-VOL,Implied Vol (Realized Proxy),0.29268024944076243
2025-03-13,AAPL-VOL,Implied Vol (Realized Proxy),0.2990932761252915
2025-03-14,AAPL-VOL,Implied Vol (Realized Proxy),0.2989985352856778
2025-03-17,AAPL-VOL,Implied Vol (Realized Proxy),0.2870227561147744
2025-03-18,AAPL-VOL,Implied Vol (Realized Proxy),0.2791230852357595
2025-03-19,AAPL-VOL,Implied Vol (Realized Proxy),0.28581673165363414
2025-03-20,AAPL-VOL,Implied Vol (Realized Proxy),0.2844690337194332
2025-03-21,AAPL-VOL,Implied Vol (Realized Proxy),0.29623305217541857
2025-03-24,AAPL-VOL,Implied Vol (Realized Proxy),0.3016464694151455
2025-03-25,AAPL-VOL,Implied Vol (Realized Proxy),0.3061364897499071
2025-03-26,AAPL-VOL,Implied Vol (Realized Proxy),0.3061960015918128
2025-03-27,AAPL-VOL,Implied Vol (Realized Proxy),0.2995740552994829
2025-03-28,AAPL-VOL,Implied Vol (Realized Proxy),0.3090220622272137
2025-03-31,AAPL-VOL,Implied Vol (Realized Proxy),0.3092818785260041
2025-04-01,AAPL-VOL,Implied Vol (Realized Proxy),0.30759327241468215
2025-04-02,AAPL-VOL,Implied Vol (Realized Proxy),0.3075513936698886
2025-04-03,AAPL-VOL,Implied Vol (Realized Proxy),0.4489597728295975
2025-04-04,AAPL-VOL,Implied Vol (Realized Proxy),0.5071776827800829
2025-04-07,AAPL-VOL,Implied Vol (Realized Proxy),0.5058095181871277
2025-04-08,AAPL-VOL,Implied Vol (Realized Proxy),0.507113639085439
2025-04-09,AAPL-VOL,Implied Vol (Realized Proxy),0.7361161176914638
2025-04-10,AAPL-VOL,Implied Vol (Realized Proxy),0.74697016297034
2025-04-11,AAPL-VOL,Implied Vol (Realized Proxy),0.7559555212861996
2025-04-14,AAPL-VOL,Implied Vol (Realized Proxy),0.7573826993317219
2025-04-15,AAPL-VOL,Implied Vol (Realized Proxy),0.7571792591953495
2025-04-16,AAPL-VOL,Implied Vol (Realized Proxy),0.7679469721060725
2025-04-17,AAPL-VOL,Implied Vol (Realized Proxy),0.768491425352368
2025-04-21,AAPL-VOL,Implied Vol (Realized Proxy),0.7703345439144685
2025-04-22,AAPL-VOL,Implied Vol (Realized Proxy),0.7774953797949484
2025-04-23,AAPL-VOL,Implied Vol (Realized Proxy),0.7819628108922679
2025-04-24,AAPL-VOL,Implied Vol (Realized Proxy),0.7834230248243417
2025-04-25,AAPL-VOL,Implied Vol (Realized Proxy),0.7834790645373568
2025-04-28,AAPL-VOL,Implied Vol (Realized Proxy),0.7824503691606939
2025-04-29,AAPL-VOL,Implied Vol (Realized Proxy),0.7779603223188094
2025-04-30,AAPL-VOL,Implied Vol (Realized Proxy),0.7748783905720442
2025-05-01,AAPL-VOL,Implied Vol (Realized Proxy),0.7747832028402593
2025-05-02,AAPL-VOL,Implied Vol (Realized Proxy),0.7843332389255792
2025-05-05,AAPL-VOL,Implied Vol (Realized Proxy),0.7167108755103692
2025-05-06,AAPL-VOL,Implied Vol (Realized Proxy),0.6634624397963617
2025-05-07,AAPL-VOL,Implied Vol (Realized Proxy),0.6497291441123852
2025-05-08,AAPL-VOL,Implied Vol (Realized Proxy),0.6183608405336757
2025-05-09,AAPL-VOL,Implied Vol (Realized Proxy),0.37080055709433274
2025-05-12,AAPL-VOL,Implied Vol (Realized Proxy),0.3910188684399575
2025-05-13,AAPL-VOL,Implied Vol (Realized Proxy),0.37057038733376363
2025-05-14,AAPL-VOL,Implied Vol (Realized Proxy),0.3649512452544277
2025-05-15,AAPL-VOL,Implied Vol (Realized Proxy),0.3653605444197902
2025-05-16,AAPL-VOL,Implied Vol (Realized Proxy),0.33260663987762207
2025-05-19,AAPL-VOL,Implied Vol (Realized Proxy),0.33489211488052173
2025-05-20,AAPL-VOL,Implied Vol (Realized Proxy),0.32803908334815046
2025-05-21,AAPL-VOL,Implied Vol (Realized Proxy),0.3210357650382127
2025-05-22,AAPL-VOL,Implied Vol (Realized Proxy),0.3096387494459888
2025-05-23,AAPL-VOL,Implied Vol (Realized Proxy),0.3180924975099676
2025-05-27,AAPL-VOL,Implied Vol (Realized Proxy),0.3319037866583789
2025-05-28,AAPL-VOL,Implied Vol (Realized Proxy),0.3313520485708601
2025-05-29,AAPL-VOL,Implied Vol (Realized Proxy),0.33027782963165475
2025-05-30,AAPL-VOL,Implied Vol (Realized Proxy),0.3297936168180485
2025-06-02,AAPL-VOL,Implied Vol (Realized Proxy),0.32988891546881133
2025-06-03,AAPL-VOL,Implied Vol (Realized Proxy),0.30518141162528256
2025-06-04,AAPL-VOL,Implied Vol (Realized Proxy),0.28311957044472924
2025-06-05,AAPL-VOL,Implied Vol (Realized Proxy),0.2859330260192677
2025-06-06,AAPL-VOL,Implied Vol (Realized Proxy),0.28744572848200495
2025-06-09,AAPL-VOL,Implied Vol (Realized Proxy),0.2909326960413137
2025-06-10,AAPL-VOL,Implied Vol (Realized Proxy),0.2910919140106167
2025-06-11,AAPL-VOL,Implied Vol (Realized Proxy),0.20595004950765677
2025-06-12,AAPL-VOL,Implied Vol (Realized Proxy),0.20145754615224998
2025-06-13,AAPL-VOL,Implied Vol (Realized Proxy),0.20484114468168202
2025-06-16,AAPL-VOL,Implied Vol (Realized Proxy),0.21022699590057217
2025-06-17,AAPL-VOL,Implied Vol (Realized Proxy),0.2134963183000975
2025-06-18,AAPL-VOL,Implied Vol (Realized Proxy),0.21325600137931697
2025-06-20,AAPL-VOL,Implied Vol (Realized Proxy),0.22871820451319044
2025-06-23,AAPL-VOL,Implied Vol (Realized Proxy),0.21452888861664599
2025-06-24,AAPL-VOL,Implied Vol (Realized Proxy),0.21516412360621892
2025-06-25,AAPL-VOL,Implied Vol (Realized Proxy),0.1852585588598707
2025-06-26,AAPL-VOL,Implied Vol (Realized Proxy),0.16476456461871014
2025-06-27,AAPL-VOL,Implied Vol (Realized Proxy),0.16473715413556128
2025-06-30,AAPL-VOL,Implied Vol (Realized Proxy),0.17828532286410073
2025-07-01,AAPL-VOL,Implied Vol (Realized Proxy),0.1825019342358042
2025-07-02,AAPL-VOL,Implied Vol (Realized Proxy),0.19559404769955338
2025-07-03,AAPL-VOL,Implied Vol (Realized Proxy),0.1949258988887218
2025-07-07,AAPL-VOL,Implied Vol (Realized Proxy),0.20571943571625773
2025-07-08,AAPL-VOL,Implied Vol (Realized Proxy),0.20074856603656857
2025-07-09,AAPL-VOL,Implied Vol (Realized Proxy),0.19456542188732773
2025-07-10,AAPL-VOL,Implied Vol (Realized Proxy),0.18836136152268412
2025-07-11,AAPL-VOL,Implied Vol (Realized Proxy),0.1900871471224896
2025-07-14,AAPL-VOL,Implied Vol (Realized Proxy),0.18126134458469
2025-07-15,AAPL-VOL,Implied Vol (Realized Proxy),0.18126006817468615
2025-07-16,AAPL-VOL,Implied Vol (Realized Proxy),0.1715228618617836
2025-07-17,AAPL-VOL,Implied Vol (Realized Proxy),0.1701908711118917
2025-07-18,AAPL-VOL,Implied Vol (Realized Proxy),0.1589662391122956
2025-07-21,AAPL-VOL,Implied Vol (Realized Proxy),0.15915714147040863
2025-07-22,AAPL-VOL,Implied Vol (Realized Proxy),0.14577902278688534
2025-07-23,AAPL-VOL,Implied Vol (Realized Proxy),0.14651168217605556
2025-07-24,AAPL-VOL,Implied Vol (Realized Proxy),0.14402922023721706
2025-07-25,AAPL-VOL,Implied Vol (Realized Proxy),0.14380179261405943
2025-07-28,AAPL-VOL,Implied Vol (Realized Proxy),0.1425730151503066
2025-07-29,AAPL-VOL,Implied Vol (Realized Proxy),0.1529258458416211
2025-07-30,AAPL-VOL,Implied Vol (Realized Proxy),0.14470369783851136
2025-07-31,AAPL-VOL,Implied Vol (Realized Proxy),0.14039129691383523
2025-08-01,AAPL-VOL,Implied Vol (Realized Proxy),0.1424290671240456
2025-08-04,AAPL-VOL,Implied Vol (Realized Proxy),0.14215053793215626
2025-08-05,AAPL-VOL,Implied Vol (Realized Proxy),0.1317664755614999
2025-08-06,AAPL-VOL,Implied Vol (Realized Proxy),0.22131756412195056
2025-08-07,AAPL-VOL,Implied Vol (Realized Proxy),0.24511582903220377
2025-08-08,AAPL-VOL,Implied Vol (Realized Proxy),0.2807163200401647
2025-08-11,AAPL-VOL,Implied Vol (Realized Proxy),0.28253413691159807
2025-08-12,AAPL-VOL,Implied Vol (Realized Proxy),0.27771873412930925
2025-08-13,AAPL-VOL,Implied Vol (Realized Proxy),0.28030469679419295
2025-08-14,AAPL-VOL,Implied Vol (Realized Proxy),0.2815338195019971
2025-08-15,AAPL-VOL,Implied Vol (Realized Proxy),0.28305779140192433
2025-08-18,AAPL-VOL,Implied Vol (Realized Proxy),0.2842754637294438
2025-08-19,AAPL-VOL,Implied Vol (Realized Proxy),0.284850283454695
2025-08-20,AAPL-VOL,Implied Vol (Realized Proxy),0.29573387054054795
2025-08-21,AAPL-VOL,Implied Vol (Realized Proxy),0.2966075808083583
2025-08-22,AAPL-VOL,Implied Vol (Realized Proxy),0.2982799126093137
2025-08-25,AAPL-VOL,Implied Vol (Realized Proxy),0.29881766788364517
2025-08-26,AAPL-VOL,Implied Vol (Realized Proxy),0.299556329628001
2025-08-27,AAPL-VOL,Implied Vol (Realized Proxy),0.2936142625578975
2025-08-28,AAPL-VOL,Implied Vol (Realized Proxy),0.28904048166048957
2025-08-29,AAPL-VOL,Implied Vol (Realized Proxy),0.2868017626564422
2025-09-02,AAPL-VOL,Implied Vol (Realized Proxy),0.270989742047456
2025-09-03,AAPL-VOL,Implied Vol (Realized Proxy),0.2918222697831842
2025-09-04,AAPL-VOL,Implied Vol (Realized Proxy),0.2898194011373109
2025-09-05,AAPL-VOL,Implied Vol (Realized Proxy),0.24789296873857894
2025-09-08,AAPL-VOL,Implied Vol (Realized Proxy),0.2331907285419956
2025-09-09,AAPL-VOL,Implied Vol (Realized Proxy),0.19718216829008084
2025-09-10,AAPL-VOL,Implied Vol (Realized Proxy),0.227085364183197
2025-09-11,AAPL-VOL,Implied Vol (Realized Proxy),0.22941203424501522
2025-09-12,AAPL-VOL,Implied Vol (Realized Proxy),0.23078244445885016
2025-09-15,AAPL-VOL,Implied Vol (Realized Proxy),0.23367082421002855
2025-09-16,AAPL-VOL,Implied Vol (Realized Proxy),0.23332431031749043
2025-09-17,AAPL-VOL,Implied Vol (Realized Proxy),0.2328857442847499
2025-09-18,AAPL-VOL,Implied Vol (Realized Proxy),0.23368840048770842
2025-09-19,AAPL-VOL,Implied Vol (Realized Proxy),0.24209909357645865
2025-09-22,AAPL-VOL,Implied Vol (Realized Proxy),0.27336567254965227
2025-09-23,AAPL-VOL,Implied Vol (Realized Proxy),0.2756814727117597
2025-09-24,AAPL-VOL,Implied Vol (Realized Proxy),0.2784535378986798
2025-09-25,AAPL-VOL,Implied Vol (Realized Proxy),0.2816867758990721
2025-09-26,AAPL-VOL,Implied Vol (Realized Proxy),0.2842147751819624
2025-09-29,AAPL-VOL,Implied Vol (Realized Proxy),0.28544286721083756
2025-09-30,AAPL-VOL,Implied Vol (Realized Proxy),0.28488681502647084
2025-10-01,AAPL-VOL,Implied Vol (Realized Proxy),0.27977648024374535
2025-10-02,AAPL-VOL,Implied Vol (Realized Proxy),0.25409784526879686
2025-10-03,AAPL-VOL,Implied Vol (Realized Proxy),0.2540047924124048
2025-10-06,AAPL-VOL,Implied Vol (Realized Proxy),0.2554623816886396
2025-10-07,AAPL-VOL,Implied Vol (Realized Proxy),0.25290725567364253
2025-10-08,AAPL-VOL,Implied Vol (Realized Proxy),0.24382072261904125
2025-10-09,AAPL-VOL,Implied Vol (Realized Proxy),0.2164583830455675
2025-10-10,AAPL-VOL,Implied Vol (Realized Proxy),0.25519851081379086
2025-10-13,AAPL-VOL,Implied Vol (Realized Proxy),0.2510972167890489
2025-10-14,AAPL-VOL,Implied Vol (Realized Proxy),0.2492726335291741
2025-10-15,AAPL-VOL,Implied Vol (Realized Proxy),0.2493152687755028
2025-10-16,AAPL-VOL,Implied Vol (Realized Proxy),0.2515358918314743
2025-10-17,AAPL-VOL,Implied Vol (Realized Proxy),0.25763489768855424
2025-10-20,AAPL-VOL,Implied Vol (Realized Proxy),0.2686373913788346
2025-10-21,AAPL-VOL,Implied Vol (Realized Proxy),0.22803072234688213
2025-10-22,AAPL-VOL,Implied Vol (Realized Proxy),0.23491587808730932
2025-10-23,AAPL-VOL,Implied Vol (Realized Proxy),0.23282276346734765
2025-10-24,AAPL-VOL,Implied Vol (Realized Proxy),0.2286314666931838
2025-10-27,AAPL-VOL,Implied Vol (Realized Proxy),0.23884556203235385
2025-10-28,AAPL-VOL,Implied Vol (Realized Proxy),0.2377901496350478
2025-10-29,AAPL-VOL,Implied Vol (Realized Proxy),0.2376938170058138
2025-10-30,AAPL-VOL,Implied Vol (Realized Proxy),0.23800885529121713
2025-10-31,AAPL-VOL,Implied Vol (Realized Proxy),0.23869936316689228
2025-11-03,AAPL-VOL,Implied Vol (Realized Proxy),0.23997917354099785
2025-11-04,AAPL-VOL,Implied Vol (Realized Proxy),0.23860527865471567
2025-11-05,AAPL-VOL,Implied Vol (Realized Proxy),0.2384378298002416
2025-11-06,AAPL-VOL,Implied Vol (Realized Proxy),0.23840080463725263
2025-11-07,AAPL-VOL,Implied Vol (Realized Proxy),0.23102656282353734
2025-11-10,AAPL-VOL,Implied Vol (Realized Proxy),0.18578926203894747
2025-11-11,AAPL-VOL,Implied Vol (Realized Proxy),0.19413832654288912
2025-11-12,AAPL-VOL,Implied Vol (Realized Proxy),0.19765459014087297
2025-11-13,AAPL-VOL,Implied Vol (Realized Proxy),0.1988546784501517
2025-11-14,AAPL-VOL,Implied Vol (Realized Proxy),0.19553273559435524
2025-11-17,AAPL-VOL,Implied Vol (Realized Proxy),0.2030712982217829
2025-11-18,AAPL-VOL,Implied Vol (Realized Proxy),0.1555639190579092
2025-11-19,AAPL-VOL,Implied Vol (Realized Proxy),0.15593309825037968
2025-11-20,AAPL-VOL,Implied Vol (Realized Proxy),0.14679114507534394
2025-11-21,AAPL-VOL,Implied Vol (Realized Proxy),0.15942655343227233
2025-11-24,AAPL-VOL,Implied Vol (Realized Proxy),0.1629933500610417
2025-11-25,AAPL-VOL,Implied Vol (Realized Proxy),0.14571483100162166
2025-11-26,AAPL-VOL,Implied Vol (Realized Proxy),0.14570790885461016
2025-11-28,AAPL-VOL,Implied Vol (Realized Proxy),0.1460834533175808
2025-12-01,AAPL-VOL,Implied Vol (Realized Proxy),0.15272477449876531
2025-12-02,AAPL-VOL,Implied Vol (Realized Proxy),0.15413059781377472
2025-12-03,AAPL-VOL,Implied Vol (Realized Proxy),0.15572527418622736
2025-12-04,AAPL-VOL,Implied Vol (Realized Proxy),0.16386046668718532
2025-12-05,AAPL-VOL,Implied Vol (Realized Proxy),0.16657365510496824
2025-12-08,AAPL-VOL,Implied Vol (Realized Proxy),0.16708964192834067
2025-12-09,AAPL-VOL,Implied Vol (Realized Proxy),0.16620303552771798
2025-12-10,AAPL-VOL,Implied Vol (Realized Proxy),0.1667144664200386
2025-12-11,AAPL-VOL,Implied Vol (Realized Proxy),0.15089091082843278
2025-12-12,AAPL-VOL,Implied Vol (Realized Proxy),0.14874834864747352
2025-12-15,AAPL-VOL,Implied Vol (Realized Proxy),0.1585066180941818
2025-12-16,AAPL-VOL,Implied Vol (Realized Proxy),0.1583942890977323
2025-12-17,AAPL-VOL,Implied Vol (Realized Proxy),0.14841505332526295
2025-12-18,AAPL-VOL,Implied Vol (Realized Proxy),0.14839194239697648
2025-12-19,AAPL-VOL,Implied Vol (Realized Proxy),0.14880665862830667
2025-12-22,AAPL-VOL,Implied Vol (Realized Proxy),0.1498989005823644
2025-12-23,AAPL-VOL,Implied Vol (Realized Proxy),0.13488013459224618
2025-12-24,AAPL-VOL,Implied Vol (Realized Proxy),0.1233602250547334
2025-12-26,AAPL-VOL,Implied Vol (Realized Proxy),0.1224689484825943
2025-12-29,AAPL-VOL,Implied Vol (Realized Proxy),0.12228199670233919
2025-12-30,AAPL-VOL,Implied Vol (Realized Proxy),0.12085855328982256
2025-12-31,AAPL-VOL,Implied Vol (Realized Proxy),0.10608504863406024
2026-01-02,AAPL-VOL,Implied Vol (Realized Proxy),0.09536951517300538
2026-01-05,AAPL-VOL,Implied Vol (Realized Proxy),0.10210690592814113
2026-01-06,AAPL-VOL,Implied Vol (Realized Proxy),0.11123779780138439
2026-01-07,AAPL-VOL,Implied Vol (Realized Proxy),0.11165441470069394
2026-01-08,AAPL-VOL,Implied Vol (Realized Proxy),0.11181005012163703
2026-01-09,AAPL-VOL,Implied Vol (Realized Proxy),0.11293178067881601
2026-01-12,AAPL-VOL,Implied Vol (Realized Proxy),0.11085380328395476
2026-01-13,AAPL-VOL,Implied Vol (Realized Proxy),0.11301130892419814
2026-01-14,AAPL-VOL,Implied Vol (Realized Proxy),0.11216992578305243
2026-01-15,AAPL-VOL,Implied Vol (Realized Proxy),0.10452146863228662
2026-01-16,AAPL-VOL,Implied Vol (Realized Proxy),0.10623327432768667
2026-01-20,AAPL-VOL,Implied Vol (Realized Proxy),0.15177028599380454
2026-01-21,AAPL-VOL,Implied Vol (Realized Proxy),0.15327520320741617
2026-01-22,AAPL-VOL,Implied Vol (Realized Proxy),0.15140776956331922
2026-01-23,AAPL-VOL,Implied Vol (Realized Proxy),0.1505650632839844
2026-01-26,AAPL-VOL,Implied Vol (Realized Proxy),0.18803124347634803
2026-01-27,AAPL-VOL,Implied Vol (Realized Proxy),0.1923322593371452
2026-01-28,AAPL-VOL,Implied Vol (Realized Proxy),0.19284216260401343
2026-01-29,AAPL-VOL,Implied Vol (Realized Proxy),0.19554597739728374
2026-01-30,AAPL-VOL,Implied Vol (Realized Proxy),0.19722598409772296
2026-02-02,AAPL-VOL,Implied Vol (Realized Proxy),0.2451969043039535
2026-02-03,AAPL-VOL,Implied Vol (Realized Proxy),0.24506193843717602
2026-02-04,AAPL-VOL,Implied Vol (Realized Proxy),0.2554332015319765
2026-02-05,AAPL-VOL,Implied Vol (Realized Proxy),0.24527008355303487
2026-02-06,AAPL-VOL,Implied Vol (Realized Proxy),0.24310269841253326
2026-02-09,AAPL-VOL,Implied Vol (Realized Proxy),0.24775766793119675
2026-02-10,AAPL-VOL,Implied Vol (Realized Proxy),0.24865206446130345
2026-02-11,AAPL-VOL,Implied Vol (Realized Proxy),0.2490415013226864
2026-02-12,AAPL-VOL,Implied Vol (Realized Proxy),0.3114007600402107
2026-02-13,AAPL-VOL,Implied Vol (Realized Proxy),0.32133969561289416
2026-02-17,AAPL-VOL,Implied Vol (Realized Proxy),0.3388303387125335
2026-02-18,AAPL-VOL,Implied Vol (Realized Proxy),0.3362536211839227
2026-02-19,AAPL-VOL,Implied Vol (Realized Proxy),0.31460611880851586
2026-02-20,AAPL-VOL,Implied Vol (Realized Proxy),0.3176301636841988
2026-02-23,AAPL-VOL,Implied Vol (Realized Proxy),0.31778284379864197
2026-02-24,AAPL-VOL,Implied Vol (Realized Proxy),0.32383652572265903
2026-02-25,AAPL-VOL,Implied Vol (Realized Proxy),0.3113379956695246
2026-02-26,AAPL-VOL,Implied Vol (Realized Proxy),0.31119756451936154
2026-02-27,AAPL-VOL,Implied Vol (Realized Proxy),0.33308933650100153
2026-03-02,AAPL-VOL,Implied Vol (Realized Proxy),0.3324508779858996
2026-03-03,AAPL-VOL,Implied Vol (Realized Proxy),0.3326059819737303
2026-03-04,AAPL-VOL,Implied Vol (Realized Proxy),0.3010794793832409
2026-03-05,AAPL-VOL,Implied Vol (Realized Proxy),0.30210866786845075
2026-03-06,AAPL-VOL,Implied Vol (Realized Proxy),0.28659599260678076
2026-03-09,AAPL-VOL,Implied Vol (Realized Proxy),0.2899760396443274
2026-03-10,AAPL-VOL,Implied Vol (Realized Proxy),0.28832224176670407
2026-03-11,AAPL-VOL,Implied Vol (Realized Proxy),0.2863273846642489
2026-03-12,AAPL-VOL,Implied Vol (Realized Proxy),0.2924004198260659
2026-03-13,AAPL-VOL,Implied Vol (Realized Proxy),0.2972487526300752
2026-03-16,AAPL-VOL,Implied Vol (Realized Proxy),0.24812920176144468
2026-03-17,AAPL-VOL,Implied Vol (Realized Proxy),0.23662730747317987
2026-03-18,AAPL-VOL,Implied Vol (Realized Proxy),0.21365742489431178
2026-03-19,AAPL-VOL,Implied Vol (Realized Proxy),0.21310267870693164
2026-03-20,AAPL-VOL,Implied Vol (Realized Proxy),0.20902702324212372
2026-03-23,AAPL-VOL,Implied Vol (Realized Proxy),0.20777331122198178
2026-03-24,AAPL-VOL,Implied Vol (Realized Proxy),0.20583416367155635
2026-03-25,AAPL-VOL,Implied Vol (Realized Proxy),0.18694633014837456
2026-03-26,AAPL-VOL,Implied Vol (Realized Proxy),0.18333555335536236
2026-03-27,AAPL-VOL,Implied Vol (Realized Proxy),0.18834694968193808
2026-03-30,AAPL-VOL,Implied Vol (Realized Proxy),0.1591132053965197
2026-03-31,AAPL-VOL,Implied Vol (Realized Proxy),0.193266966049942
2026-04-01,AAPL-VOL,Implied Vol (Realized Proxy),0.19575472726003668
2026-04-02,AAPL-VOL,Implied Vol (Realized Proxy),0.195597812398317
2026-04-06,AAPL-VOL,Implied Vol (Realized Proxy),0.1983841702178836
2026-04-07,AAPL-VOL,Implied Vol (Realized Proxy),0.20794394240417943
2026-04-08,AAPL-VOL,Implied Vol (Realized Proxy),0.21879532414008032
2026-04-09,AAPL-VOL,Implied Vol (Realized Proxy),0.21950741880150607
2026-04-10,AAPL-VOL,Implied Vol (Realized Proxy),0.21950742699796433
2026-04-13,AAPL-VOL,Implied Vol (Realized Proxy),0.20872483567707842
2026-04-14,AAPL-VOL,Implied Vol (Realized Proxy),0.19165257254013204
2026-04-15,AAPL-VOL,Implied Vol (Realized Proxy),0.2118595445805261
2026-04-16,AAPL-VOL,Implied Vol (Realized Proxy),0.2168854888645748
2026-04-17,AAPL-VOL,Implied Vol (Realized Proxy),0.22078359808854103
2026-04-20,AAPL-VOL,Implied Vol (Realized Proxy),0.22010380227302237
2026-04-21,AAPL-VOL,Implied Vol (Realized Proxy),0.2420224717440966
2026-04-22,AAPL-VOL,Implied Vol (Realized Proxy),0.25197470997939075
2026-04-23,AAPL-VOL,Implied Vol (Realized Proxy),0.25191838578075104
2026-04-24,AAPL-VOL,Implied Vol (Realized Proxy),0.25570911411527847
2026-04-27,AAPL-VOL,Implied Vol (Realized Proxy),0.2617211757077831
2026-04-28,AAPL-VOL,Implied Vol (Realized Proxy),0.25390187943780557
2026-04-29,AAPL-VOL,Implied Vol (Realized Proxy),0.25067317110992465
2026-04-30,AAPL-VOL,Implied Vol (Realized Proxy),0.2346442797878298
2026-05-01,AAPL-VOL,Implied Vol (Realized Proxy),0.25468020501268346
2026-05-04,AAPL-VOL,Implied Vol (Realized Proxy),0.2606811620364508
2026-05-05,AAPL-VOL,Implied Vol (Realized Proxy),0.2709952865713877
2026-05-06,AAPL-VOL,Implied Vol (Realized Proxy),0.2556325338792232
2026-05-07,AAPL-VOL,Implied Vol (Realized Proxy),0.2503978900123454
2026-05-08,AAPL-VOL,Implied Vol (Realized Proxy),0.2559316836749517
2026-05-11,AAPL-VOL,Implied Vol (Realized Proxy),0.2566399148090461
2026-05-12,AAPL-VOL,Implied Vol (Realized Proxy),0.2538261286729885
2026-05-13,AAPL-VOL,Implied Vol (Realized Proxy),0.2535648816592962
2026-05-14,AAPL-VOL,Implied Vol (Realized Proxy),0.2420711184211288
2026-05-15,AAPL-VOL,Implied Vol (Realized Proxy),0.23423551491582909
2026-05-18,AAPL-VOL,Implied Vol (Realized Proxy),0.22806226862705653
2026-05-19,AAPL-VOL,Implied Vol (Realized Proxy),0.2271098687836086
2026-05-20,AAPL-VOL,Implied Vol (Realized Proxy),0.20028047141586258
2026-05-21,AAPL-VOL,Implied Vol (Realized Proxy),0.18723992170290818
2026-05-22,AAPL-VOL,Implied Vol (Realized Proxy),0.18816399222037103
2026-05-26,AAPL-VOL,Implied Vol (Realized Proxy),0.18279125781347996
2026-05-27,AAPL-VOL,Implied Vol (Realized Proxy),0.1693457739043691
2026-05-28,AAPL-VOL,Implied Vol (Realized Proxy),0.16868259766295982
2026-05-29,AAPL-VOL,Implied Vol (Realized Proxy),0.16832654864321933
2026-06-01,AAPL-VOL,Implied Vol (Realized Proxy),0.19001882008559234
2026-06-02,AAPL-VOL,Implied Vol (Realized Proxy),0.18461802722686826
2026-06-03,AAPL-VOL,Implied Vol (Realized Proxy),0.18971579689957657
2026-06-04,AAPL-VOL,Implied Vol (Realized Proxy),0.1740721861993163
2026-06-05,AAPL-VOL,Implied Vol (Realized Proxy),0.18131628688746887
2026-06-08,AAPL-VOL,Implied Vol (Realized Proxy),0.19682844668823385
2026-06-09,AAPL-VOL,Implied Vol (Realized Proxy),0.22861470308212303
2026-06-10,AAPL-VOL,Implied Vol (Realized Proxy),0.22892763041163292
2026-06-11,AAPL-VOL,Implied Vol (Realized Proxy),0.2327076954353307
2026-06-12,AAPL-VOL,Implied Vol (Realized Proxy),0.23310972694352863
2026-06-15,AAPL-VOL,Implied Vol (Realized Proxy),0.24239574558023866
2026-06-16,AAPL-VOL,Implied Vol (Realized Proxy),0.24356983151581454
2026-06-17,AAPL-VOL,Implied Vol (Realized Proxy),0.24503793331615187
2026-06-18,AAPL-VOL,Implied Vol (Realized Proxy),0.24594158780606654
2026-06-22,AAPL-VOL,Implied Vol (Realized Proxy),0.24280077120501967
2026-06-23,AAPL-VOL,Implied Vol (Realized Proxy),0.2416700407190459
2026-06-24,AAPL-VOL,Implied Vol (Realized Proxy),0.23618066752339753
2026-06-25,AAPL-VOL,Implied Vol (Realized Proxy),0.315956574055493
2026-06-26,AAPL-VOL,Implied Vol (Realized Proxy),0.33735429417927676
2026-06-29,AAPL-VOL,Implied Vol (Realized Proxy),0.3356201377761033
2026-06-30,AAPL-VOL,Implied Vol (Realized Proxy),0.3530045752062151
2026-07-01,AAPL-VOL,Implied Vol (Realized Proxy),0.35560810972767937
2026-07-02,AAPL-VOL,Implied Vol (Realized Proxy),0.3807632046250404
2026-07-06,AAPL-VOL,Implied Vol (Realized Proxy),0.37972053331826827
2026-07-07,AAPL-VOL,Implied Vol (Realized Proxy),0.3802859509846178
2026-07-08,AAPL-VOL,Implied Vol (Realized Proxy),0.37863266459665046
2026-07-09,AAPL-VOL,Implied Vol (Realized Proxy),0.37239724452401884
2026-07-10,AAPL-VOL,Implied Vol (Realized Proxy),0.34460672209416027
2026-07-13,AAPL-VOL,Implied Vol (Realized Proxy),0.3447026778731527
2026-07-14,AAPL-VOL,Implied Vol (Realized Proxy),0.34509019495098
2026-07-15,AAPL-VOL,Implied Vol (Realized Proxy),0.3601542959883837
2026-07-16,AAPL-VOL,Implied Vol (Realized Proxy),0.359911256339314
2026-07-17,AAPL-VOL,Implied Vol (Realized Proxy),0.3598925171658412
2026-07-20,AAPL-VOL,Implied Vol (Realized Proxy),0.36771305425366635
2026-07-21,AAPL-VOL,Implied Vol (Realized Proxy),0.3676408219108069
2026-07-22,AAPL-VOL,Implied Vol (Realized Proxy),0.36834817351051274
2026-07-23,AAPL-VOL,Implied Vol (Realized Proxy),0.37040171258670296
2026-07-24,AAPL-VOL,Implied Vol (Realized Proxy),0.38354447293637783
2026-07-27,AAPL-VOL,Implied Vol (Realized Proxy),0.2894486157026469
2026-07-28,AAPL-VOL,Implied Vol (Realized Proxy),0.2789610883801437
2026-07-29,AAPL-VOL,Implied Vol (Realized Proxy),0.27784279141108786
2026-07-30,AAPL-VOL,Implied Vol (Realized Proxy),0.28054890885345773
2026-07-31,AAPL-VOL,Implied Vol (Realized Proxy),0.39894619749524746
2026-08-03,AAPL-VOL,Implied Vol (Realized Proxy),0.3691508111718647
2026-08-04,AAPL-VOL,Implied Vol (Realized Proxy),0.3728627208168612
2026-08-05,AAPL-VOL,Implied Vol (Realized Proxy),0.37271625789362733
2026-08-06,AAPL-VOL,Implied Vol (Realized Proxy),0.37176002077833864
2026-08-07,AAPL-VOL,Implied Vol (Realized Proxy),0.37047469245122294
2026-08-10,AAPL-VOL,Implied Vol (Realized Proxy),0.37449327699952906
2026-08-11,AAPL-VOL,Implied Vol (Realized Proxy),0.3749735789064517
2026-08-12,AAPL-VOL,Implied Vol (Realized Proxy),0.37518871209814364
2026-08-13,AAPL-VOL,Implied Vol (Realized Proxy),0.34715831512133916
2026-08-14,AAPL-VOL,Implied Vol (Realized Proxy),0.3395933479160269
2026-08-17,AAPL-VOL,Implied Vol (Realized Proxy),0.3391861740411871
2026-08-18,AAPL-VOL,Implied Vol (Realized Proxy),0.3388120736973363
2026-08-19,AAPL-VOL,Implied Vol (Realized Proxy),0.34857721462984503
2026-08-20,AAPL-VOL,Implied Vol (Realized Proxy),0.3527576289436587
2026-08-21,AAPL-VOL,Implied Vol (Realized Proxy),0.35089867774697453
2026-08-24,AAPL-VOL,Implied Vol (Realized Proxy),0.3255903545714882
2026-08-25,AAPL-VOL,Implied Vol (Realized Proxy),0.3211388097156995
2026-08-26,AAPL-VOL,Implied Vol (Realized Proxy),0.3222737978752051
2026-08-27,AAPL-VOL,Implied Vol (Realized Proxy),0.3232323881772109
2026-08-28,AAPL-VOL,Implied Vol (Realized Proxy),0.32758690227458964
2026-08-31,AAPL-VOL,Implied Vol (Realized Proxy),0.1883749476280836
2026-09-01,AAPL-VOL,Implied Vol (Realized Proxy),0.1932339593963628
2026-09-02,AAPL-VOL,Implied Vol (Realized Proxy),0.1843697261838104
2026-09-03,AAPL-VOL,Implied Vol (Realized Proxy),0.18602181669315251
2024-09-04,AMZN-EQ,Equity Price,173.3300018310547
2024-09-05,AMZN-EQ,Equity Price,177.88999938964844
2024-09-06,AMZN-EQ,Equity Price,171.38999938964844
2024-09-09,AMZN-EQ,Equity Price,175.39999389648438
2024-09-10,AMZN-EQ,Equity Price,179.5500030517578
2024-09-11,AMZN-EQ,Equity Price,184.52000427246094
2024-09-12,AMZN-EQ,Equity Price,187.0
2024-09-13,AMZN-EQ,Equity Price,186.49000549316406
2024-09-16,AMZN-EQ,Equity Price,184.88999938964844
2024-09-17,AMZN-EQ,Equity Price,186.8800048828125
2024-09-18,AMZN-EQ,Equity Price,186.42999267578125
2024-09-19,AMZN-EQ,Equity Price,189.8699951171875
2024-09-20,AMZN-EQ,Equity Price,191.60000610351562
2024-09-23,AMZN-EQ,Equity Price,193.8800048828125
2024-09-24,AMZN-EQ,Equity Price,193.9600067138672
2024-09-25,AMZN-EQ,Equity Price,192.52999877929688
2024-09-26,AMZN-EQ,Equity Price,191.16000366210938
2024-09-27,AMZN-EQ,Equity Price,187.97000122070312
2024-09-30,AMZN-EQ,Equity Price,186.3300018310547
2024-10-01,AMZN-EQ,Equity Price,185.1300048828125
2024-10-02,AMZN-EQ,Equity Price,184.75999450683594
2024-10-03,AMZN-EQ,Equity Price,181.9600067138672
2024-10-04,AMZN-EQ,Equity Price,186.50999450683594
2024-10-07,AMZN-EQ,Equity Price,180.8000030517578
2024-10-08,AMZN-EQ,Equity Price,182.72000122070312
2024-10-09,AMZN-EQ,Equity Price,185.1699981689453
2024-10-10,AMZN-EQ,Equity Price,186.64999389648438
2024-10-11,AMZN-EQ,Equity Price,188.82000732421875
2024-10-14,AMZN-EQ,Equity Price,187.5399932861328
2024-10-15,AMZN-EQ,Equity Price,187.69000244140625
2024-10-16,AMZN-EQ,Equity Price,186.88999938964844
2024-10-17,AMZN-EQ,Equity Price,187.52999877929688
2024-10-18,AMZN-EQ,Equity Price,188.99000549316406
2024-10-21,AMZN-EQ,Equity Price,189.07000732421875
2024-10-22,AMZN-EQ,Equity Price,189.6999969482422
2024-10-23,AMZN-EQ,Equity Price,184.7100067138672
2024-10-24,AMZN-EQ,Equity Price,186.3800048828125
2024-10-25,AMZN-EQ,Equity Price,187.8300018310547
2024-10-28,AMZN-EQ,Equity Price,188.38999938964844
2024-10-29,AMZN-EQ,Equity Price,190.8300018310547
2024-10-30,AMZN-EQ,Equity Price,192.72999572753906
2024-10-31,AMZN-EQ,Equity Price,186.39999389648438
2024-11-01,AMZN-EQ,Equity Price,197.92999267578125
2024-11-04,AMZN-EQ,Equity Price,195.77999877929688
2024-11-05,AMZN-EQ,Equity Price,199.5
2024-11-06,AMZN-EQ,Equity Price,207.08999633789062
2024-11-07,AMZN-EQ,Equity Price,210.0500030517578
2024-11-08,AMZN-EQ,Equity Price,208.17999267578125
2024-11-11,AMZN-EQ,Equity Price,206.83999633789062
2024-11-12,AMZN-EQ,Equity Price,208.91000366210938
2024-11-13,AMZN-EQ,Equity Price,214.10000610351562
2024-11-14,AMZN-EQ,Equity Price,211.47999572753906
2024-11-15,AMZN-EQ,Equity Price,202.61000061035156
2024-11-18,AMZN-EQ,Equity Price,201.6999969482422
2024-11-19,AMZN-EQ,Equity Price,204.61000061035156
2024-11-20,AMZN-EQ,Equity Price,202.8800048828125
2024-11-21,AMZN-EQ,Equity Price,198.3800048828125
2024-11-22,AMZN-EQ,Equity Price,197.1199951171875
2024-11-25,AMZN-EQ,Equity Price,201.4499969482422
2024-11-26,AMZN-EQ,Equity Price,207.86000061035156
2024-11-27,AMZN-EQ,Equity Price,205.74000549316406
2024-11-29,AMZN-EQ,Equity Price,207.88999938964844
2024-12-02,AMZN-EQ,Equity Price,210.7100067138672
2024-12-03,AMZN-EQ,Equity Price,213.44000244140625
2024-12-04,AMZN-EQ,Equity Price,218.16000366210938
2024-12-05,AMZN-EQ,Equity Price,220.5500030517578
2024-12-06,AMZN-EQ,Equity Price,227.02999877929688
2024-12-09,AMZN-EQ,Equity Price,226.08999633789062
2024-12-10,AMZN-EQ,Equity Price,225.0399932861328
2024-12-11,AMZN-EQ,Equity Price,230.25999450683594
2024-12-12,AMZN-EQ,Equity Price,228.97000122070312
2024-12-13,AMZN-EQ,Equity Price,227.4600067138672
2024-12-16,AMZN-EQ,Equity Price,232.92999267578125
2024-12-17,AMZN-EQ,Equity Price,231.14999389648438
2024-12-18,AMZN-EQ,Equity Price,220.52000427246094
2024-12-19,AMZN-EQ,Equity Price,223.2899932861328
2024-12-20,AMZN-EQ,Equity Price,224.9199981689453
2024-12-23,AMZN-EQ,Equity Price,225.05999755859375
2024-12-24,AMZN-EQ,Equity Price,229.0500030517578
2024-12-26,AMZN-EQ,Equity Price,227.0500030517578
2024-12-27,AMZN-EQ,Equity Price,223.75
2024-12-30,AMZN-EQ,Equity Price,221.3000030517578
2024-12-31,AMZN-EQ,Equity Price,219.38999938964844
2025-01-02,AMZN-EQ,Equity Price,220.22000122070312
2025-01-03,AMZN-EQ,Equity Price,224.19000244140625
2025-01-06,AMZN-EQ,Equity Price,227.61000061035156
2025-01-07,AMZN-EQ,Equity Price,222.11000061035156
2025-01-08,AMZN-EQ,Equity Price,222.1300048828125
2025-01-10,AMZN-EQ,Equity Price,218.94000244140625
2025-01-13,AMZN-EQ,Equity Price,218.4600067138672
2025-01-14,AMZN-EQ,Equity Price,217.75999450683594
2025-01-15,AMZN-EQ,Equity Price,223.35000610351562
2025-01-16,AMZN-EQ,Equity Price,220.66000366210938
2025-01-17,AMZN-EQ,Equity Price,225.94000244140625
2025-01-21,AMZN-EQ,Equity Price,230.7100067138672
2025-01-22,AMZN-EQ,Equity Price,235.00999450683594
2025-01-23,AMZN-EQ,Equity Price,235.4199981689453
2025-01-24,AMZN-EQ,Equity Price,234.85000610351562
2025-01-27,AMZN-EQ,Equity Price,235.4199981689453
2025-01-28,AMZN-EQ,Equity Price,238.14999389648438
2025-01-29,AMZN-EQ,Equity Price,237.07000732421875
2025-01-30,AMZN-EQ,Equity Price,234.63999938964844
2025-01-31,AMZN-EQ,Equity Price,237.67999267578125
2025-02-03,AMZN-EQ,Equity Price,237.4199981689453
2025-02-04,AMZN-EQ,Equity Price,242.05999755859375
2025-02-05,AMZN-EQ,Equity Price,236.1699981689453
2025-02-06,AMZN-EQ,Equity Price,238.8300018310547
2025-02-07,AMZN-EQ,Equity Price,229.14999389648438
2025-02-10,AMZN-EQ,Equity Price,233.13999938964844
2025-02-11,AMZN-EQ,Equity Price,232.75999450683594
2025-02-12,AMZN-EQ,Equity Price,228.92999267578125
2025-02-13,AMZN-EQ,Equity Price,230.3699951171875
2025-02-14,AMZN-EQ,Equity Price,228.67999267578125
2025-02-18,AMZN-EQ,Equity Price,226.64999389648438
2025-02-19,AMZN-EQ,Equity Price,226.6300048828125
2025-02-20,AMZN-EQ,Equity Price,222.8800048828125
2025-02-21,AMZN-EQ,Equity Price,216.5800018310547
2025-02-24,AMZN-EQ,Equity Price,212.7100067138672
2025-02-25,AMZN-EQ,Equity Price,212.8000030517578
2025-02-26,AMZN-EQ,Equity Price,214.35000610351562
2025-02-27,AMZN-EQ,Equity Price,208.74000549316406
2025-02-28,AMZN-EQ,Equity Price,212.27999877929688
2025-03-03,AMZN-EQ,Equity Price,205.02000427246094
2025-03-04,AMZN-EQ,Equity Price,203.8000030517578
2025-03-05,AMZN-EQ,Equity Price,208.36000061035156
2025-03-06,AMZN-EQ,Equity Price,200.6999969482422
2025-03-07,AMZN-EQ,Equity Price,199.25
2025-03-10,AMZN-EQ,Equity Price,194.5399932861328
2025-03-11,AMZN-EQ,Equity Price,196.58999633789062
2025-03-12,AMZN-EQ,Equity Price,198.88999938964844
2025-03-13,AMZN-EQ,Equity Price,193.88999938964844
2025-03-14,AMZN-EQ,Equity Price,197.9499969482422
2025-03-17,AMZN-EQ,Equity Price,195.74000549316406
2025-03-18,AMZN-EQ,Equity Price,192.82000732421875
2025-03-19,AMZN-EQ,Equity Price,195.5399932861328
2025-03-20,AMZN-EQ,Equity Price,194.9499969482422
2025-03-21,AMZN-EQ,Equity Price,196.2100067138672
2025-03-24,AMZN-EQ,Equity Price,203.25999450683594
2025-03-25,AMZN-EQ,Equity Price,205.7100067138672
2025-03-26,AMZN-EQ,Equity Price,201.1300048828125
2025-03-27,AMZN-EQ,Equity Price,201.36000061035156
2025-03-28,AMZN-EQ,Equity Price,192.72000122070312
2025-03-31,AMZN-EQ,Equity Price,190.25999450683594
2025-04-01,AMZN-EQ,Equity Price,192.1699981689453
2025-04-02,AMZN-EQ,Equity Price,196.00999450683594
2025-04-03,AMZN-EQ,Equity Price,178.41000366210938
2025-04-04,AMZN-EQ,Equity Price,171.0
2025-04-07,AMZN-EQ,Equity Price,175.25999450683594
2025-04-08,AMZN-EQ,Equity Price,170.66000366210938
2025-04-09,AMZN-EQ,Equity Price,191.10000610351562
2025-04-10,AMZN-EQ,Equity Price,181.22000122070312
2025-04-11,AMZN-EQ,Equity Price,184.8699951171875
2025-04-14,AMZN-EQ,Equity Price,182.1199951171875
2025-04-15,AMZN-EQ,Equity Price,179.58999633789062
2025-04-16,AMZN-EQ,Equity Price,174.3300018310547
2025-04-17,AMZN-EQ,Equity Price,172.61000061035156
2025-04-21,AMZN-EQ,Equity Price,167.32000732421875
2025-04-22,AMZN-EQ,Equity Price,173.17999267578125
2025-04-23,AMZN-EQ,Equity Price,180.60000610351562
2025-04-24,AMZN-EQ,Equity Price,186.5399932861328
2025-04-25,AMZN-EQ,Equity Price,188.99000549316406
2025-04-28,AMZN-EQ,Equity Price,187.6999969482422
2025-04-29,AMZN-EQ,Equity Price,187.38999938964844
2025-04-30,AMZN-EQ,Equity Price,184.4199981689453
2025-05-01,AMZN-EQ,Equity Price,190.1999969482422
2025-05-02,AMZN-EQ,Equity Price,189.97999572753906
2025-05-05,AMZN-EQ,Equity Price,186.35000610351562
2025-05-06,AMZN-EQ,Equity Price,185.00999450683594
2025-05-07,AMZN-EQ,Equity Price,188.7100067138672
2025-05-08,AMZN-EQ,Equity Price,192.0800018310547
2025-05-09,AMZN-EQ,Equity Price,193.05999755859375
2025-05-12,AMZN-EQ,Equity Price,208.63999938964844
2025-05-13,AMZN-EQ,Equity Price,211.3699951171875
2025-05-14,AMZN-EQ,Equity Price,210.25
2025-05-15,AMZN-EQ,Equity Price,205.1699981689453
2025-05-16,AMZN-EQ,Equity Price,205.58999633789062
2025-05-19,AMZN-EQ,Equity Price,206.16000366210938
2025-05-20,AMZN-EQ,Equity Price,204.07000732421875
2025-05-21,AMZN-EQ,Equity Price,201.1199951171875
2025-05-22,AMZN-EQ,Equity Price,203.10000610351562
2025-05-23,AMZN-EQ,Equity Price,200.99000549316406
2025-05-27,AMZN-EQ,Equity Price,206.02000427246094
2025-05-28,AMZN-EQ,Equity Price,204.72000122070312
2025-05-29,AMZN-EQ,Equity Price,205.6999969482422
2025-05-30,AMZN-EQ,Equity Price,205.00999450683594
2025-06-02,AMZN-EQ,Equity Price,206.64999389648438
2025-06-03,AMZN-EQ,Equity Price,205.7100067138672
2025-06-04,AMZN-EQ,Equity Price,207.22999572753906
2025-06-05,AMZN-EQ,Equity Price,207.91000366210938
2025-06-06,AMZN-EQ,Equity Price,213.57000732421875
2025-06-09,AMZN-EQ,Equity Price,216.97999572753906
2025-06-10,AMZN-EQ,Equity Price,217.61000061035156
2025-06-11,AMZN-EQ,Equity Price,213.1999969482422
2025-06-12,AMZN-EQ,Equity Price,213.24000549316406
2025-06-13,AMZN-EQ,Equity Price,212.10000610351562
2025-06-16,AMZN-EQ,Equity Price,216.10000610351562
2025-06-17,AMZN-EQ,Equity Price,214.82000732421875
2025-06-18,AMZN-EQ,Equity Price,212.52000427246094
2025-06-20,AMZN-EQ,Equity Price,209.69000244140625
2025-06-23,AMZN-EQ,Equity Price,208.47000122070312
2025-06-24,AMZN-EQ,Equity Price,212.77000427246094
2025-06-25,AMZN-EQ,Equity Price,211.99000549316406
2025-06-26,AMZN-EQ,Equity Price,217.1199951171875
2025-06-27,AMZN-EQ,Equity Price,223.3000030517578
2025-06-30,AMZN-EQ,Equity Price,219.38999938964844
2025-07-01,AMZN-EQ,Equity Price,220.4600067138672
2025-07-02,AMZN-EQ,Equity Price,219.9199981689453
2025-07-03,AMZN-EQ,Equity Price,223.41000366210938
2025-07-07,AMZN-EQ,Equity Price,223.47000122070312
2025-07-08,AMZN-EQ,Equity Price,219.36000061035156
2025-07-09,AMZN-EQ,Equity Price,222.5399932861328
2025-07-10,AMZN-EQ,Equity Price,222.25999450683594
2025-07-11,AMZN-EQ,Equity Price,225.02000427246094
2025-07-14,AMZN-EQ,Equity Price,225.69000244140625
2025-07-15,AMZN-EQ,Equity Price,226.35000610351562
2025-07-16,AMZN-EQ,Equity Price,223.19000244140625
2025-07-17,AMZN-EQ,Equity Price,223.8800048828125
2025-07-18,AMZN-EQ,Equity Price,226.1300048828125
2025-07-21,AMZN-EQ,Equity Price,229.3000030517578
2025-07-22,AMZN-EQ,Equity Price,227.47000122070312
2025-07-23,AMZN-EQ,Equity Price,228.2899932861328
2025-07-24,AMZN-EQ,Equity Price,232.22999572753906
2025-07-25,AMZN-EQ,Equity Price,231.44000244140625
2025-07-28,AMZN-EQ,Equity Price,232.7899932861328
2025-07-29,AMZN-EQ,Equity Price,231.00999450683594
2025-07-30,AMZN-EQ,Equity Price,230.19000244140625
2025-07-31,AMZN-EQ,Equity Price,234.11000061035156
2025-08-01,AMZN-EQ,Equity Price,214.75
2025-08-04,AMZN-EQ,Equity Price,211.64999389648438
2025-08-05,AMZN-EQ,Equity Price,213.75
2025-08-06,AMZN-EQ,Equity Price,222.30999755859375
2025-08-07,AMZN-EQ,Equity Price,223.1300048828125
2025-08-08,AMZN-EQ,Equity Price,222.69000244140625
2025-08-11,AMZN-EQ,Equity Price,221.3000030517578
2025-08-12,AMZN-EQ,Equity Price,221.47000122070312
2025-08-13,AMZN-EQ,Equity Price,224.55999755859375
2025-08-14,AMZN-EQ,Equity Price,230.97999572753906
2025-08-15,AMZN-EQ,Equity Price,231.02999877929688
2025-08-18,AMZN-EQ,Equity Price,231.49000549316406
2025-08-19,AMZN-EQ,Equity Price,228.00999450683594
2025-08-20,AMZN-EQ,Equity Price,223.80999755859375
2025-08-21,AMZN-EQ,Equity Price,221.9499969482422
2025-08-22,AMZN-EQ,Equity Price,228.83999633789062
2025-08-25,AMZN-EQ,Equity Price,227.94000244140625
2025-08-26,AMZN-EQ,Equity Price,228.7100067138672
2025-08-27,AMZN-EQ,Equity Price,229.1199951171875
2025-08-28,AMZN-EQ,Equity Price,231.60000610351562
2025-08-29,AMZN-EQ,Equity Price,229.0
2025-09-02,AMZN-EQ,Equity Price,225.33999633789062
2025-09-03,AMZN-EQ,Equity Price,225.99000549316406
2025-09-04,AMZN-EQ,Equity Price,235.67999267578125
2025-09-05,AMZN-EQ,Equity Price,232.3300018310547
2025-09-08,AMZN-EQ,Equity Price,235.83999633789062
2025-09-09,AMZN-EQ,Equity Price,238.24000549316406
2025-09-10,AMZN-EQ,Equity Price,230.3300018310547
2025-09-11,AMZN-EQ,Equity Price,229.9499969482422
2025-09-12,AMZN-EQ,Equity Price,228.14999389648438
2025-09-15,AMZN-EQ,Equity Price,231.42999267578125
2025-09-16,AMZN-EQ,Equity Price,234.0500030517578
2025-09-17,AMZN-EQ,Equity Price,231.6199951171875
2025-09-18,AMZN-EQ,Equity Price,231.22999572753906
2025-09-19,AMZN-EQ,Equity Price,231.47999572753906
2025-09-22,AMZN-EQ,Equity Price,227.6300048828125
2025-09-23,AMZN-EQ,Equity Price,220.7100067138672
2025-09-24,AMZN-EQ,Equity Price,220.2100067138672
2025-09-25,AMZN-EQ,Equity Price,218.14999389648438
2025-09-26,AMZN-EQ,Equity Price,219.77999877929688
2025-09-29,AMZN-EQ,Equity Price,222.1699981689453
2025-09-30,AMZN-EQ,Equity Price,219.57000732421875
2025-10-01,AMZN-EQ,Equity Price,220.6300048828125
2025-10-02,AMZN-EQ,Equity Price,222.41000366210938
2025-10-03,AMZN-EQ,Equity Price,219.50999450683594
2025-10-06,AMZN-EQ,Equity Price,220.89999389648438
2025-10-07,AMZN-EQ,Equity Price,221.77999877929688
2025-10-08,AMZN-EQ,Equity Price,225.22000122070312
2025-10-09,AMZN-EQ,Equity Price,227.74000549316406
2025-10-10,AMZN-EQ,Equity Price,216.3699951171875
2025-10-13,AMZN-EQ,Equity Price,220.07000732421875
2025-10-14,AMZN-EQ,Equity Price,216.38999938964844
2025-10-15,AMZN-EQ,Equity Price,215.57000732421875
2025-10-16,AMZN-EQ,Equity Price,214.47000122070312
2025-10-17,AMZN-EQ,Equity Price,213.0399932861328
2025-10-20,AMZN-EQ,Equity Price,216.47999572753906
2025-10-21,AMZN-EQ,Equity Price,222.02999877929688
2025-10-22,AMZN-EQ,Equity Price,217.9499969482422
2025-10-23,AMZN-EQ,Equity Price,221.08999633789062
2025-10-24,AMZN-EQ,Equity Price,224.2100067138672
2025-10-27,AMZN-EQ,Equity Price,226.97000122070312
2025-10-28,AMZN-EQ,Equity Price,229.25
2025-10-29,AMZN-EQ,Equity Price,230.3000030517578
2025-10-30,AMZN-EQ,Equity Price,222.86000061035156
2025-10-31,AMZN-EQ,Equity Price,244.22000122070312
2025-11-03,AMZN-EQ,Equity Price,254.0
2025-11-04,AMZN-EQ,Equity Price,249.32000732421875
2025-11-05,AMZN-EQ,Equity Price,250.1999969482422
2025-11-06,AMZN-EQ,Equity Price,243.0399932861328
2025-11-07,AMZN-EQ,Equity Price,244.41000366210938
2025-11-10,AMZN-EQ,Equity Price,248.39999389648438
2025-11-11,AMZN-EQ,Equity Price,249.10000610351562
2025-11-12,AMZN-EQ,Equity Price,244.1999969482422
2025-11-13,AMZN-EQ,Equity Price,237.5800018310547
2025-11-14,AMZN-EQ,Equity Price,234.69000244140625
2025-11-17,AMZN-EQ,Equity Price,232.8699951171875
2025-11-18,AMZN-EQ,Equity Price,222.5500030517578
2025-11-19,AMZN-EQ,Equity Price,222.69000244140625
2025-11-20,AMZN-EQ,Equity Price,217.13999938964844
2025-11-21,AMZN-EQ,Equity Price,220.69000244140625
2025-11-24,AMZN-EQ,Equity Price,226.27999877929688
2025-11-25,AMZN-EQ,Equity Price,229.6699981689453
2025-11-26,AMZN-EQ,Equity Price,229.16000366210938
2025-11-28,AMZN-EQ,Equity Price,233.22000122070312
2025-12-01,AMZN-EQ,Equity Price,233.8800048828125
2025-12-02,AMZN-EQ,Equity Price,234.4199981689453
2025-12-03,AMZN-EQ,Equity Price,232.3800048828125
2025-12-04,AMZN-EQ,Equity Price,229.11000061035156
2025-12-05,AMZN-EQ,Equity Price,229.52999877929688
2025-12-08,AMZN-EQ,Equity Price,226.88999938964844
2025-12-09,AMZN-EQ,Equity Price,227.9199981689453
2025-12-10,AMZN-EQ,Equity Price,231.77999877929688
2025-12-11,AMZN-EQ,Equity Price,230.27999877929688
2025-12-12,AMZN-EQ,Equity Price,226.19000244140625
2025-12-15,AMZN-EQ,Equity Price,222.5399932861328
2025-12-16,AMZN-EQ,Equity Price,222.55999755859375
2025-12-17,AMZN-EQ,Equity Price,221.27000427246094
2025-12-18,AMZN-EQ,Equity Price,226.75999450683594
2025-12-19,AMZN-EQ,Equity Price,227.35000610351562
2025-12-22,AMZN-EQ,Equity Price,228.42999267578125
2025-12-23,AMZN-EQ,Equity Price,232.13999938964844
2025-12-24,AMZN-EQ,Equity Price,232.3800048828125
2025-12-26,AMZN-EQ,Equity Price,232.52000427246094
2025-12-29,AMZN-EQ,Equity Price,232.07000732421875
2025-12-30,AMZN-EQ,Equity Price,232.52999877929688
2025-12-31,AMZN-EQ,Equity Price,230.82000732421875
2026-01-02,AMZN-EQ,Equity Price,226.5
2026-01-05,AMZN-EQ,Equity Price,233.05999755859375
2026-01-06,AMZN-EQ,Equity Price,240.92999267578125
2026-01-07,AMZN-EQ,Equity Price,241.55999755859375
2026-01-08,AMZN-EQ,Equity Price,246.2899932861328
2026-01-09,AMZN-EQ,Equity Price,247.3800048828125
2026-01-12,AMZN-EQ,Equity Price,246.47000122070312
2026-01-13,AMZN-EQ,Equity Price,242.60000610351562
2026-01-14,AMZN-EQ,Equity Price,236.64999389648438
2026-01-15,AMZN-EQ,Equity Price,238.17999267578125
2026-01-16,AMZN-EQ,Equity Price,239.1199951171875
2026-01-20,AMZN-EQ,Equity Price,231.0
2026-01-21,AMZN-EQ,Equity Price,231.30999755859375
2026-01-22,AMZN-EQ,Equity Price,234.33999633789062
2026-01-23,AMZN-EQ,Equity Price,239.16000366210938
2026-01-26,AMZN-EQ,Equity Price,238.4199981689453
2026-01-27,AMZN-EQ,Equity Price,244.67999267578125
2026-01-28,AMZN-EQ,Equity Price,243.00999450683594
2026-01-29,AMZN-EQ,Equity Price,241.72999572753906
2026-01-30,AMZN-EQ,Equity Price,239.3000030517578
2026-02-02,AMZN-EQ,Equity Price,242.9600067138672
2026-02-03,AMZN-EQ,Equity Price,238.6199951171875
2026-02-04,AMZN-EQ,Equity Price,232.99000549316406
2026-02-05,AMZN-EQ,Equity Price,222.69000244140625
2026-02-06,AMZN-EQ,Equity Price,210.32000732421875
2026-02-09,AMZN-EQ,Equity Price,208.72000122070312
2026-02-10,AMZN-EQ,Equity Price,206.9600067138672
2026-02-11,AMZN-EQ,Equity Price,204.0800018310547
2026-02-12,AMZN-EQ,Equity Price,199.60000610351562
2026-02-13,AMZN-EQ,Equity Price,198.7899932861328
2026-02-17,AMZN-EQ,Equity Price,201.14999389648438
2026-02-18,AMZN-EQ,Equity Price,204.7899932861328
2026-02-19,AMZN-EQ,Equity Price,204.86000061035156
2026-02-20,AMZN-EQ,Equity Price,210.11000061035156
2026-02-23,AMZN-EQ,Equity Price,205.27000427246094
2026-02-24,AMZN-EQ,Equity Price,208.55999755859375
2026-02-25,AMZN-EQ,Equity Price,210.63999938964844
2026-02-26,AMZN-EQ,Equity Price,207.9199981689453
2026-02-27,AMZN-EQ,Equity Price,210.0
2026-03-02,AMZN-EQ,Equity Price,208.38999938964844
2026-03-03,AMZN-EQ,Equity Price,208.72999572753906
2026-03-04,AMZN-EQ,Equity Price,216.82000732421875
2026-03-05,AMZN-EQ,Equity Price,218.94000244140625
2026-03-06,AMZN-EQ,Equity Price,213.2100067138672
2026-03-09,AMZN-EQ,Equity Price,213.49000549316406
2026-03-10,AMZN-EQ,Equity Price,214.3300018310547
2026-03-11,AMZN-EQ,Equity Price,212.64999389648438
2026-03-12,AMZN-EQ,Equity Price,209.52999877929688
2026-03-13,AMZN-EQ,Equity Price,207.6699981689453
2026-03-16,AMZN-EQ,Equity Price,211.74000549316406
2026-03-17,AMZN-EQ,Equity Price,215.1999969482422
2026-03-18,AMZN-EQ,Equity Price,209.8699951171875
2026-03-19,AMZN-EQ,Equity Price,208.75999450683594
2026-03-20,AMZN-EQ,Equity Price,205.3699951171875
2026-03-23,AMZN-EQ,Equity Price,210.13999938964844
2026-03-24,AMZN-EQ,Equity Price,207.24000549316406
2026-03-25,AMZN-EQ,Equity Price,211.7100067138672
2026-03-26,AMZN-EQ,Equity Price,207.5399932861328
2026-03-27,AMZN-EQ,Equity Price,199.33999633789062
2026-03-30,AMZN-EQ,Equity Price,200.9499969482422
2026-03-31,AMZN-EQ,Equity Price,208.27000427246094
2026-04-01,AMZN-EQ,Equity Price,210.57000732421875
2026-04-02,AMZN-EQ,Equity Price,209.77000427246094
2026-04-06,AMZN-EQ,Equity Price,212.7899932861328
2026-04-07,AMZN-EQ,Equity Price,213.77000427246094
2026-04-08,AMZN-EQ,Equity Price,221.25
2026-04-09,AMZN-EQ,Equity Price,233.64999389648438
2026-04-10,AMZN-EQ,Equity Price,238.3800048828125
2026-04-13,AMZN-EQ,Equity Price,239.88999938964844
2026-04-14,AMZN-EQ,Equity Price,249.02000427246094
2026-04-15,AMZN-EQ,Equity Price,248.5
2026-04-16,AMZN-EQ,Equity Price,249.6999969482422
2026-04-17,AMZN-EQ,Equity Price,250.55999755859375
2026-04-20,AMZN-EQ,Equity Price,248.27999877929688
2026-04-21,AMZN-EQ,Equity Price,249.91000366210938
2026-04-22,AMZN-EQ,Equity Price,255.36000061035156
2026-04-23,AMZN-EQ,Equity Price,255.0800018310547
2026-04-24,AMZN-EQ,Equity Price,263.989990234375
2026-04-27,AMZN-EQ,Equity Price,261.1199951171875
2026-04-28,AMZN-EQ,Equity Price,259.70001220703125
2026-04-29,AMZN-EQ,Equity Price,263.0400085449219
2026-04-30,AMZN-EQ,Equity Price,265.05999755859375
2026-05-01,AMZN-EQ,Equity Price,268.260009765625
2026-05-04,AMZN-EQ,Equity Price,272.04998779296875
2026-05-05,AMZN-EQ,Equity Price,273.54998779296875
2026-05-06,AMZN-EQ,Equity Price,274.989990234375
2026-05-07,AMZN-EQ,Equity Price,271.1700134277344
2026-05-08,AMZN-EQ,Equity Price,272.67999267578125
2026-05-11,AMZN-EQ,Equity Price,268.989990234375
2026-05-12,AMZN-EQ,Equity Price,265.82000732421875
2026-05-13,AMZN-EQ,Equity Price,270.1300048828125
2026-05-14,AMZN-EQ,Equity Price,267.2200012207031
2026-05-15,AMZN-EQ,Equity Price,264.1400146484375
2026-05-18,AMZN-EQ,Equity Price,264.8599853515625
2026-05-19,AMZN-EQ,Equity Price,259.3399963378906
2026-05-20,AMZN-EQ,Equity Price,265.010009765625
2026-05-21,AMZN-EQ,Equity Price,268.4599914550781
2026-05-22,AMZN-EQ,Equity Price,266.32000732421875
2026-05-26,AMZN-EQ,Equity Price,265.2900085449219
2026-05-27,AMZN-EQ,Equity Price,271.8500061035156
2026-05-28,AMZN-EQ,Equity Price,274.0
2026-05-29,AMZN-EQ,Equity Price,270.6400146484375
2026-06-01,AMZN-EQ,Equity Price,261.260009765625
2026-06-02,AMZN-EQ,Equity Price,256.5199890136719
2026-06-03,AMZN-EQ,Equity Price,250.02000427246094
2026-06-04,AMZN-EQ,Equity Price,253.7899932861328
2026-06-05,AMZN-EQ,Equity Price,246.02999877929688
2026-06-08,AMZN-EQ,Equity Price,245.22000122070312
2026-06-09,AMZN-EQ,Equity Price,244.19000244140625
2026-06-10,AMZN-EQ,Equity Price,238.0
2026-06-11,AMZN-EQ,Equity Price,241.50999450683594
2026-06-12,AMZN-EQ,Equity Price,238.5500030517578
2026-06-15,AMZN-EQ,Equity Price,246.02000427246094
2026-06-16,AMZN-EQ,Equity Price,246.0
2026-06-17,AMZN-EQ,Equity Price,237.5
2026-06-18,AMZN-EQ,Equity Price,244.38999938964844
2026-06-22,AMZN-EQ,Equity Price,232.7899932861328
2026-06-23,AMZN-EQ,Equity Price,234.11000061035156
2026-06-24,AMZN-EQ,Equity Price,234.27000427246094
2026-06-25,AMZN-EQ,Equity Price,227.00999450683594
2026-06-26,AMZN-EQ,Equity Price,232.69000244140625
2026-06-29,AMZN-EQ,Equity Price,240.13999938964844
2026-06-30,AMZN-EQ,Equity Price,238.33999633789062
2026-07-01,AMZN-EQ,Equity Price,241.6999969482422
2026-07-02,AMZN-EQ,Equity Price,242.6699981689453
2026-07-06,AMZN-EQ,Equity Price,244.16000366210938
2026-07-07,AMZN-EQ,Equity Price,245.97999572753906
2026-07-08,AMZN-EQ,Equity Price,243.6199951171875
2026-07-09,AMZN-EQ,Equity Price,247.0399932861328
2026-07-10,AMZN-EQ,Equity Price,245.33999633789062
2026-07-13,AMZN-EQ,Equity Price,247.30999755859375
2026-07-14,AMZN-EQ,Equity Price,247.49000549316406
2026-07-15,AMZN-EQ,Equity Price,254.9600067138672
2026-07-16,AMZN-EQ,Equity Price,249.88999938964844
2026-07-17,AMZN-EQ,Equity Price,247.22999572753906
2026-07-20,AMZN-EQ,Equity Price,249.99000549316406
2026-07-21,AMZN-EQ,Equity Price,247.5500030517578
2026-07-22,AMZN-EQ,Equity Price,244.85000610351562
2026-07-23,AMZN-EQ,Equity Price,233.66000366210938
2026-07-24,AMZN-EQ,Equity Price,232.11000061035156
2026-07-27,AMZN-EQ,Equity Price,231.38999938964844
2026-07-28,AMZN-EQ,Equity Price,230.86000061035156
2026-07-29,AMZN-EQ,Equity Price,226.64999389648438
2026-07-30,AMZN-EQ,Equity Price,235.5
2026-07-31,AMZN-EQ,Equity Price,271.5799865722656
2026-08-03,AMZN-EQ,Equity Price,284.0199890136719
2026-08-04,AMZN-EQ,Equity Price,277.4200134277344
2026-08-05,AMZN-EQ,Equity Price,272.6499938964844
2026-08-06,AMZN-EQ,Equity Price,272.260009765625
2026-08-07,AMZN-EQ,Equity Price,274.4800109863281
2026-08-10,AMZN-EQ,Equity Price,278.0899963378906
2026-08-11,AMZN-EQ,Equity Price,272.2699890136719
2026-08-12,AMZN-EQ,Equity Price,267.2799987792969
2026-08-13,AMZN-EQ,Equity Price,265.1300048828125
2026-08-14,AMZN-EQ,Equity Price,262.6499938964844
2026-08-17,AMZN-EQ,Equity Price,261.30999755859375
2026-08-18,AMZN-EQ,Equity Price,259.45001220703125
2026-08-19,AMZN-EQ,Equity Price,265.8399963378906
2026-08-20,AMZN-EQ,Equity Price,260.1099853515625
2026-08-21,AMZN-EQ,Equity Price,258.6300048828125
2026-08-24,AMZN-EQ,Equity Price,262.07000732421875
2026-08-25,AMZN-EQ,Equity Price,261.05999755859375
2026-08-26,AMZN-EQ,Equity Price,260.2799987792969
2026-08-27,AMZN-EQ,Equity Price,256.260009765625
2026-08-28,AMZN-EQ,Equity Price,266.42999267578125
2026-08-31,AMZN-EQ,Equity Price,259.7699890136719
2026-09-01,AMZN-EQ,Equity Price,254.9199981689453
2026-09-02,AMZN-EQ,Equity Price,254.97999572753906
2026-09-03,AMZN-EQ,Equity Price,258.8999938964844
2024-09-04,AUDUSD,FX Spot,0.6724
2024-09-05,AUDUSD,FX Spot,0.6727
2024-09-06,AUDUSD,FX Spot,0.6678
2024-09-09,AUDUSD,FX Spot,0.6664
2024-09-10,AUDUSD,FX Spot,0.6652
2024-09-11,AUDUSD,FX Spot,0.665
2024-09-12,AUDUSD,FX Spot,0.6696
2024-09-13,AUDUSD,FX Spot,0.6712
2024-09-16,AUDUSD,FX Spot,0.6739
2024-09-17,AUDUSD,FX Spot,0.6754
2024-09-18,AUDUSD,FX Spot,0.6761
2024-09-19,AUDUSD,FX Spot,0.6817
2024-09-20,AUDUSD,FX Spot,0.6806
2024-09-23,AUDUSD,FX Spot,0.6848
2024-09-24,AUDUSD,FX Spot,0.6873
2024-09-25,AUDUSD,FX Spot,0.6837
2024-09-26,AUDUSD,FX Spot,0.6902
2024-09-27,AUDUSD,FX Spot,0.6911
2024-09-30,AUDUSD,FX Spot,0.6934
2024-10-01,AUDUSD,FX Spot,0.6888
2024-10-02,AUDUSD,FX Spot,0.6895
2024-10-03,AUDUSD,FX Spot,0.6843
2024-10-04,AUDUSD,FX Spot,0.6797
2024-10-07,AUDUSD,FX Spot,0.6761
2024-10-08,AUDUSD,FX Spot,0.6738
2024-10-09,AUDUSD,FX Spot,0.6725
2024-10-10,AUDUSD,FX Spot,0.6733
2024-10-11,AUDUSD,FX Spot,0.6756
2024-10-15,AUDUSD,FX Spot,0.6709
2024-10-16,AUDUSD,FX Spot,0.6662
2024-10-17,AUDUSD,FX Spot,0.6702
2024-10-18,AUDUSD,FX Spot,0.67
2024-10-21,AUDUSD,FX Spot,0.6661
2024-10-22,AUDUSD,FX Spot,0.6679
2024-10-23,AUDUSD,FX Spot,0.6632
2024-10-24,AUDUSD,FX Spot,0.6629
2024-10-25,AUDUSD,FX Spot,0.6621
2024-10-28,AUDUSD,FX Spot,0.6587
2024-10-29,AUDUSD,FX Spot,0.6557
2024-10-30,AUDUSD,FX Spot,0.6584
2024-10-31,AUDUSD,FX Spot,0.655
2024-11-01,AUDUSD,FX Spot,0.6582
2024-11-04,AUDUSD,FX Spot,0.6584
2024-11-05,AUDUSD,FX Spot,0.6633
2024-11-06,AUDUSD,FX Spot,0.6573
2024-11-07,AUDUSD,FX Spot,0.6671
2024-11-08,AUDUSD,FX Spot,0.6573
2024-11-12,AUDUSD,FX Spot,0.6522
2024-11-13,AUDUSD,FX Spot,0.6486
2024-11-14,AUDUSD,FX Spot,0.6473
2024-11-15,AUDUSD,FX Spot,0.6461
2024-11-18,AUDUSD,FX Spot,0.6498
2024-11-19,AUDUSD,FX Spot,0.6524
2024-11-20,AUDUSD,FX Spot,0.6494
2024-11-21,AUDUSD,FX Spot,0.6503
2024-11-22,AUDUSD,FX Spot,0.6495
2024-11-25,AUDUSD,FX Spot,0.6491
2024-11-26,AUDUSD,FX Spot,0.6461
2024-11-27,AUDUSD,FX Spot,0.6492
2024-11-29,AUDUSD,FX Spot,0.6513
2024-12-02,AUDUSD,FX Spot,0.6459
2024-12-03,AUDUSD,FX Spot,0.6483
2024-12-04,AUDUSD,FX Spot,0.6436
2024-12-05,AUDUSD,FX Spot,0.6439
2024-12-06,AUDUSD,FX Spot,0.6382
2024-12-09,AUDUSD,FX Spot,0.6462
2024-12-10,AUDUSD,FX Spot,0.6377
2024-12-11,AUDUSD,FX Spot,0.6378
2024-12-12,AUDUSD,FX Spot,0.6388
2024-12-13,AUDUSD,FX Spot,0.6359
2024-12-16,AUDUSD,FX Spot,0.6372
2024-12-17,AUDUSD,FX Spot,0.6339
2024-12-18,AUDUSD,FX Spot,0.6302
2024-12-19,AUDUSD,FX Spot,0.6252
2024-12-20,AUDUSD,FX Spot,0.6266
2024-12-23,AUDUSD,FX Spot,0.6243
2024-12-24,AUDUSD,FX Spot,0.623
2024-12-26,AUDUSD,FX Spot,0.6227
2024-12-27,AUDUSD,FX Spot,0.6208
2024-12-30,AUDUSD,FX Spot,0.6219
2024-12-31,AUDUSD,FX Spot,0.6185
2025-01-02,AUDUSD,FX Spot,0.6208
2025-01-03,AUDUSD,FX Spot,0.6209
2025-01-06,AUDUSD,FX Spot,0.6251
2025-01-07,AUDUSD,FX Spot,0.6245
2025-01-08,AUDUSD,FX Spot,0.6217
2025-01-09,AUDUSD,FX Spot,0.6196
2025-01-10,AUDUSD,FX Spot,0.6147
2025-01-13,AUDUSD,FX Spot,0.6155
2025-01-14,AUDUSD,FX Spot,0.6184
2025-01-15,AUDUSD,FX Spot,0.6218
2025-01-16,AUDUSD,FX Spot,0.6221
2025-01-17,AUDUSD,FX Spot,0.621
2025-01-21,AUDUSD,FX Spot,0.6272
2025-01-22,AUDUSD,FX Spot,0.6276
2025-01-23,AUDUSD,FX Spot,0.6287
2025-01-24,AUDUSD,FX Spot,0.6322
2025-01-27,AUDUSD,FX Spot,0.628
2025-01-28,AUDUSD,FX Spot,0.6247
2025-01-29,AUDUSD,FX Spot,0.6228
2025-01-30,AUDUSD,FX Spot,0.6233
2025-01-31,AUDUSD,FX Spot,0.6242
2025-02-03,AUDUSD,FX Spot,0.6177
2025-02-04,AUDUSD,FX Spot,0.6257
2025-02-05,AUDUSD,FX Spot,0.6296
2025-02-06,AUDUSD,FX Spot,0.6279
2025-02-07,AUDUSD,FX Spot,0.6264
2025-02-10,AUDUSD,FX Spot,0.6279
2025-02-11,AUDUSD,FX Spot,0.6294
2025-02-12,AUDUSD,FX Spot,0.6285
2025-02-13,AUDUSD,FX Spot,0.6292
2025-02-14,AUDUSD,FX Spot,0.6359
2025-02-18,AUDUSD,FX Spot,0.6353
2025-02-19,AUDUSD,FX Spot,0.6341
2025-02-20,AUDUSD,FX Spot,0.6393
2025-02-21,AUDUSD,FX Spot,0.6376
2025-02-24,AUDUSD,FX Spot,0.6361
2025-02-25,AUDUSD,FX Spot,0.6332
2025-02-26,AUDUSD,FX Spot,0.6323
2025-02-27,AUDUSD,FX Spot,0.6256
2025-02-28,AUDUSD,FX Spot,0.6211
2025-03-03,AUDUSD,FX Spot,0.6249
2025-03-04,AUDUSD,FX Spot,0.6212
2025-03-05,AUDUSD,FX Spot,0.6312
2025-03-06,AUDUSD,FX Spot,0.6348
2025-03-07,AUDUSD,FX Spot,0.63
2025-03-10,AUDUSD,FX Spot,0.6308
2025-03-11,AUDUSD,FX Spot,0.6285
2025-03-12,AUDUSD,FX Spot,0.6306
2025-03-13,AUDUSD,FX Spot,0.6289
2025-03-14,AUDUSD,FX Spot,0.6318
2025-03-17,AUDUSD,FX Spot,0.6375
2025-03-18,AUDUSD,FX Spot,0.6356
2025-03-19,AUDUSD,FX Spot,0.6331
2025-03-20,AUDUSD,FX Spot,0.6301
2025-03-21,AUDUSD,FX Spot,0.6266
2025-03-24,AUDUSD,FX Spot,0.6281
2025-03-25,AUDUSD,FX Spot,0.6309
2025-03-26,AUDUSD,FX Spot,0.6307
2025-03-27,AUDUSD,FX Spot,0.6308
2025-03-28,AUDUSD,FX Spot,0.63
2025-03-31,AUDUSD,FX Spot,0.6236
2025-04-01,AUDUSD,FX Spot,0.6278
2025-04-02,AUDUSD,FX Spot,0.63
2025-04-03,AUDUSD,FX Spot,0.6352
2025-04-04,AUDUSD,FX Spot,0.6043
2025-04-07,AUDUSD,FX Spot,0.598
2025-04-08,AUDUSD,FX Spot,0.6015
2025-04-09,AUDUSD,FX Spot,0.6003
2025-04-10,AUDUSD,FX Spot,0.6192
2025-04-11,AUDUSD,FX Spot,0.6245
2025-04-14,AUDUSD,FX Spot,0.6312
2025-04-15,AUDUSD,FX Spot,0.6358
2025-04-16,AUDUSD,FX Spot,0.6389
2025-04-17,AUDUSD,FX Spot,0.6382
2025-04-18,AUDUSD,FX Spot,0.6375
2025-04-21,AUDUSD,FX Spot,0.6412
2025-04-22,AUDUSD,FX Spot,0.6391
2025-04-23,AUDUSD,FX Spot,0.6376
2025-04-24,AUDUSD,FX Spot,0.6396
2025-04-25,AUDUSD,FX Spot,0.6396
2025-04-28,AUDUSD,FX Spot,0.6413
2025-04-29,AUDUSD,FX Spot,0.6385
2025-04-30,AUDUSD,FX Spot,0.6399
2025-05-01,AUDUSD,FX Spot,0.6373
2025-05-02,AUDUSD,FX Spot,0.6447
2025-05-05,AUDUSD,FX Spot,0.6472
2025-05-06,AUDUSD,FX Spot,0.6489
2025-05-07,AUDUSD,FX Spot,0.6462
2025-05-08,AUDUSD,FX Spot,0.6416
2025-05-09,AUDUSD,FX Spot,0.6425
2025-05-12,AUDUSD,FX Spot,0.6369
2025-05-13,AUDUSD,FX Spot,0.6472
2025-05-14,AUDUSD,FX Spot,0.6448
2025-05-15,AUDUSD,FX Spot,0.6403
2025-05-16,AUDUSD,FX Spot,0.6395
2025-05-19,AUDUSD,FX Spot,0.6458
2025-05-20,AUDUSD,FX Spot,0.6405
2025-05-21,AUDUSD,FX Spot,0.6468
2025-05-22,AUDUSD,FX Spot,0.6417
2025-05-23,AUDUSD,FX Spot,0.6478
2025-05-27,AUDUSD,FX Spot,0.6437
2025-05-28,AUDUSD,FX Spot,0.6417
2025-05-29,AUDUSD,FX Spot,0.6443
2025-05-30,AUDUSD,FX Spot,0.6434
2025-06-02,AUDUSD,FX Spot,0.6493
2025-06-03,AUDUSD,FX Spot,0.6462
2025-06-04,AUDUSD,FX Spot,0.6499
2025-06-05,AUDUSD,FX Spot,0.6517
2025-06-06,AUDUSD,FX Spot,0.6496
2025-06-09,AUDUSD,FX Spot,0.6526
2025-06-10,AUDUSD,FX Spot,0.6523
2025-06-11,AUDUSD,FX Spot,0.6521
2025-06-12,AUDUSD,FX Spot,0.6525
2025-06-13,AUDUSD,FX Spot,0.6513
2025-06-16,AUDUSD,FX Spot,0.6536
2025-06-17,AUDUSD,FX Spot,0.6515
2025-06-18,AUDUSD,FX Spot,0.652
2025-06-20,AUDUSD,FX Spot,0.6455
2025-06-23,AUDUSD,FX Spot,0.6423
2025-06-24,AUDUSD,FX Spot,0.6499
2025-06-25,AUDUSD,FX Spot,0.6493
2025-06-26,AUDUSD,FX Spot,0.6555
2025-06-27,AUDUSD,FX Spot,0.6535
2025-06-30,AUDUSD,FX Spot,0.6573
2025-07-01,AUDUSD,FX Spot,0.6572
2025-07-02,AUDUSD,FX Spot,0.6571
2025-07-03,AUDUSD,FX Spot,0.6576
2025-07-07,AUDUSD,FX Spot,0.6513
2025-07-08,AUDUSD,FX Spot,0.6524
2025-07-09,AUDUSD,FX Spot,0.6532
2025-07-10,AUDUSD,FX Spot,0.6572
2025-07-11,AUDUSD,FX Spot,0.6577
2025-07-14,AUDUSD,FX Spot,0.655
2025-07-15,AUDUSD,FX Spot,0.652
2025-07-16,AUDUSD,FX Spot,0.6522
2025-07-17,AUDUSD,FX Spot,0.6485
2025-07-18,AUDUSD,FX Spot,0.6527
2025-07-21,AUDUSD,FX Spot,0.6531
2025-07-22,AUDUSD,FX Spot,0.6556
2025-07-23,AUDUSD,FX Spot,0.659
2025-07-24,AUDUSD,FX Spot,0.6601
2025-07-25,AUDUSD,FX Spot,0.6556
2025-07-28,AUDUSD,FX Spot,0.6519
2025-07-29,AUDUSD,FX Spot,0.6509
2025-07-30,AUDUSD,FX Spot,0.6452
2025-07-31,AUDUSD,FX Spot,0.643
2025-08-01,AUDUSD,FX Spot,0.6468
2025-08-04,AUDUSD,FX Spot,0.6467
2025-08-05,AUDUSD,FX Spot,0.6472
2025-08-06,AUDUSD,FX Spot,0.6504
2025-08-07,AUDUSD,FX Spot,0.6502
2025-08-08,AUDUSD,FX Spot,0.6528
2025-08-11,AUDUSD,FX Spot,0.6512
2025-08-12,AUDUSD,FX Spot,0.6532
2025-08-13,AUDUSD,FX Spot,0.6546
2025-08-14,AUDUSD,FX Spot,0.649
2025-08-15,AUDUSD,FX Spot,0.6515
2025-08-18,AUDUSD,FX Spot,0.6494
2025-08-19,AUDUSD,FX Spot,0.6459
2025-08-20,AUDUSD,FX Spot,0.6428
2025-08-21,AUDUSD,FX Spot,0.6421
2025-08-22,AUDUSD,FX Spot,0.6485
2025-08-25,AUDUSD,FX Spot,0.65
2025-08-26,AUDUSD,FX Spot,0.65
2025-08-27,AUDUSD,FX Spot,0.6496
2025-08-28,AUDUSD,FX Spot,0.6532
2025-08-29,AUDUSD,FX Spot,0.6545
2025-09-02,AUDUSD,FX Spot,0.6516
2025-09-03,AUDUSD,FX Spot,0.655
2025-09-04,AUDUSD,FX Spot,0.6514
2025-09-05,AUDUSD,FX Spot,0.657
2025-09-08,AUDUSD,FX Spot,0.6592
2025-09-09,AUDUSD,FX Spot,0.6593
2025-09-10,AUDUSD,FX Spot,0.6626
2025-09-11,AUDUSD,FX Spot,0.6658
2025-09-12,AUDUSD,FX Spot,0.6636
2025-09-15,AUDUSD,FX Spot,0.6671
2025-09-16,AUDUSD,FX Spot,0.6678
2025-09-17,AUDUSD,FX Spot,0.6668
2025-09-18,AUDUSD,FX Spot,0.6613
2025-09-19,AUDUSD,FX Spot,0.6597
2025-09-22,AUDUSD,FX Spot,0.6591
2025-09-23,AUDUSD,FX Spot,0.6601
2025-09-24,AUDUSD,FX Spot,0.6587
2025-09-25,AUDUSD,FX Spot,0.655
2025-09-26,AUDUSD,FX Spot,0.6546
2025-09-29,AUDUSD,FX Spot,0.6578
2025-09-30,AUDUSD,FX Spot,0.6614
2025-10-01,AUDUSD,FX Spot,0.6605
2025-10-02,AUDUSD,FX Spot,0.6588
2025-10-03,AUDUSD,FX Spot,0.6615
2025-10-06,AUDUSD,FX Spot,0.662
2025-10-07,AUDUSD,FX Spot,0.6587
2025-10-08,AUDUSD,FX Spot,0.6582
2025-10-09,AUDUSD,FX Spot,0.6556
2025-10-10,AUDUSD,FX Spot,0.6495
2025-10-14,AUDUSD,FX Spot,0.6492
2025-10-15,AUDUSD,FX Spot,0.6514
2025-10-16,AUDUSD,FX Spot,0.6492
2025-10-17,AUDUSD,FX Spot,0.6486
2025-10-20,AUDUSD,FX Spot,0.6517
2025-10-21,AUDUSD,FX Spot,0.6499
2025-10-22,AUDUSD,FX Spot,0.6502
2025-10-23,AUDUSD,FX Spot,0.6516
2025-10-24,AUDUSD,FX Spot,0.6511
2025-10-27,AUDUSD,FX Spot,0.6554
2025-10-28,AUDUSD,FX Spot,0.6585
2025-10-29,AUDUSD,FX Spot,0.6613
2025-10-30,AUDUSD,FX Spot,0.6555
2025-10-31,AUDUSD,FX Spot,0.6546
2025-11-03,AUDUSD,FX Spot,0.6537
2025-11-04,AUDUSD,FX Spot,0.6502
2025-11-05,AUDUSD,FX Spot,0.6512
2025-11-06,AUDUSD,FX Spot,0.6468
2025-11-07,AUDUSD,FX Spot,0.6476
2025-11-10,AUDUSD,FX Spot,0.6522
2025-11-12,AUDUSD,FX Spot,0.6541
2025-11-13,AUDUSD,FX Spot,0.6553
2025-11-14,AUDUSD,FX Spot,0.6549
2025-11-17,AUDUSD,FX Spot,0.6516
2025-11-18,AUDUSD,FX Spot,0.6505
2025-11-19,AUDUSD,FX Spot,0.6468
2025-11-20,AUDUSD,FX Spot,0.6448
2025-11-21,AUDUSD,FX Spot,0.6457
2025-11-24,AUDUSD,FX Spot,0.6456
2025-11-25,AUDUSD,FX Spot,0.6453
2025-11-26,AUDUSD,FX Spot,0.6516
2025-11-28,AUDUSD,FX Spot,0.6552
2025-12-01,AUDUSD,FX Spot,0.6554
2025-12-02,AUDUSD,FX Spot,0.6556
2025-12-03,AUDUSD,FX Spot,0.6592
2025-12-04,AUDUSD,FX Spot,0.6619
2025-12-05,AUDUSD,FX Spot,0.6635
2025-12-08,AUDUSD,FX Spot,0.6622
2025-12-09,AUDUSD,FX Spot,0.6653
2025-12-10,AUDUSD,FX Spot,0.6642
2025-12-11,AUDUSD,FX Spot,0.6671
2025-12-12,AUDUSD,FX Spot,0.664
2025-12-15,AUDUSD,FX Spot,0.6643
2025-12-16,AUDUSD,FX Spot,0.6637
2025-12-17,AUDUSD,FX Spot,0.6608
2025-12-18,AUDUSD,FX Spot,0.6619
2025-12-19,AUDUSD,FX Spot,0.6617
2025-12-22,AUDUSD,FX Spot,0.6657
2025-12-23,AUDUSD,FX Spot,0.6694
2025-12-24,AUDUSD,FX Spot,0.6707
2025-12-26,AUDUSD,FX Spot,0.671
2025-12-29,AUDUSD,FX Spot,0.669
2025-12-30,AUDUSD,FX Spot,0.6703
2025-12-31,AUDUSD,FX Spot,0.6669
2026-01-02,AUDUSD,FX Spot,0.6684
2026-01-05,AUDUSD,FX Spot,0.6718
2026-01-06,AUDUSD,FX Spot,0.6732
2026-01-07,AUDUSD,FX Spot,0.6728
2026-01-08,AUDUSD,FX Spot,0.6694
2026-01-09,AUDUSD,FX Spot,0.6684
2026-01-12,AUDUSD,FX Spot,0.6716
2026-01-13,AUDUSD,FX Spot,0.6684
2026-01-14,AUDUSD,FX Spot,0.6679
2026-01-15,AUDUSD,FX Spot,0.6705
2026-01-16,AUDUSD,FX Spot,0.6682
2026-01-20,AUDUSD,FX Spot,0.6743
2026-01-21,AUDUSD,FX Spot,0.6765
2026-01-22,AUDUSD,FX Spot,0.6834
2026-01-23,AUDUSD,FX Spot,0.6878
2026-01-26,AUDUSD,FX Spot,0.6933
2026-01-27,AUDUSD,FX Spot,0.6978
2026-01-28,AUDUSD,FX Spot,0.6993
2026-01-29,AUDUSD,FX Spot,0.701
2026-01-30,AUDUSD,FX Spot,0.6995
2026-02-02,AUDUSD,FX Spot,0.696
2026-02-03,AUDUSD,FX Spot,0.7019
2026-02-04,AUDUSD,FX Spot,0.6996
2026-02-05,AUDUSD,FX Spot,0.6974
2026-02-06,AUDUSD,FX Spot,0.7014
2026-02-09,AUDUSD,FX Spot,0.7087
2026-02-10,AUDUSD,FX Spot,0.7072
2026-02-11,AUDUSD,FX Spot,0.7129
2026-02-12,AUDUSD,FX Spot,0.7097
2026-02-13,AUDUSD,FX Spot,0.7068
2026-02-17,AUDUSD,FX Spot,0.7064
2026-02-18,AUDUSD,FX Spot,0.7065
2026-02-19,AUDUSD,FX Spot,0.705
2026-02-20,AUDUSD,FX Spot,0.7082
2026-02-23,AUDUSD,FX Spot,0.7061
2026-02-24,AUDUSD,FX Spot,0.7067
2026-02-25,AUDUSD,FX Spot,0.7116
2026-02-26,AUDUSD,FX Spot,0.7092
2026-02-27,AUDUSD,FX Spot,0.7121
2026-03-02,AUDUSD,FX Spot,0.7067
2026-03-03,AUDUSD,FX Spot,0.7026
2026-03-04,AUDUSD,FX Spot,0.7072
2026-03-05,AUDUSD,FX Spot,0.7005
2026-03-06,AUDUSD,FX Spot,0.7022
2026-03-09,AUDUSD,FX Spot,0.7046
2026-03-10,AUDUSD,FX Spot,0.715
2026-03-11,AUDUSD,FX Spot,0.715
2026-03-12,AUDUSD,FX Spot,0.7089
2026-03-13,AUDUSD,FX Spot,0.7004
2026-03-16,AUDUSD,FX Spot,0.7055
2026-03-17,AUDUSD,FX Spot,0.71
2026-03-18,AUDUSD,FX Spot,0.7078
2026-03-19,AUDUSD,FX Spot,0.7036
2026-03-20,AUDUSD,FX Spot,0.7033
2026-03-23,AUDUSD,FX Spot,0.6995
2026-03-24,AUDUSD,FX Spot,0.6965
2026-03-25,AUDUSD,FX Spot,0.6962
2026-03-26,AUDUSD,FX Spot,0.6913
2026-03-27,AUDUSD,FX Spot,0.689
2026-03-30,AUDUSD,FX Spot,0.6858
2026-03-31,AUDUSD,FX Spot,0.6855
2026-04-01,AUDUSD,FX Spot,0.6944
2026-04-02,AUDUSD,FX Spot,0.6911
2026-04-03,AUDUSD,FX Spot,0.6894
2026-04-06,AUDUSD,FX Spot,0.6919
2026-04-07,AUDUSD,FX Spot,0.6944
2026-04-08,AUDUSD,FX Spot,0.7062
2026-04-09,AUDUSD,FX Spot,0.7086
2026-04-10,AUDUSD,FX Spot,0.7078
2026-04-13,AUDUSD,FX Spot,0.7063
2026-04-14,AUDUSD,FX Spot,0.7131
2026-04-15,AUDUSD,FX Spot,0.7161
2026-04-16,AUDUSD,FX Spot,0.717
2026-04-17,AUDUSD,FX Spot,0.7192
2026-04-20,AUDUSD,FX Spot,0.7175
2026-04-21,AUDUSD,FX Spot,0.7164
2026-04-22,AUDUSD,FX Spot,0.7162
2026-04-23,AUDUSD,FX Spot,0.7156
2026-04-24,AUDUSD,FX Spot,0.7154
2026-04-27,AUDUSD,FX Spot,0.7193
2026-04-28,AUDUSD,FX Spot,0.7181
2026-04-29,AUDUSD,FX Spot,0.713
2026-04-30,AUDUSD,FX Spot,0.7184
2026-05-01,AUDUSD,FX Spot,0.7219
2026-05-04,AUDUSD,FX Spot,0.7167
2026-05-05,AUDUSD,FX Spot,0.7196
2026-05-06,AUDUSD,FX Spot,0.7235
2026-05-07,AUDUSD,FX Spot,0.7241
2026-05-08,AUDUSD,FX Spot,0.7242
2026-05-11,AUDUSD,FX Spot,0.7259
2026-05-12,AUDUSD,FX Spot,0.7224
2026-05-13,AUDUSD,FX Spot,0.7263
2026-05-14,AUDUSD,FX Spot,0.7225
2026-05-15,AUDUSD,FX Spot,0.7151
2026-05-18,AUDUSD,FX Spot,0.716
2026-05-19,AUDUSD,FX Spot,0.7101
2026-05-20,AUDUSD,FX Spot,0.7152
2026-05-21,AUDUSD,FX Spot,0.7134
2026-05-22,AUDUSD,FX Spot,0.7132
2026-05-26,AUDUSD,FX Spot,0.7162
2026-05-27,AUDUSD,FX Spot,0.7137
2026-05-28,AUDUSD,FX Spot,0.7159
2026-05-29,AUDUSD,FX Spot,0.7191
2026-06-01,AUDUSD,FX Spot,0.7153
2026-06-02,AUDUSD,FX Spot,0.7186
2026-06-03,AUDUSD,FX Spot,0.7139
2026-06-04,AUDUSD,FX Spot,0.7143
2026-06-05,AUDUSD,FX Spot,0.706
2026-06-08,AUDUSD,FX Spot,0.7055
2026-06-09,AUDUSD,FX Spot,0.7028
2026-06-10,AUDUSD,FX Spot,0.7022
2026-06-11,AUDUSD,FX Spot,0.6995
2026-06-12,AUDUSD,FX Spot,0.7047
2026-06-15,AUDUSD,FX Spot,0.7081
2026-06-16,AUDUSD,FX Spot,0.7077
2026-06-17,AUDUSD,FX Spot,0.7073
2026-06-18,AUDUSD,FX Spot,0.7019
2026-06-22,AUDUSD,FX Spot,0.7
2026-06-23,AUDUSD,FX Spot,0.6926
2026-06-24,AUDUSD,FX Spot,0.6895
2026-06-25,AUDUSD,FX Spot,0.6922
2026-06-26,AUDUSD,FX Spot,0.6907
2026-06-29,AUDUSD,FX Spot,0.6885
2026-06-30,AUDUSD,FX Spot,0.6915
2026-07-01,AUDUSD,FX Spot,0.6903
2026-07-02,AUDUSD,FX Spot,0.6931
2026-07-06,AUDUSD,FX Spot,0.6944
2026-07-07,AUDUSD,FX Spot,0.6935
2026-07-08,AUDUSD,FX Spot,0.6911
2026-07-09,AUDUSD,FX Spot,0.6944
2026-07-10,AUDUSD,FX Spot,0.6959
2026-07-13,AUDUSD,FX Spot,0.6935
2026-07-14,AUDUSD,FX Spot,0.6974
2026-07-15,AUDUSD,FX Spot,0.6999
2026-07-16,AUDUSD,FX Spot,0.7004
2026-07-17,AUDUSD,FX Spot,0.6985
2026-07-20,AUDUSD,FX Spot,0.7004
2026-07-21,AUDUSD,FX Spot,0.7008
2026-07-22,AUDUSD,FX Spot,0.7
2026-07-23,AUDUSD,FX Spot,0.6975
2026-07-24,AUDUSD,FX Spot,0.6996
2026-07-27,AUDUSD,FX Spot,0.6993
2026-07-28,AUDUSD,FX Spot,0.6984
2026-07-29,AUDUSD,FX Spot,0.693
2026-07-30,AUDUSD,FX Spot,0.7022
2026-07-31,AUDUSD,FX Spot,0.7026
2026-08-03,AUDUSD,FX Spot,0.7001
2026-08-04,AUDUSD,FX Spot,0.7038
2026-08-05,AUDUSD,FX Spot,0.7051
2026-08-06,AUDUSD,FX Spot,0.7028
2026-08-07,AUDUSD,FX Spot,0.7064
2026-08-10,AUDUSD,FX Spot,0.7066
2026-08-11,AUDUSD,FX Spot,0.7062
2026-08-12,AUDUSD,FX Spot,0.707
2026-08-13,AUDUSD,FX Spot,0.7058
2026-08-14,AUDUSD,FX Spot,0.7091
2026-08-17,AUDUSD,FX Spot,0.7113
2026-08-18,AUDUSD,FX Spot,0.7097
2026-08-19,AUDUSD,FX Spot,0.7123
2026-08-20,AUDUSD,FX Spot,0.712
2026-08-21,AUDUSD,FX Spot,0.7178
2026-08-24,AUDUSD,FX Spot,0.7151
2026-08-25,AUDUSD,FX Spot,0.716
2026-08-26,AUDUSD,FX Spot,0.7169
2026-08-27,AUDUSD,FX Spot,0.7198
2026-08-28,AUDUSD,FX Spot,0.7166
2024-09-04,BAC-EQ,Equity Price,40.5
2024-09-05,BAC-EQ,Equity Price,40.13999938964844
2024-09-06,BAC-EQ,Equity Price,38.7599983215332
2024-09-09,BAC-EQ,Equity Price,39.470001220703125
2024-09-10,BAC-EQ,Equity Price,39.279998779296875
2024-09-11,BAC-EQ,Equity Price,39.0
2024-09-12,BAC-EQ,Equity Price,38.779998779296875
2024-09-13,BAC-EQ,Equity Price,38.650001525878906
2024-09-16,BAC-EQ,Equity Price,39.099998474121094
2024-09-17,BAC-EQ,Equity Price,39.54999923706055
2024-09-18,BAC-EQ,Equity Price,39.619998931884766
2024-09-19,BAC-EQ,Equity Price,40.869998931884766
2024-09-20,BAC-EQ,Equity Price,40.27000045776367
2024-09-23,BAC-EQ,Equity Price,39.869998931884766
2024-09-24,BAC-EQ,Equity Price,39.45000076293945
2024-09-25,BAC-EQ,Equity Price,39.25
2024-09-26,BAC-EQ,Equity Price,39.52000045776367
2024-09-27,BAC-EQ,Equity Price,39.400001525878906
2024-09-30,BAC-EQ,Equity Price,39.68000030517578
2024-10-01,BAC-EQ,Equity Price,39.220001220703125
2024-10-02,BAC-EQ,Equity Price,39.22999954223633
2024-10-03,BAC-EQ,Equity Price,39.25
2024-10-04,BAC-EQ,Equity Price,40.11000061035156
2024-10-07,BAC-EQ,Equity Price,39.959999084472656
2024-10-08,BAC-EQ,Equity Price,39.93000030517578
2024-10-09,BAC-EQ,Equity Price,40.189998626708984
2024-10-10,BAC-EQ,Equity Price,39.970001220703125
2024-10-11,BAC-EQ,Equity Price,41.95000076293945
2024-10-14,BAC-EQ,Equity Price,41.90999984741211
2024-10-15,BAC-EQ,Equity Price,42.13999938964844
2024-10-16,BAC-EQ,Equity Price,42.79999923706055
2024-10-17,BAC-EQ,Equity Price,42.599998474121094
2024-10-18,BAC-EQ,Equity Price,42.31999969482422
2024-10-21,BAC-EQ,Equity Price,41.7599983215332
2024-10-22,BAC-EQ,Equity Price,42.29999923706055
2024-10-23,BAC-EQ,Equity Price,42.34000015258789
2024-10-24,BAC-EQ,Equity Price,42.650001525878906
2024-10-25,BAC-EQ,Equity Price,41.88999938964844
2024-10-28,BAC-EQ,Equity Price,42.619998931884766
2024-10-29,BAC-EQ,Equity Price,42.529998779296875
2024-10-30,BAC-EQ,Equity Price,42.310001373291016
2024-10-31,BAC-EQ,Equity Price,41.81999969482422
2024-11-01,BAC-EQ,Equity Price,41.7599983215332
2024-11-04,BAC-EQ,Equity Price,41.33000183105469
2024-11-05,BAC-EQ,Equity Price,41.880001068115234
2024-11-06,BAC-EQ,Equity Price,45.40999984741211
2024-11-07,BAC-EQ,Equity Price,44.77000045776367
2024-11-08,BAC-EQ,Equity Price,45.130001068115234
2024-11-11,BAC-EQ,Equity Price,46.08000183105469
2024-11-12,BAC-EQ,Equity Price,45.86000061035156
2024-11-13,BAC-EQ,Equity Price,45.869998931884766
2024-11-14,BAC-EQ,Equity Price,45.900001525878906
2024-11-15,BAC-EQ,Equity Price,46.75
2024-11-18,BAC-EQ,Equity Price,46.720001220703125
2024-11-19,BAC-EQ,Equity Price,46.40999984741211
2024-11-20,BAC-EQ,Equity Price,46.060001373291016
2024-11-21,BAC-EQ,Equity Price,46.459999084472656
2024-11-22,BAC-EQ,Equity Price,47.0
2024-11-25,BAC-EQ,Equity Price,47.5
2024-11-26,BAC-EQ,Equity Price,47.75
2024-11-27,BAC-EQ,Equity Price,47.77000045776367
2024-11-29,BAC-EQ,Equity Price,47.5099983215332
2024-12-02,BAC-EQ,Equity Price,47.040000915527344
2024-12-03,BAC-EQ,Equity Price,46.81999969482422
2024-12-04,BAC-EQ,Equity Price,46.369998931884766
2024-12-05,BAC-EQ,Equity Price,47.0
2024-12-06,BAC-EQ,Equity Price,46.75
2024-12-09,BAC-EQ,Equity Price,45.90999984741211
2024-12-10,BAC-EQ,Equity Price,45.75
2024-12-11,BAC-EQ,Equity Price,46.08000183105469
2024-12-12,BAC-EQ,Equity Price,46.08000183105469
2024-12-13,BAC-EQ,Equity Price,45.66999816894531
2024-12-16,BAC-EQ,Equity Price,45.470001220703125
2024-12-17,BAC-EQ,Equity Price,45.04999923706055
2024-12-18,BAC-EQ,Equity Price,43.5
2024-12-19,BAC-EQ,Equity Price,43.380001068115234
2024-12-20,BAC-EQ,Equity Price,44.16999816894531
2024-12-23,BAC-EQ,Equity Price,43.88999938964844
2024-12-24,BAC-EQ,Equity Price,44.380001068115234
2024-12-26,BAC-EQ,Equity Price,44.54999923706055
2024-12-27,BAC-EQ,Equity Price,44.34000015258789
2024-12-30,BAC-EQ,Equity Price,43.90999984741211
2024-12-31,BAC-EQ,Equity Price,43.95000076293945
2025-01-02,BAC-EQ,Equity Price,44.290000915527344
2025-01-03,BAC-EQ,Equity Price,44.810001373291016
2025-01-06,BAC-EQ,Equity Price,45.400001525878906
2025-01-07,BAC-EQ,Equity Price,46.08000183105469
2025-01-08,BAC-EQ,Equity Price,46.209999084472656
2025-01-10,BAC-EQ,Equity Price,45.11000061035156
2025-01-13,BAC-EQ,Equity Price,45.060001373291016
2025-01-14,BAC-EQ,Equity Price,45.779998779296875
2025-01-15,BAC-EQ,Equity Price,47.099998474121094
2025-01-16,BAC-EQ,Equity Price,46.63999938964844
2025-01-17,BAC-EQ,Equity Price,46.529998779296875
2025-01-21,BAC-EQ,Equity Price,46.65999984741211
2025-01-22,BAC-EQ,Equity Price,45.790000915527344
2025-01-23,BAC-EQ,Equity Price,46.38999938964844
2025-01-24,BAC-EQ,Equity Price,46.52000045776367
2025-01-27,BAC-EQ,Equity Price,47.09000015258789
2025-01-28,BAC-EQ,Equity Price,46.84000015258789
2025-01-29,BAC-EQ,Equity Price,46.75
2025-01-30,BAC-EQ,Equity Price,46.720001220703125
2025-01-31,BAC-EQ,Equity Price,46.29999923706055
2025-02-03,BAC-EQ,Equity Price,46.209999084472656
2025-02-04,BAC-EQ,Equity Price,46.709999084472656
2025-02-05,BAC-EQ,Equity Price,47.11000061035156
2025-02-06,BAC-EQ,Equity Price,47.7400016784668
2025-02-07,BAC-EQ,Equity Price,47.400001525878906
2025-02-10,BAC-EQ,Equity Price,46.66999816894531
2025-02-11,BAC-EQ,Equity Price,46.790000915527344
2025-02-12,BAC-EQ,Equity Price,46.209999084472656
2025-02-13,BAC-EQ,Equity Price,46.33000183105469
2025-02-14,BAC-EQ,Equity Price,46.959999084472656
2025-02-18,BAC-EQ,Equity Price,46.529998779296875
2025-02-19,BAC-EQ,Equity Price,46.0099983215332
2025-02-20,BAC-EQ,Equity Price,45.29999923706055
2025-02-21,BAC-EQ,Equity Price,44.810001373291016
2025-02-24,BAC-EQ,Equity Price,44.459999084472656
2025-02-25,BAC-EQ,Equity Price,43.939998626708984
2025-02-26,BAC-EQ,Equity Price,43.939998626708984
2025-02-27,BAC-EQ,Equity Price,44.119998931884766
2025-02-28,BAC-EQ,Equity Price,46.099998474121094
2025-03-03,BAC-EQ,Equity Price,45.560001373291016
2025-03-04,BAC-EQ,Equity Price,42.66999816894531
2025-03-05,BAC-EQ,Equity Price,42.290000915527344
2025-03-06,BAC-EQ,Equity Price,41.459999084472656
2025-03-07,BAC-EQ,Equity Price,41.400001525878906
2025-03-10,BAC-EQ,Equity Price,39.83000183105469
2025-03-11,BAC-EQ,Equity Price,39.61000061035156
2025-03-12,BAC-EQ,Equity Price,39.90999984741211
2025-03-13,BAC-EQ,Equity Price,39.66999816894531
2025-03-14,BAC-EQ,Equity Price,40.88999938964844
2025-03-17,BAC-EQ,Equity Price,41.439998626708984
2025-03-18,BAC-EQ,Equity Price,41.650001525878906
2025-03-19,BAC-EQ,Equity Price,42.209999084472656
2025-03-20,BAC-EQ,Equity Price,42.47999954223633
2025-03-21,BAC-EQ,Equity Price,42.470001220703125
2025-03-24,BAC-EQ,Equity Price,43.06999969482422
2025-03-25,BAC-EQ,Equity Price,43.279998779296875
2025-03-26,BAC-EQ,Equity Price,42.81999969482422
2025-03-27,BAC-EQ,Equity Price,42.560001373291016
2025-03-28,BAC-EQ,Equity Price,41.25
2025-03-31,BAC-EQ,Equity Price,41.72999954223633
2025-04-01,BAC-EQ,Equity Price,41.4900016784668
2025-04-02,BAC-EQ,Equity Price,41.849998474121094
2025-04-03,BAC-EQ,Equity Price,37.220001220703125
2025-04-04,BAC-EQ,Equity Price,34.38999938964844
2025-04-07,BAC-EQ,Equity Price,35.58000183105469
2025-04-08,BAC-EQ,Equity Price,35.029998779296875
2025-04-09,BAC-EQ,Equity Price,37.150001525878906
2025-04-10,BAC-EQ,Equity Price,35.849998474121094
2025-04-11,BAC-EQ,Equity Price,35.95000076293945
2025-04-14,BAC-EQ,Equity Price,36.66999816894531
2025-04-15,BAC-EQ,Equity Price,37.9900016784668
2025-04-16,BAC-EQ,Equity Price,37.33000183105469
2025-04-17,BAC-EQ,Equity Price,37.40999984741211
2025-04-21,BAC-EQ,Equity Price,36.91999816894531
2025-04-22,BAC-EQ,Equity Price,38.31999969482422
2025-04-23,BAC-EQ,Equity Price,38.75
2025-04-24,BAC-EQ,Equity Price,39.58000183105469
2025-04-25,BAC-EQ,Equity Price,39.689998626708984
2025-04-28,BAC-EQ,Equity Price,39.779998779296875
2025-04-29,BAC-EQ,Equity Price,39.9900016784668
2025-04-30,BAC-EQ,Equity Price,39.880001068115234
2025-05-01,BAC-EQ,Equity Price,40.16999816894531
2025-05-02,BAC-EQ,Equity Price,41.06999969482422
2025-05-05,BAC-EQ,Equity Price,41.119998931884766
2025-05-06,BAC-EQ,Equity Price,40.84000015258789
2025-05-07,BAC-EQ,Equity Price,40.93000030517578
2025-05-08,BAC-EQ,Equity Price,41.599998474121094
2025-05-09,BAC-EQ,Equity Price,41.790000915527344
2025-05-12,BAC-EQ,Equity Price,43.36000061035156
2025-05-13,BAC-EQ,Equity Price,44.279998779296875
2025-05-14,BAC-EQ,Equity Price,44.7400016784668
2025-05-15,BAC-EQ,Equity Price,44.380001068115234
2025-05-16,BAC-EQ,Equity Price,44.689998626708984
2025-05-19,BAC-EQ,Equity Price,44.77000045776367
2025-05-20,BAC-EQ,Equity Price,44.689998626708984
2025-05-21,BAC-EQ,Equity Price,43.25
2025-05-22,BAC-EQ,Equity Price,43.310001373291016
2025-05-23,BAC-EQ,Equity Price,43.20000076293945
2025-05-27,BAC-EQ,Equity Price,44.220001220703125
2025-05-28,BAC-EQ,Equity Price,44.060001373291016
2025-05-29,BAC-EQ,Equity Price,44.2400016784668
2025-05-30,BAC-EQ,Equity Price,44.130001068115234
2025-06-02,BAC-EQ,Equity Price,44.08000183105469
2025-06-03,BAC-EQ,Equity Price,44.650001525878906
2025-06-04,BAC-EQ,Equity Price,44.36000061035156
2025-06-05,BAC-EQ,Equity Price,44.380001068115234
2025-06-06,BAC-EQ,Equity Price,44.970001220703125
2025-06-09,BAC-EQ,Equity Price,44.869998931884766
2025-06-10,BAC-EQ,Equity Price,45.09000015258789
2025-06-11,BAC-EQ,Equity Price,44.72999954223633
2025-06-12,BAC-EQ,Equity Price,44.619998931884766
2025-06-13,BAC-EQ,Equity Price,44.09000015258789
2025-06-16,BAC-EQ,Equity Price,44.40999984741211
2025-06-17,BAC-EQ,Equity Price,44.22999954223633
2025-06-18,BAC-EQ,Equity Price,45.060001373291016
2025-06-20,BAC-EQ,Equity Price,45.5
2025-06-23,BAC-EQ,Equity Price,46.29999923706055
2025-06-24,BAC-EQ,Equity Price,46.65999984741211
2025-06-25,BAC-EQ,Equity Price,46.849998474121094
2025-06-26,BAC-EQ,Equity Price,47.459999084472656
2025-06-27,BAC-EQ,Equity Price,47.119998931884766
2025-06-30,BAC-EQ,Equity Price,47.31999969482422
2025-07-01,BAC-EQ,Equity Price,48.150001525878906
2025-07-02,BAC-EQ,Equity Price,48.709999084472656
2025-07-03,BAC-EQ,Equity Price,48.93000030517578
2025-07-07,BAC-EQ,Equity Price,48.65999984741211
2025-07-08,BAC-EQ,Equity Price,47.150001525878906
2025-07-09,BAC-EQ,Equity Price,46.84000015258789
2025-07-10,BAC-EQ,Equity Price,46.970001220703125
2025-07-11,BAC-EQ,Equity Price,46.72999954223633
2025-07-14,BAC-EQ,Equity Price,47.06999969482422
2025-07-15,BAC-EQ,Equity Price,46.150001525878906
2025-07-16,BAC-EQ,Equity Price,46.029998779296875
2025-07-17,BAC-EQ,Equity Price,47.02000045776367
2025-07-18,BAC-EQ,Equity Price,47.31999969482422
2025-07-21,BAC-EQ,Equity Price,47.47999954223633
2025-07-22,BAC-EQ,Equity Price,47.77000045776367
2025-07-23,BAC-EQ,Equity Price,48.13999938964844
2025-07-24,BAC-EQ,Equity Price,48.38999938964844
2025-07-25,BAC-EQ,Equity Price,48.45000076293945
2025-07-28,BAC-EQ,Equity Price,48.22999954223633
2025-07-29,BAC-EQ,Equity Price,47.95000076293945
2025-07-30,BAC-EQ,Equity Price,47.959999084472656
2025-07-31,BAC-EQ,Equity Price,47.27000045776367
2025-08-01,BAC-EQ,Equity Price,45.65999984741211
2025-08-04,BAC-EQ,Equity Price,45.849998474121094
2025-08-05,BAC-EQ,Equity Price,45.560001373291016
2025-08-06,BAC-EQ,Equity Price,45.41999816894531
2025-08-07,BAC-EQ,Equity Price,44.91999816894531
2025-08-08,BAC-EQ,Equity Price,46.0099983215332
2025-08-11,BAC-EQ,Equity Price,46.15999984741211
2025-08-12,BAC-EQ,Equity Price,47.5
2025-08-13,BAC-EQ,Equity Price,47.2400016784668
2025-08-14,BAC-EQ,Equity Price,47.709999084472656
2025-08-15,BAC-EQ,Equity Price,46.939998626708984
2025-08-18,BAC-EQ,Equity Price,47.91999816894531
2025-08-19,BAC-EQ,Equity Price,48.08000183105469
2025-08-20,BAC-EQ,Equity Price,48.349998474121094
2025-08-21,BAC-EQ,Equity Price,48.2599983215332
2025-08-22,BAC-EQ,Equity Price,49.47999954223633
2025-08-25,BAC-EQ,Equity Price,49.47999954223633
2025-08-26,BAC-EQ,Equity Price,50.25
2025-08-27,BAC-EQ,Equity Price,50.380001068115234
2025-08-28,BAC-EQ,Equity Price,50.4900016784668
2025-08-29,BAC-EQ,Equity Price,50.7400016784668
2025-09-02,BAC-EQ,Equity Price,50.41999816894531
2025-09-03,BAC-EQ,Equity Price,50.060001373291016
2025-09-04,BAC-EQ,Equity Price,50.619998931884766
2025-09-05,BAC-EQ,Equity Price,49.77000045776367
2025-09-08,BAC-EQ,Equity Price,49.459999084472656
2025-09-09,BAC-EQ,Equity Price,50.290000915527344
2025-09-10,BAC-EQ,Equity Price,50.130001068115234
2025-09-11,BAC-EQ,Equity Price,50.75
2025-09-12,BAC-EQ,Equity Price,50.58000183105469
2025-09-15,BAC-EQ,Equity Price,50.59000015258789
2025-09-16,BAC-EQ,Equity Price,50.65999984741211
2025-09-17,BAC-EQ,Equity Price,51.400001525878906
2025-09-18,BAC-EQ,Equity Price,52.130001068115234
2025-09-19,BAC-EQ,Equity Price,52.25
2025-09-22,BAC-EQ,Equity Price,51.91999816894531
2025-09-23,BAC-EQ,Equity Price,51.70000076293945
2025-09-24,BAC-EQ,Equity Price,51.70000076293945
2025-09-25,BAC-EQ,Equity Price,51.849998474121094
2025-09-26,BAC-EQ,Equity Price,52.209999084472656
2025-09-29,BAC-EQ,Equity Price,52.41999816894531
2025-09-30,BAC-EQ,Equity Price,51.59000015258789
2025-10-01,BAC-EQ,Equity Price,50.68000030517578
2025-10-02,BAC-EQ,Equity Price,50.47999954223633
2025-10-03,BAC-EQ,Equity Price,50.63999938964844
2025-10-06,BAC-EQ,Equity Price,50.38999938964844
2025-10-07,BAC-EQ,Equity Price,50.290000915527344
2025-10-08,BAC-EQ,Equity Price,49.84000015258789
2025-10-09,BAC-EQ,Equity Price,49.790000915527344
2025-10-10,BAC-EQ,Equity Price,48.650001525878906
2025-10-13,BAC-EQ,Equity Price,48.86000061035156
2025-10-14,BAC-EQ,Equity Price,50.09000015258789
2025-10-15,BAC-EQ,Equity Price,52.279998779296875
2025-10-16,BAC-EQ,Equity Price,50.439998626708984
2025-10-17,BAC-EQ,Equity Price,51.279998779296875
2025-10-20,BAC-EQ,Equity Price,52.040000915527344
2025-10-21,BAC-EQ,Equity Price,51.52000045776367
2025-10-22,BAC-EQ,Equity Price,51.099998474121094
2025-10-23,BAC-EQ,Equity Price,51.7599983215332
2025-10-24,BAC-EQ,Equity Price,52.56999969482422
2025-10-27,BAC-EQ,Equity Price,53.02000045776367
2025-10-28,BAC-EQ,Equity Price,52.869998931884766
2025-10-29,BAC-EQ,Equity Price,52.58000183105469
2025-10-30,BAC-EQ,Equity Price,53.029998779296875
2025-10-31,BAC-EQ,Equity Price,53.45000076293945
2025-11-03,BAC-EQ,Equity Price,53.560001373291016
2025-11-04,BAC-EQ,Equity Price,53.540000915527344
2025-11-05,BAC-EQ,Equity Price,52.45000076293945
2025-11-06,BAC-EQ,Equity Price,53.290000915527344
2025-11-07,BAC-EQ,Equity Price,53.20000076293945
2025-11-10,BAC-EQ,Equity Price,53.41999816894531
2025-11-11,BAC-EQ,Equity Price,53.630001068115234
2025-11-12,BAC-EQ,Equity Price,54.11000061035156
2025-11-13,BAC-EQ,Equity Price,52.869998931884766
2025-11-14,BAC-EQ,Equity Price,52.61000061035156
2025-11-17,BAC-EQ,Equity Price,51.47999954223633
2025-11-18,BAC-EQ,Equity Price,51.63999938964844
2025-11-19,BAC-EQ,Equity Price,52.02000045776367
2025-11-20,BAC-EQ,Equity Price,51.0
2025-11-21,BAC-EQ,Equity Price,51.560001373291016
2025-11-24,BAC-EQ,Equity Price,51.93000030517578
2025-11-25,BAC-EQ,Equity Price,52.47999954223633
2025-11-26,BAC-EQ,Equity Price,52.9900016784668
2025-11-28,BAC-EQ,Equity Price,53.650001525878906
2025-12-01,BAC-EQ,Equity Price,53.2400016784668
2025-12-02,BAC-EQ,Equity Price,53.189998626708984
2025-12-03,BAC-EQ,Equity Price,54.09000015258789
2025-12-04,BAC-EQ,Equity Price,54.15999984741211
2025-12-05,BAC-EQ,Equity Price,53.95000076293945
2025-12-08,BAC-EQ,Equity Price,53.900001525878906
2025-12-09,BAC-EQ,Equity Price,53.540000915527344
2025-12-10,BAC-EQ,Equity Price,54.08000183105469
2025-12-11,BAC-EQ,Equity Price,54.560001373291016
2025-12-12,BAC-EQ,Equity Price,55.13999938964844
2025-12-15,BAC-EQ,Equity Price,55.33000183105469
2025-12-16,BAC-EQ,Equity Price,54.810001373291016
2025-12-17,BAC-EQ,Equity Price,54.54999923706055
2025-12-18,BAC-EQ,Equity Price,54.2599983215332
2025-12-19,BAC-EQ,Equity Price,55.27000045776367
2025-12-22,BAC-EQ,Equity Price,55.880001068115234
2025-12-23,BAC-EQ,Equity Price,55.970001220703125
2025-12-24,BAC-EQ,Equity Price,56.25
2025-12-26,BAC-EQ,Equity Price,56.16999816894531
2025-12-29,BAC-EQ,Equity Price,55.349998474121094
2025-12-30,BAC-EQ,Equity Price,55.279998779296875
2025-12-31,BAC-EQ,Equity Price,55.0
2026-01-02,BAC-EQ,Equity Price,55.95000076293945
2026-01-05,BAC-EQ,Equity Price,56.88999938964844
2026-01-06,BAC-EQ,Equity Price,57.25
2026-01-07,BAC-EQ,Equity Price,55.63999938964844
2026-01-08,BAC-EQ,Equity Price,56.18000030517578
2026-01-09,BAC-EQ,Equity Price,55.849998474121094
2026-01-12,BAC-EQ,Equity Price,55.189998626708984
2026-01-13,BAC-EQ,Equity Price,54.540000915527344
2026-01-14,BAC-EQ,Equity Price,52.47999954223633
2026-01-15,BAC-EQ,Equity Price,52.59000015258789
2026-01-16,BAC-EQ,Equity Price,52.970001220703125
2026-01-20,BAC-EQ,Equity Price,52.099998474121094
2026-01-21,BAC-EQ,Equity Price,52.06999969482422
2026-01-22,BAC-EQ,Equity Price,52.45000076293945
2026-01-23,BAC-EQ,Equity Price,51.720001220703125
2026-01-26,BAC-EQ,Equity Price,52.02000045776367
2026-01-27,BAC-EQ,Equity Price,52.16999816894531
2026-01-28,BAC-EQ,Equity Price,51.810001373291016
2026-01-29,BAC-EQ,Equity Price,53.08000183105469
2026-01-30,BAC-EQ,Equity Price,53.20000076293945
2026-02-02,BAC-EQ,Equity Price,54.029998779296875
2026-02-03,BAC-EQ,Equity Price,54.45000076293945
2026-02-04,BAC-EQ,Equity Price,55.380001068115234
2026-02-05,BAC-EQ,Equity Price,54.939998626708984
2026-02-06,BAC-EQ,Equity Price,56.529998779296875
2026-02-09,BAC-EQ,Equity Price,56.40999984741211
2026-02-10,BAC-EQ,Equity Price,55.38999938964844
2026-02-11,BAC-EQ,Equity Price,53.849998474121094
2026-02-12,BAC-EQ,Equity Price,52.52000045776367
2026-02-13,BAC-EQ,Equity Price,52.54999923706055
2026-02-17,BAC-EQ,Equity Price,52.7400016784668
2026-02-18,BAC-EQ,Equity Price,53.36000061035156
2026-02-19,BAC-EQ,Equity Price,52.77000045776367
2026-02-20,BAC-EQ,Equity Price,53.060001373291016
2026-02-23,BAC-EQ,Equity Price,51.06999969482422
2026-02-24,BAC-EQ,Equity Price,50.40999984741211
2026-02-25,BAC-EQ,Equity Price,51.689998626708984
2026-02-26,BAC-EQ,Equity Price,52.29999923706055
2026-02-27,BAC-EQ,Equity Price,49.83000183105469
2026-03-02,BAC-EQ,Equity Price,49.810001373291016
2026-03-03,BAC-EQ,Equity Price,49.970001220703125
2026-03-04,BAC-EQ,Equity Price,50.29999923706055
2026-03-05,BAC-EQ,Equity Price,49.810001373291016
2026-03-06,BAC-EQ,Equity Price,48.63999938964844
2026-03-09,BAC-EQ,Equity Price,47.900001525878906
2026-03-10,BAC-EQ,Equity Price,48.560001373291016
2026-03-11,BAC-EQ,Equity Price,48.52000045776367
2026-03-12,BAC-EQ,Equity Price,47.130001068115234
2026-03-13,BAC-EQ,Equity Price,46.720001220703125
2026-03-16,BAC-EQ,Equity Price,47.060001373291016
2026-03-17,BAC-EQ,Equity Price,47.279998779296875
2026-03-18,BAC-EQ,Equity Price,46.83000183105469
2026-03-19,BAC-EQ,Equity Price,47.0099983215332
2026-03-20,BAC-EQ,Equity Price,47.15999984741211
2026-03-23,BAC-EQ,Equity Price,47.52000045776367
2026-03-24,BAC-EQ,Equity Price,48.13999938964844
2026-03-25,BAC-EQ,Equity Price,48.75
2026-03-26,BAC-EQ,Equity Price,48.2400016784668
2026-03-27,BAC-EQ,Equity Price,46.970001220703125
2026-03-30,BAC-EQ,Equity Price,47.22999954223633
2026-03-31,BAC-EQ,Equity Price,48.75
2026-04-01,BAC-EQ,Equity Price,49.27000045776367
2026-04-02,BAC-EQ,Equity Price,49.380001068115234
2026-04-06,BAC-EQ,Equity Price,50.060001373291016
2026-04-07,BAC-EQ,Equity Price,50.279998779296875
2026-04-08,BAC-EQ,Equity Price,51.880001068115234
2026-04-09,BAC-EQ,Equity Price,52.709999084472656
2026-04-10,BAC-EQ,Equity Price,52.540000915527344
2026-04-13,BAC-EQ,Equity Price,53.349998474121094
2026-04-14,BAC-EQ,Equity Price,53.349998474121094
2026-04-15,BAC-EQ,Equity Price,54.31999969482422
2026-04-16,BAC-EQ,Equity Price,53.5099983215332
2026-04-17,BAC-EQ,Equity Price,53.90999984741211
2026-04-20,BAC-EQ,Equity Price,53.95000076293945
2026-04-21,BAC-EQ,Equity Price,53.47999954223633
2026-04-22,BAC-EQ,Equity Price,53.119998931884766
2026-04-23,BAC-EQ,Equity Price,52.470001220703125
2026-04-24,BAC-EQ,Equity Price,52.04999923706055
2026-04-27,BAC-EQ,Equity Price,52.630001068115234
2026-04-28,BAC-EQ,Equity Price,52.65999984741211
2026-04-29,BAC-EQ,Equity Price,52.880001068115234
2026-04-30,BAC-EQ,Equity Price,53.459999084472656
2026-05-01,BAC-EQ,Equity Price,53.2400016784668
2026-05-04,BAC-EQ,Equity Price,52.189998626708984
2026-05-05,BAC-EQ,Equity Price,53.119998931884766
2026-05-06,BAC-EQ,Equity Price,53.599998474121094
2026-05-07,BAC-EQ,Equity Price,52.75
2026-05-08,BAC-EQ,Equity Price,51.310001373291016
2026-05-11,BAC-EQ,Equity Price,50.54999923706055
2026-05-12,BAC-EQ,Equity Price,50.779998779296875
2026-05-13,BAC-EQ,Equity Price,49.84000015258789
2026-05-14,BAC-EQ,Equity Price,49.849998474121094
2026-05-15,BAC-EQ,Equity Price,49.77000045776367
2026-05-18,BAC-EQ,Equity Price,50.689998626708984
2026-05-19,BAC-EQ,Equity Price,50.70000076293945
2026-05-20,BAC-EQ,Equity Price,51.22999954223633
2026-05-21,BAC-EQ,Equity Price,51.4900016784668
2026-05-22,BAC-EQ,Equity Price,51.79999923706055
2026-05-26,BAC-EQ,Equity Price,52.20000076293945
2026-05-27,BAC-EQ,Equity Price,51.099998474121094
2026-05-28,BAC-EQ,Equity Price,50.77000045776367
2026-05-29,BAC-EQ,Equity Price,51.599998474121094
2026-06-01,BAC-EQ,Equity Price,51.5099983215332
2026-06-02,BAC-EQ,Equity Price,52.47999954223633
2026-06-03,BAC-EQ,Equity Price,52.400001525878906
2026-06-04,BAC-EQ,Equity Price,54.16999816894531
2026-06-05,BAC-EQ,Equity Price,53.83000183105469
2026-06-08,BAC-EQ,Equity Price,53.630001068115234
2026-06-09,BAC-EQ,Equity Price,54.41999816894531
2026-06-10,BAC-EQ,Equity Price,54.540000915527344
2026-06-11,BAC-EQ,Equity Price,55.15999984741211
2026-06-12,BAC-EQ,Equity Price,56.02000045776367
2026-06-15,BAC-EQ,Equity Price,55.869998931884766
2026-06-16,BAC-EQ,Equity Price,56.84000015258789
2026-06-17,BAC-EQ,Equity Price,56.529998779296875
2026-06-18,BAC-EQ,Equity Price,56.20000076293945
2026-06-22,BAC-EQ,Equity Price,57.369998931884766
2026-06-23,BAC-EQ,Equity Price,57.90999984741211
2026-06-24,BAC-EQ,Equity Price,57.72999954223633
2026-06-25,BAC-EQ,Equity Price,58.189998626708984
2026-06-26,BAC-EQ,Equity Price,57.880001068115234
2026-06-29,BAC-EQ,Equity Price,57.880001068115234
2026-06-30,BAC-EQ,Equity Price,56.97999954223633
2026-07-01,BAC-EQ,Equity Price,58.36000061035156
2026-07-02,BAC-EQ,Equity Price,58.72999954223633
2026-07-06,BAC-EQ,Equity Price,59.900001525878906
2026-07-07,BAC-EQ,Equity Price,59.86000061035156
2026-07-08,BAC-EQ,Equity Price,58.29999923706055
2026-07-09,BAC-EQ,Equity Price,59.25
2026-07-10,BAC-EQ,Equity Price,59.66999816894531
2026-07-13,BAC-EQ,Equity Price,59.5
2026-07-14,BAC-EQ,Equity Price,60.619998931884766
2026-07-15,BAC-EQ,Equity Price,61.59000015258789
2026-07-16,BAC-EQ,Equity Price,61.4900016784668
2026-07-17,BAC-EQ,Equity Price,61.27000045776367
2026-07-20,BAC-EQ,Equity Price,60.41999816894531
2026-07-21,BAC-EQ,Equity Price,61.220001220703125
2026-07-22,BAC-EQ,Equity Price,61.619998931884766
2026-07-23,BAC-EQ,Equity Price,61.279998779296875
2026-07-24,BAC-EQ,Equity Price,62.04999923706055
2026-07-27,BAC-EQ,Equity Price,62.130001068115234
2026-07-28,BAC-EQ,Equity Price,62.619998931884766
2026-07-29,BAC-EQ,Equity Price,61.06999969482422
2026-07-30,BAC-EQ,Equity Price,61.72999954223633
2026-07-31,BAC-EQ,Equity Price,61.95000076293945
2026-08-03,BAC-EQ,Equity Price,62.47999954223633
2026-08-04,BAC-EQ,Equity Price,62.900001525878906
2026-08-05,BAC-EQ,Equity Price,63.25
2026-08-06,BAC-EQ,Equity Price,63.0
2026-08-07,BAC-EQ,Equity Price,63.16999816894531
2026-08-10,BAC-EQ,Equity Price,63.86000061035156
2026-08-11,BAC-EQ,Equity Price,64.0
2026-08-12,BAC-EQ,Equity Price,64.80999755859375
2026-08-13,BAC-EQ,Equity Price,64.08999633789062
2026-08-14,BAC-EQ,Equity Price,64.48999786376953
2026-08-17,BAC-EQ,Equity Price,63.88999938964844
2026-08-18,BAC-EQ,Equity Price,64.2300033569336
2026-08-19,BAC-EQ,Equity Price,63.16999816894531
2026-08-20,BAC-EQ,Equity Price,61.86000061035156
2026-08-21,BAC-EQ,Equity Price,61.689998626708984
2026-08-24,BAC-EQ,Equity Price,62.33000183105469
2026-08-25,BAC-EQ,Equity Price,62.43000030517578
2026-08-26,BAC-EQ,Equity Price,62.22999954223633
2026-08-27,BAC-EQ,Equity Price,61.16999816894531
2026-08-28,BAC-EQ,Equity Price,62.31999969482422
2026-08-31,BAC-EQ,Equity Price,61.939998626708984
2026-09-01,BAC-EQ,Equity Price,61.9900016784668
2026-09-02,BAC-EQ,Equity Price,62.599998474121094
2026-09-03,BAC-EQ,Equity Price,63.040000915527344
2024-09-04,BUND-10Y-YIELD,Yield,0.027
2024-09-05,BUND-10Y-YIELD,Yield,0.02716806015584205
2024-09-06,BUND-10Y-YIELD,Yield,0.026981323138231227
2024-09-09,BUND-10Y-YIELD,Yield,0.026978378624892347
2024-09-10,BUND-10Y-YIELD,Yield,0.02697854000443141
2024-09-11,BUND-10Y-YIELD,Yield,0.026995768235019535
2024-09-12,BUND-10Y-YIELD,Yield,0.027650588829496402
2024-09-13,BUND-10Y-YIELD,Yield,0.027565434853962283
2024-09-16,BUND-10Y-YIELD,Yield,0.02747788241092488
2024-09-17,BUND-10Y-YIELD,Yield,0.027340456376252806
2024-09-18,BUND-10Y-YIELD,Yield,0.027651258909993186
2024-09-19,BUND-10Y-YIELD,Yield,0.0275274023485463
2024-09-20,BUND-10Y-YIELD,Yield,0.027500930766573208
2024-09-23,BUND-10Y-YIELD,Yield,0.027765100956383022
2024-09-24,BUND-10Y-YIELD,Yield,0.02799352247499067
2024-09-25,BUND-10Y-YIELD,Yield,0.027701162059455418
2024-09-26,BUND-10Y-YIELD,Yield,0.02824564400488599
2024-09-27,BUND-10Y-YIELD,Yield,0.028328884184743972
2024-09-30,BUND-10Y-YIELD,Yield,0.028614133732811756
2024-10-01,BUND-10Y-YIELD,Yield,0.02871343197144724
2024-10-02,BUND-10Y-YIELD,Yield,0.02922816572445343
2024-10-03,BUND-10Y-YIELD,Yield,0.029123910594699657
2024-10-04,BUND-10Y-YIELD,Yield,0.028937271393552347
2024-10-07,BUND-10Y-YIELD,Yield,0.02906121568704353
2024-10-08,BUND-10Y-YIELD,Yield,0.029478490613558818
2024-10-09,BUND-10Y-YIELD,Yield,0.02947588071463107
2024-10-10,BUND-10Y-YIELD,Yield,0.02974944694713983
2024-10-11,BUND-10Y-YIELD,Yield,0.030221408788904953
2024-10-14,BUND-10Y-YIELD,Yield,0.029800246041507515
2024-10-15,BUND-10Y-YIELD,Yield,0.0302191284499034
2024-10-16,BUND-10Y-YIELD,Yield,0.030566513496682147
2024-10-17,BUND-10Y-YIELD,Yield,0.030424848586590274
2024-10-18,BUND-10Y-YIELD,Yield,0.030414238190441555
2024-10-21,BUND-10Y-YIELD,Yield,0.030278691373086964
2024-10-22,BUND-10Y-YIELD,Yield,0.030532839204853068
2024-10-23,BUND-10Y-YIELD,Yield,0.03035242061866548
2024-10-24,BUND-10Y-YIELD,Yield,0.030552894583657588
2024-10-25,BUND-10Y-YIELD,Yield,0.0309775213206847
2024-10-28,BUND-10Y-YIELD,Yield,0.03045770773079594
2024-10-29,BUND-10Y-YIELD,Yield,0.030594462520797127
2024-10-30,BUND-10Y-YIELD,Yield,0.030579379913215323
2024-10-31,BUND-10Y-YIELD,Yield,0.030437842468320635
2024-11-01,BUND-10Y-YIELD,Yield,0.030578337613403686
2024-11-04,BUND-10Y-YIELD,Yield,0.030546792260491645
2024-11-05,BUND-10Y-YIELD,Yield,0.030087410086229185
2024-11-06,BUND-10Y-YIELD,Yield,0.029912300760147753
2024-11-07,BUND-10Y-YIELD,Yield,0.02991073087314923
2024-11-08,BUND-10Y-YIELD,Yield,0.02969032733715808
2024-11-11,BUND-10Y-YIELD,Yield,0.0292909569879577
2024-11-12,BUND-10Y-YIELD,Yield,0.030038248831703362
2024-11-13,BUND-10Y-YIELD,Yield,0.030478260095935836
2024-11-14,BUND-10Y-YIELD,Yield,0.03087358512168728
2024-11-15,BUND-10Y-YIELD,Yield,0.03091083675788381
2024-11-18,BUND-10Y-YIELD,Yield,0.03029157114440609
2024-11-19,BUND-10Y-YIELD,Yield,0.03020905678604022
2024-11-20,BUND-10Y-YIELD,Yield,0.03037334043656646
2024-11-21,BUND-10Y-YIELD,Yield,0.03024017766851378
2024-11-22,BUND-10Y-YIELD,Yield,0.03006587570239401
2024-11-25,BUND-10Y-YIELD,Yield,0.030173112803243585
2024-11-26,BUND-10Y-YIELD,Yield,0.030817865099466997
2024-11-27,BUND-10Y-YIELD,Yield,0.030918293375766126
2024-11-28,BUND-10Y-YIELD,Yield,0.030966421371842186
2024-11-29,BUND-10Y-YIELD,Yield,0.030760435984668356
2024-12-02,BUND-10Y-YIELD,Yield,0.03123469251127206
2024-12-03,BUND-10Y-YIELD,Yield,0.03135838444353553
2024-12-04,BUND-10Y-YIELD,Yield,0.031372543064864845
2024-12-05,BUND-10Y-YIELD,Yield,0.031311697666181804
2024-12-06,BUND-10Y-YIELD,Yield,0.03117194310717968
2024-12-09,BUND-10Y-YIELD,Yield,0.03128199635980594
2024-12-10,BUND-10Y-YIELD,Yield,0.0319461536876324
2024-12-11,BUND-10Y-YIELD,Yield,0.032015302622114605
2024-12-12,BUND-10Y-YIELD,Yield,0.032230045178366404
2024-12-13,BUND-10Y-YIELD,Yield,0.03205494022695993
2024-12-16,BUND-10Y-YIELD,Yield,0.03220387495414392
2024-12-17,BUND-10Y-YIELD,Yield,0.03182893427335744
2024-12-18,BUND-10Y-YIELD,Yield,0.03232159557305554
2024-12-19,BUND-10Y-YIELD,Yield,0.03222241572444623
2024-12-20,BUND-10Y-YIELD,Yield,0.0324358733948947
2024-12-23,BUND-10Y-YIELD,Yield,0.03253869635542206
2024-12-24,BUND-10Y-YIELD,Yield,0.03303394308356741
2024-12-25,BUND-10Y-YIELD,Yield,0.03327760129457813
2024-12-26,BUND-10Y-YIELD,Yield,0.033534368154141125
2024-12-27,BUND-10Y-YIELD,Yield,0.03311639365788788
2024-12-30,BUND-10Y-YIELD,Yield,0.03284822433568951
2024-12-31,BUND-10Y-YIELD,Yield,0.03256983086657219
2025-01-01,BUND-10Y-YIELD,Yield,0.03230846447382519
2025-01-02,BUND-10Y-YIELD,Yield,0.03207859706833375
2025-01-03,BUND-10Y-YIELD,Yield,0.032373575979143504
2025-01-06,BUND-10Y-YIELD,Yield,0.032376547218029995
2025-01-07,BUND-10Y-YIELD,Yield,0.032398784687869185
2025-01-08,BUND-10Y-YIELD,Yield,0.03213737392395695
2025-01-09,BUND-10Y-YIELD,Yield,0.0318701925200995
2025-01-10,BUND-10Y-YIELD,Yield,0.031474998402942586
2025-01-13,BUND-10Y-YIELD,Yield,0.03180711231789005
2025-01-14,BUND-10Y-YIELD,Yield,0.03184975991473876
2025-01-15,BUND-10Y-YIELD,Yield,0.03207345169020866
2025-01-16,BUND-10Y-YIELD,Yield,0.03215072812727772
2025-01-17,BUND-10Y-YIELD,Yield,0.0318820491774935
2025-01-20,BUND-10Y-YIELD,Yield,0.03186590914186567
2025-01-21,BUND-10Y-YIELD,Yield,0.03122413353078184
2025-01-22,BUND-10Y-YIELD,Yield,0.03144046869415171
2025-01-23,BUND-10Y-YIELD,Yield,0.031452672683745644
2025-01-24,BUND-10Y-YIELD,Yield,0.03152188638010294
2025-01-27,BUND-10Y-YIELD,Yield,0.03155600117382475
2025-01-28,BUND-10Y-YIELD,Yield,0.031741254188967206
2025-01-29,BUND-10Y-YIELD,Yield,0.03167204221707089
2025-01-30,BUND-10Y-YIELD,Yield,0.03168233937679726
2025-01-31,BUND-10Y-YIELD,Yield,0.03147692780896493
2025-02-03,BUND-10Y-YIELD,Yield,0.03140301915323761
2025-02-04,BUND-10Y-YIELD,Yield,0.03149993785240853
2025-02-05,BUND-10Y-YIELD,Yield,0.03177381429025523
2025-02-06,BUND-10Y-YIELD,Yield,0.031661118140656634
2025-02-07,BUND-10Y-YIELD,Yield,0.0312379320992633
2025-02-10,BUND-10Y-YIELD,Yield,0.030673972196099516
2025-02-11,BUND-10Y-YIELD,Yield,0.030592755434044487
2025-02-12,BUND-10Y-YIELD,Yield,0.030369060376315614
2025-02-13,BUND-10Y-YIELD,Yield,0.03054486212467335
2025-02-14,BUND-10Y-YIELD,Yield,0.031034067603456384
2025-02-17,BUND-10Y-YIELD,Yield,0.030796380597686107
2025-02-18,BUND-10Y-YIELD,Yield,0.031191497817817326
2025-02-19,BUND-10Y-YIELD,Yield,0.03155930919957506
2025-02-20,BUND-10Y-YIELD,Yield,0.03126885083499802
2025-02-21,BUND-10Y-YIELD,Yield,0.031134145404543036
2025-02-24,BUND-10Y-YIELD,Yield,0.031353492538353275
2025-02-25,BUND-10Y-YIELD,Yield,0.03111064865936122
2025-02-26,BUND-10Y-YIELD,Yield,0.03080890309004319
2025-02-27,BUND-10Y-YIELD,Yield,0.03104775006715369
2025-02-28,BUND-10Y-YIELD,Yield,0.03087292203793694
2025-03-03,BUND-10Y-YIELD,Yield,0.030682584561409734
2025-03-04,BUND-10Y-YIELD,Yield,0.030886709066001924
2025-03-05,BUND-10Y-YIELD,Yield,0.030930375637263148
2025-03-06,BUND-10Y-YIELD,Yield,0.031016914812814364
2025-03-07,BUND-10Y-YIELD,Yield,0.03147105675343285
2025-03-10,BUND-10Y-YIELD,Yield,0.0318883016539029
2025-03-11,BUND-10Y-YIELD,Yield,0.031398842801111194
2025-03-12,BUND-10Y-YIELD,Yield,0.03171006004477933
2025-03-13,BUND-10Y-YIELD,Yield,0.03174520931881395
2025-03-14,BUND-10Y-YIELD,Yield,0.03187777929104472
2025-03-17,BUND-10Y-YIELD,Yield,0.032161872159733804
2025-03-18,BUND-10Y-YIELD,Yield,0.03274500027932668
2025-03-19,BUND-10Y-YIELD,Yield,0.03302440338522093
2025-03-20,BUND-10Y-YIELD,Yield,0.03302687444259547
2025-03-21,BUND-10Y-YIELD,Yield,0.03319569588467477
2025-03-24,BUND-10Y-YIELD,Yield,0.03277274194715136
2025-03-25,BUND-10Y-YIELD,Yield,0.03297009117051007
2025-03-26,BUND-10Y-YIELD,Yield,0.03307021337865454
2025-03-27,BUND-10Y-YIELD,Yield,0.03274377763770186
2025-03-28,BUND-10Y-YIELD,Yield,0.03234932997087175
2025-03-31,BUND-10Y-YIELD,Yield,0.03197608079637676
2025-04-01,BUND-10Y-YIELD,Yield,0.03175184917372916
2025-04-02,BUND-10Y-YIELD,Yield,0.031942423153375185
2025-04-03,BUND-10Y-YIELD,Yield,0.03191138750418275
2025-04-04,BUND-10Y-YIELD,Yield,0.03172520577627716
2025-04-07,BUND-10Y-YIELD,Yield,0.031660772673648856
2025-04-08,BUND-10Y-YIELD,Yield,0.032054631582156864
2025-04-09,BUND-10Y-YIELD,Yield,0.03198155747209781
2025-04-10,BUND-10Y-YIELD,Yield,0.0317533544288536
2025-04-11,BUND-10Y-YIELD,Yield,0.03242396842662373
2025-04-14,BUND-10Y-YIELD,Yield,0.0321882478245131
2025-04-15,BUND-10Y-YIELD,Yield,0.0323473841421856
2025-04-16,BUND-10Y-YIELD,Yield,0.0326267328666302
2025-04-17,BUND-10Y-YIELD,Yield,0.032686791177934466
2025-04-18,BUND-10Y-YIELD,Yield,0.03263411292152665
2025-04-21,BUND-10Y-YIELD,Yield,0.03302948126884238
2025-04-22,BUND-10Y-YIELD,Yield,0.0330821061352168
2025-04-23,BUND-10Y-YIELD,Yield,0.033287284966451836
2025-04-24,BUND-10Y-YIELD,Yield,0.03328865648207932
2025-04-25,BUND-10Y-YIELD,Yield,0.03379719038080754
2025-04-28,BUND-10Y-YIELD,Yield,0.03354497123319413
2025-04-29,BUND-10Y-YIELD,Yield,0.03319070666919655
2025-04-30,BUND-10Y-YIELD,Yield,0.032951058989598644
2025-05-01,BUND-10Y-YIELD,Yield,0.032929655602123645
2025-05-02,BUND-10Y-YIELD,Yield,0.03286953340171171
2025-05-05,BUND-10Y-YIELD,Yield,0.03292273232262583
2025-05-06,BUND-10Y-YIELD,Yield,0.03274473733954184
2025-05-07,BUND-10Y-YIELD,Yield,0.032901259987401135
2025-05-08,BUND-10Y-YIELD,Yield,0.032501146643451856
2025-05-09,BUND-10Y-YIELD,Yield,0.03214677559747284
2025-05-12,BUND-10Y-YIELD,Yield,0.03208085515632069
2025-05-13,BUND-10Y-YIELD,Yield,0.031884685576613385
2025-05-14,BUND-10Y-YIELD,Yield,0.03165602817789852
2025-05-15,BUND-10Y-YIELD,Yield,0.03149413561598691
2025-05-16,BUND-10Y-YIELD,Yield,0.031291124293279404
2025-05-19,BUND-10Y-YIELD,Yield,0.031382429959567054
2025-05-20,BUND-10Y-YIELD,Yield,0.031603884620983555
2025-05-21,BUND-10Y-YIELD,Yield,0.03198367069208187
2025-05-22,BUND-10Y-YIELD,Yield,0.032040871748776095
2025-05-23,BUND-10Y-YIELD,Yield,0.03184607844879245
2025-05-26,BUND-10Y-YIELD,Yield,0.03153789737797199
2025-05-27,BUND-10Y-YIELD,Yield,0.03122940198550743
2025-05-28,BUND-10Y-YIELD,Yield,0.030773195676238197
2025-05-29,BUND-10Y-YIELD,Yield,0.030959926088440642
2025-05-30,BUND-10Y-YIELD,Yield,0.03147845567061805
2025-06-02,BUND-10Y-YIELD,Yield,0.031460203588341916
2025-06-03,BUND-10Y-YIELD,Yield,0.031544097407353616
2025-06-04,BUND-10Y-YIELD,Yield,0.03090079046728095
2025-06-05,BUND-10Y-YIELD,Yield,0.03089110667562643
2025-06-06,BUND-10Y-YIELD,Yield,0.030712770420655865
2025-06-09,BUND-10Y-YIELD,Yield,0.030740972988707253
2025-06-10,BUND-10Y-YIELD,Yield,0.03051108247111636
2025-06-11,BUND-10Y-YIELD,Yield,0.030302455022703977
2025-06-12,BUND-10Y-YIELD,Yield,0.0300569334401681
2025-06-13,BUND-10Y-YIELD,Yield,0.02987605841598085
2025-06-16,BUND-10Y-YIELD,Yield,0.03048485251347339
2025-06-17,BUND-10Y-YIELD,Yield,0.030695402591538763
2025-06-18,BUND-10Y-YIELD,Yield,0.03027681993414372
2025-06-19,BUND-10Y-YIELD,Yield,0.030218849490840506
2025-06-20,BUND-10Y-YIELD,Yield,0.030120967843793534
2025-06-23,BUND-10Y-YIELD,Yield,0.030738988272732498
2025-06-24,BUND-10Y-YIELD,Yield,0.030216026210675866
2025-06-25,BUND-10Y-YIELD,Yield,0.03041367075881108
2025-06-26,BUND-10Y-YIELD,Yield,0.030667999618874245
2025-06-27,BUND-10Y-YIELD,Yield,0.03131267376930276
2025-06-30,BUND-10Y-YIELD,Yield,0.031828224197106875
2025-07-01,BUND-10Y-YIELD,Yield,0.03179090388480727
2025-07-02,BUND-10Y-YIELD,Yield,0.03132720650953134
2025-07-03,BUND-10Y-YIELD,Yield,0.03104025199377252
2025-07-04,BUND-10Y-YIELD,Yield,0.03084977657103668
2025-07-07,BUND-10Y-YIELD,Yield,0.030798950126130365
2025-07-08,BUND-10Y-YIELD,Yield,0.030608547323799157
2025-07-09,BUND-10Y-YIELD,Yield,0.030219503282774833
2025-07-10,BUND-10Y-YIELD,Yield,0.03041509764566562
2025-07-11,BUND-10Y-YIELD,Yield,0.03046492675047382
2025-07-14,BUND-10Y-YIELD,Yield,0.030357373723841088
2025-07-15,BUND-10Y-YIELD,Yield,0.03022259695653674
2025-07-16,BUND-10Y-YIELD,Yield,0.030043230427081336
2025-07-17,BUND-10Y-YIELD,Yield,0.02974721806079381
2025-07-18,BUND-10Y-YIELD,Yield,0.030508239223932594
2025-07-21,BUND-10Y-YIELD,Yield,0.030417195674067147
2025-07-22,BUND-10Y-YIELD,Yield,0.030247975090773153
2025-07-23,BUND-10Y-YIELD,Yield,0.03070798522641533
2025-07-24,BUND-10Y-YIELD,Yield,0.030611232637108424
2025-07-25,BUND-10Y-YIELD,Yield,0.030713965041568685
2025-07-28,BUND-10Y-YIELD,Yield,0.030424170958970546
2025-07-29,BUND-10Y-YIELD,Yield,0.030314975802015212
2025-07-30,BUND-10Y-YIELD,Yield,0.02978214214913297
2025-07-31,BUND-10Y-YIELD,Yield,0.029936558363503674
2025-08-01,BUND-10Y-YIELD,Yield,0.030563890926789326
2025-08-04,BUND-10Y-YIELD,Yield,0.030654840944026044
2025-08-05,BUND-10Y-YIELD,Yield,0.030777190046481374
2025-08-06,BUND-10Y-YIELD,Yield,0.031144374886598304
2025-08-07,BUND-10Y-YIELD,Yield,0.03150837396213185
2025-08-08,BUND-10Y-YIELD,Yield,0.03126123856379527
2025-08-11,BUND-10Y-YIELD,Yield,0.0310502915039977
2025-08-12,BUND-10Y-YIELD,Yield,0.030966156788555566
2025-08-13,BUND-10Y-YIELD,Yield,0.03136012567408705
2025-08-14,BUND-10Y-YIELD,Yield,0.03102330133995958
2025-08-15,BUND-10Y-YIELD,Yield,0.030870137734482113
2025-08-18,BUND-10Y-YIELD,Yield,0.03081365585820245
2025-08-19,BUND-10Y-YIELD,Yield,0.0308355777477642
2025-08-20,BUND-10Y-YIELD,Yield,0.030914020730282755
2025-08-21,BUND-10Y-YIELD,Yield,0.030816489485815356
2025-08-22,BUND-10Y-YIELD,Yield,0.031196630983060896
2025-08-25,BUND-10Y-YIELD,Yield,0.03098726809231265
2025-08-26,BUND-10Y-YIELD,Yield,0.031617466426590274
2025-08-27,BUND-10Y-YIELD,Yield,0.03169177408904823
2025-08-28,BUND-10Y-YIELD,Yield,0.03191000738551426
2025-08-29,BUND-10Y-YIELD,Yield,0.03155226551817498
2025-09-01,BUND-10Y-YIELD,Yield,0.0316637953529228
2025-09-02,BUND-10Y-YIELD,Yield,0.031305409689639276
2025-09-03,BUND-10Y-YIELD,Yield,0.030877498997028123
2025-09-04,BUND-10Y-YIELD,Yield,0.03112217780995928
2025-09-05,BUND-10Y-YIELD,Yield,0.031129218426710067
2025-09-08,BUND-10Y-YIELD,Yield,0.03079078470780653
2025-09-09,BUND-10Y-YIELD,Yield,0.030187858835258034
2025-09-10,BUND-10Y-YIELD,Yield,0.03041125523894869
2025-09-11,BUND-10Y-YIELD,Yield,0.030421064457612272
2025-09-12,BUND-10Y-YIELD,Yield,0.030664547753194858
2025-09-15,BUND-10Y-YIELD,Yield,0.030954239089826724
2025-09-16,BUND-10Y-YIELD,Yield,0.031301484955940664
2025-09-17,BUND-10Y-YIELD,Yield,0.030626686266287582
2025-09-18,BUND-10Y-YIELD,Yield,0.029655401269523842
2025-09-19,BUND-10Y-YIELD,Yield,0.02985338327282129
2025-09-22,BUND-10Y-YIELD,Yield,0.029283405880205882
2025-09-23,BUND-10Y-YIELD,Yield,0.029615658983180942
2025-09-24,BUND-10Y-YIELD,Yield,0.029731910844524298
2025-09-25,BUND-10Y-YIELD,Yield,0.029722318964338128
2025-09-26,BUND-10Y-YIELD,Yield,0.029694239576781967
2025-09-29,BUND-10Y-YIELD,Yield,0.029206964540573702
2025-09-30,BUND-10Y-YIELD,Yield,0.029170209243412758
2025-10-01,BUND-10Y-YIELD,Yield,0.02910617061113211
2025-10-02,BUND-10Y-YIELD,Yield,0.029210768455251165
2025-10-03,BUND-10Y-YIELD,Yield,0.029795444332633654
2025-10-06,BUND-10Y-YIELD,Yield,0.02962612099774633
2025-10-07,BUND-10Y-YIELD,Yield,0.02982061827585271
2025-10-08,BUND-10Y-YIELD,Yield,0.030350688893584866
2025-10-09,BUND-10Y-YIELD,Yield,0.03012321397141273
2025-10-10,BUND-10Y-YIELD,Yield,0.029852021038151343
2025-10-13,BUND-10Y-YIELD,Yield,0.029605395914700572
2025-10-14,BUND-10Y-YIELD,Yield,0.029242007595245582
2025-10-15,BUND-10Y-YIELD,Yield,0.02872526111992305
2025-10-16,BUND-10Y-YIELD,Yield,0.028899537611983037
2025-10-17,BUND-10Y-YIELD,Yield,0.02934120871933475
2025-10-20,BUND-10Y-YIELD,Yield,0.029506593765901076
2025-10-21,BUND-10Y-YIELD,Yield,0.029329549324046942
2025-10-22,BUND-10Y-YIELD,Yield,0.02913605095215644
2025-10-23,BUND-10Y-YIELD,Yield,0.029203574935564032
2025-10-24,BUND-10Y-YIELD,Yield,0.02897117099120807
2025-10-27,BUND-10Y-YIELD,Yield,0.028914527161637043
2025-10-28,BUND-10Y-YIELD,Yield,0.028747883897400107
2025-10-29,BUND-10Y-YIELD,Yield,0.029015540039373802
2025-10-30,BUND-10Y-YIELD,Yield,0.029200876453130804
2025-10-31,BUND-10Y-YIELD,Yield,0.029242801749459618
2025-11-03,BUND-10Y-YIELD,Yield,0.02890262212794119
2025-11-04,BUND-10Y-YIELD,Yield,0.028748898895308312
2025-11-05,BUND-10Y-YIELD,Yield,0.02897209567280977
2025-11-06,BUND-10Y-YIELD,Yield,0.029512851539975408
2025-11-07,BUND-10Y-YIELD,Yield,0.02935848679810851
2025-11-10,BUND-10Y-YIELD,Yield,0.030144538196649466
2025-11-11,BUND-10Y-YIELD,Yield,0.030026841309320443
2025-11-12,BUND-10Y-YIELD,Yield,0.029910119527597246
2025-11-13,BUND-10Y-YIELD,Yield,0.030015480871226397
2025-11-14,BUND-10Y-YIELD,Yield,0.029819857593284503
2025-11-17,BUND-10Y-YIELD,Yield,0.029832459561459888
2025-11-18,BUND-10Y-YIELD,Yield,0.029871962833983693
2025-11-19,BUND-10Y-YIELD,Yield,0.029741119235997242
2025-11-20,BUND-10Y-YIELD,Yield,0.029662464345382798
2025-11-21,BUND-10Y-YIELD,Yield,0.029835318763307358
2025-11-24,BUND-10Y-YIELD,Yield,0.03021554608460354
2025-11-25,BUND-10Y-YIELD,Yield,0.03089802385790135
2025-11-26,BUND-10Y-YIELD,Yield,0.03095930188626011
2025-11-27,BUND-10Y-YIELD,Yield,0.030528960627892437
2025-11-28,BUND-10Y-YIELD,Yield,0.030398020889587363
2025-12-01,BUND-10Y-YIELD,Yield,0.029916065301592232
2025-12-02,BUND-10Y-YIELD,Yield,0.029946858128440088
2025-12-03,BUND-10Y-YIELD,Yield,0.02974388854020552
2025-12-04,BUND-10Y-YIELD,Yield,0.02984845932484196
2025-12-05,BUND-10Y-YIELD,Yield,0.029774150307993248
2025-12-08,BUND-10Y-YIELD,Yield,0.0297783301246473
2025-12-09,BUND-10Y-YIELD,Yield,0.029661382623978706
2025-12-10,BUND-10Y-YIELD,Yield,0.030131784737734334
2025-12-11,BUND-10Y-YIELD,Yield,0.029578749532695514
2025-12-12,BUND-10Y-YIELD,Yield,0.029915206259999612
2025-12-15,BUND-10Y-YIELD,Yield,0.030268284334442896
2025-12-16,BUND-10Y-YIELD,Yield,0.030456214697690127
2025-12-17,BUND-10Y-YIELD,Yield,0.030541787068600158
2025-12-18,BUND-10Y-YIELD,Yield,0.030674753009052435
2025-12-19,BUND-10Y-YIELD,Yield,0.030553966849412747
2025-12-22,BUND-10Y-YIELD,Yield,0.03023824997079211
2025-12-23,BUND-10Y-YIELD,Yield,0.030489109834621643
2025-12-24,BUND-10Y-YIELD,Yield,0.03072174447659429
2025-12-25,BUND-10Y-YIELD,Yield,0.03100746586424423
2025-12-26,BUND-10Y-YIELD,Yield,0.03097552868794473
2025-12-29,BUND-10Y-YIELD,Yield,0.0313049640434713
2025-12-30,BUND-10Y-YIELD,Yield,0.0315065259915624
2025-12-31,BUND-10Y-YIELD,Yield,0.032083690987563265
2026-01-01,BUND-10Y-YIELD,Yield,0.0320954629241646
2026-01-02,BUND-10Y-YIELD,Yield,0.03146211430080073
2026-01-05,BUND-10Y-YIELD,Yield,0.031149857556544716
2026-01-06,BUND-10Y-YIELD,Yield,0.03127505546289508
2026-01-07,BUND-10Y-YIELD,Yield,0.03085771683864561
2026-01-08,BUND-10Y-YIELD,Yield,0.03107445392788046
2026-01-09,BUND-10Y-YIELD,Yield,0.03085675347038697
2026-01-12,BUND-10Y-YIELD,Yield,0.03089895382798185
2026-01-13,BUND-10Y-YIELD,Yield,0.030989406179237997
2026-01-14,BUND-10Y-YIELD,Yield,0.030728805175621834
2026-01-15,BUND-10Y-YIELD,Yield,0.030849199832494498
2026-01-16,BUND-10Y-YIELD,Yield,0.03120099589864252
2026-01-19,BUND-10Y-YIELD,Yield,0.031034423285648143
2026-01-20,BUND-10Y-YIELD,Yield,0.030932977908529603
2026-01-21,BUND-10Y-YIELD,Yield,0.030744163479343962
2026-01-22,BUND-10Y-YIELD,Yield,0.03093132695797141
2026-01-23,BUND-10Y-YIELD,Yield,0.03122473348645207
2026-01-26,BUND-10Y-YIELD,Yield,0.031018896567856717
2026-01-27,BUND-10Y-YIELD,Yield,0.030884892311567425
2026-01-28,BUND-10Y-YIELD,Yield,0.03112464206502054
2026-01-29,BUND-10Y-YIELD,Yield,0.03113106875136175
2026-01-30,BUND-10Y-YIELD,Yield,0.03163626481851623
2026-02-02,BUND-10Y-YIELD,Yield,0.0316058742960653
2026-02-03,BUND-10Y-YIELD,Yield,0.03139303156063878
2026-02-04,BUND-10Y-YIELD,Yield,0.03100391696798865
2026-02-05,BUND-10Y-YIELD,Yield,0.03078571735258443
2026-02-06,BUND-10Y-YIELD,Yield,0.030235804769712573
2026-02-09,BUND-10Y-YIELD,Yield,0.030295611540712614
2026-02-10,BUND-10Y-YIELD,Yield,0.030788758186023377
2026-02-11,BUND-10Y-YIELD,Yield,0.030290313527048376
2026-02-12,BUND-10Y-YIELD,Yield,0.029843284224346026
2026-02-13,BUND-10Y-YIELD,Yield,0.029469611258525156
2026-02-16,BUND-10Y-YIELD,Yield,0.029389647614941596
2026-02-17,BUND-10Y-YIELD,Yield,0.029077875651327592
2026-02-18,BUND-10Y-YIELD,Yield,0.029307856762389166
2026-02-19,BUND-10Y-YIELD,Yield,0.029601860354759348
2026-02-20,BUND-10Y-YIELD,Yield,0.029375853560983094
2026-02-23,BUND-10Y-YIELD,Yield,0.029284061000855687
2026-02-24,BUND-10Y-YIELD,Yield,0.02904087252052686
2026-02-25,BUND-10Y-YIELD,Yield,0.029223342806348158
2026-02-26,BUND-10Y-YIELD,Yield,0.02975654356412234
2026-02-27,BUND-10Y-YIELD,Yield,0.029436272589326656
2026-03-02,BUND-10Y-YIELD,Yield,0.029281163563298185
2026-03-03,BUND-10Y-YIELD,Yield,0.028932716935956976
2026-03-04,BUND-10Y-YIELD,Yield,0.029065591264479003
2026-03-05,BUND-10Y-YIELD,Yield,0.029194145056182973
2026-03-06,BUND-10Y-YIELD,Yield,0.02894483410214216
2026-03-09,BUND-10Y-YIELD,Yield,0.028863992371424552
2026-03-10,BUND-10Y-YIELD,Yield,0.029535781977254375
2026-03-11,BUND-10Y-YIELD,Yield,0.03016108196324578
2026-03-12,BUND-10Y-YIELD,Yield,0.02989109879742736
2026-03-13,BUND-10Y-YIELD,Yield,0.029894016444142003
2026-03-16,BUND-10Y-YIELD,Yield,0.0297769406444889
2026-03-17,BUND-10Y-YIELD,Yield,0.02991347520132894
2026-03-18,BUND-10Y-YIELD,Yield,0.0295763884585145
2026-03-19,BUND-10Y-YIELD,Yield,0.029751903573003433
2026-03-20,BUND-10Y-YIELD,Yield,0.030071462742354713
2026-03-23,BUND-10Y-YIELD,Yield,0.03045977425928121
2026-03-24,BUND-10Y-YIELD,Yield,0.030022324628538974
2026-03-25,BUND-10Y-YIELD,Yield,0.030597044517651065
2026-03-26,BUND-10Y-YIELD,Yield,0.030327436238068717
2026-03-27,BUND-10Y-YIELD,Yield,0.029913548698600457
2026-03-30,BUND-10Y-YIELD,Yield,0.030281861060905753
2026-03-31,BUND-10Y-YIELD,Yield,0.030573668087173548
2026-04-01,BUND-10Y-YIELD,Yield,0.03058095735361233
2026-04-02,BUND-10Y-YIELD,Yield,0.030880437555480547
2026-04-03,BUND-10Y-YIELD,Yield,0.031114886199708845
2026-04-06,BUND-10Y-YIELD,Yield,0.03124251181962798
2026-04-07,BUND-10Y-YIELD,Yield,0.030938735534433753
2026-04-08,BUND-10Y-YIELD,Yield,0.030856623894885474
2026-04-09,BUND-10Y-YIELD,Yield,0.03088011841333244
2026-04-10,BUND-10Y-YIELD,Yield,0.03126744108950342
2026-04-13,BUND-10Y-YIELD,Yield,0.03176570403145732
2026-04-14,BUND-10Y-YIELD,Yield,0.03174714938321116
2026-04-15,BUND-10Y-YIELD,Yield,0.031589290077432004
2026-04-16,BUND-10Y-YIELD,Yield,0.031372617360909134
2026-04-17,BUND-10Y-YIELD,Yield,0.0316719844570374
2026-04-20,BUND-10Y-YIELD,Yield,0.03149900998584028
2026-04-21,BUND-10Y-YIELD,Yield,0.03217080020484249
2026-04-22,BUND-10Y-YIELD,Yield,0.03225491336792394
2026-04-23,BUND-10Y-YIELD,Yield,0.03232526201846652
2026-04-24,BUND-10Y-YIELD,Yield,0.03255775275652957
2026-04-27,BUND-10Y-YIELD,Yield,0.0325807044058851
2026-04-28,BUND-10Y-YIELD,Yield,0.0323373527843048
2026-04-29,BUND-10Y-YIELD,Yield,0.03239637942214898
2026-04-30,BUND-10Y-YIELD,Yield,0.03254795253506544
2026-05-01,BUND-10Y-YIELD,Yield,0.03242469576279182
2026-05-04,BUND-10Y-YIELD,Yield,0.032387425948603325
2026-05-05,BUND-10Y-YIELD,Yield,0.032404697073906114
2026-05-06,BUND-10Y-YIELD,Yield,0.031872906979790165
2026-05-07,BUND-10Y-YIELD,Yield,0.03166690782729387
2026-05-08,BUND-10Y-YIELD,Yield,0.03165467501036397
2026-05-11,BUND-10Y-YIELD,Yield,0.03134122648614017
2026-05-12,BUND-10Y-YIELD,Yield,0.03152110744933557
2026-05-13,BUND-10Y-YIELD,Yield,0.0317147484223511
2026-05-14,BUND-10Y-YIELD,Yield,0.031077146017349573
2026-05-15,BUND-10Y-YIELD,Yield,0.03093281438569085
2026-05-18,BUND-10Y-YIELD,Yield,0.03109718462860365
2026-05-19,BUND-10Y-YIELD,Yield,0.031031492652326645
2026-05-20,BUND-10Y-YIELD,Yield,0.031217666714174627
2026-05-21,BUND-10Y-YIELD,Yield,0.03143547117227129
2026-05-22,BUND-10Y-YIELD,Yield,0.03100572113949559
2026-05-25,BUND-10Y-YIELD,Yield,0.031112266744822478
2026-05-26,BUND-10Y-YIELD,Yield,0.030872769854069573
2026-05-27,BUND-10Y-YIELD,Yield,0.030202793476171885
2026-05-28,BUND-10Y-YIELD,Yield,0.030386836553273247
2026-05-29,BUND-10Y-YIELD,Yield,0.030183385693786764
2026-06-01,BUND-10Y-YIELD,Yield,0.030176408361324916
2026-06-02,BUND-10Y-YIELD,Yield,0.03041435427056951
2026-06-03,BUND-10Y-YIELD,Yield,0.030748381671595063
2026-06-04,BUND-10Y-YIELD,Yield,0.030700535405869738
2026-06-05,BUND-10Y-YIELD,Yield,0.030452145467608317
2026-06-08,BUND-10Y-YIELD,Yield,0.030289456208806777
2026-06-09,BUND-10Y-YIELD,Yield,0.030648111025207495
2026-06-10,BUND-10Y-YIELD,Yield,0.030578456604968236
2026-06-11,BUND-10Y-YIELD,Yield,0.031149845000659204
2026-06-12,BUND-10Y-YIELD,Yield,0.03165364341850075
2026-06-15,BUND-10Y-YIELD,Yield,0.03148630622373659
2026-06-16,BUND-10Y-YIELD,Yield,0.03206784994855635
2026-06-17,BUND-10Y-YIELD,Yield,0.03192718234104681
2026-06-18,BUND-10Y-YIELD,Yield,0.03192565356830983
2026-06-19,BUND-10Y-YIELD,Yield,0.03194316009589052
2026-06-22,BUND-10Y-YIELD,Yield,0.03166425087105536
2026-06-23,BUND-10Y-YIELD,Yield,0.031728077298453845
2026-06-24,BUND-10Y-YIELD,Yield,0.03195131539085387
2026-06-25,BUND-10Y-YIELD,Yield,0.032680668566205245
2026-06-26,BUND-10Y-YIELD,Yield,0.0331244195799377
2026-06-29,BUND-10Y-YIELD,Yield,0.032990556797037565
2026-06-30,BUND-10Y-YIELD,Yield,0.03311845804490744
2026-07-01,BUND-10Y-YIELD,Yield,0.03349689169512253
2026-07-02,BUND-10Y-YIELD,Yield,0.03349379986300505
2026-07-03,BUND-10Y-YIELD,Yield,0.033279834596170926
2026-07-06,BUND-10Y-YIELD,Yield,0.0332752446816627
2026-07-07,BUND-10Y-YIELD,Yield,0.03296140752179037
2026-07-08,BUND-10Y-YIELD,Yield,0.03301171584351036
2026-07-09,BUND-10Y-YIELD,Yield,0.0328794159025283
2026-07-10,BUND-10Y-YIELD,Yield,0.03326000254234858
2026-07-13,BUND-10Y-YIELD,Yield,0.03321264912911456
2026-07-14,BUND-10Y-YIELD,Yield,0.032860671320871365
2026-07-15,BUND-10Y-YIELD,Yield,0.03309661960734863
2026-07-16,BUND-10Y-YIELD,Yield,0.033037377415183616
2026-07-17,BUND-10Y-YIELD,Yield,0.03277824290279125
2026-07-20,BUND-10Y-YIELD,Yield,0.03288216286006162
2026-07-21,BUND-10Y-YIELD,Yield,0.03265463798679046
2026-07-22,BUND-10Y-YIELD,Yield,0.03214315220769346
2026-07-23,BUND-10Y-YIELD,Yield,0.03179042400333209
2026-07-24,BUND-10Y-YIELD,Yield,0.03212482718706709
2026-07-27,BUND-10Y-YIELD,Yield,0.032566847990365314
2026-07-28,BUND-10Y-YIELD,Yield,0.03242986028151156
2026-07-29,BUND-10Y-YIELD,Yield,0.032531908671619564
2026-07-30,BUND-10Y-YIELD,Yield,0.03199476958364046
2026-07-31,BUND-10Y-YIELD,Yield,0.03224058523734544
2026-08-03,BUND-10Y-YIELD,Yield,0.032179988923976034
2026-08-04,BUND-10Y-YIELD,Yield,0.032339293900687835
2026-08-05,BUND-10Y-YIELD,Yield,0.03223357081828429
2026-08-06,BUND-10Y-YIELD,Yield,0.032204893101187376
2026-08-07,BUND-10Y-YIELD,Yield,0.031683600734003205
2026-08-10,BUND-10Y-YIELD,Yield,0.031790384833612406
2026-08-11,BUND-10Y-YIELD,Yield,0.03160276850054183
2026-08-12,BUND-10Y-YIELD,Yield,0.03166589085675811
2026-08-13,BUND-10Y-YIELD,Yield,0.03213574658303771
2026-08-14,BUND-10Y-YIELD,Yield,0.03135594723823286
2026-08-17,BUND-10Y-YIELD,Yield,0.03164020663930893
2026-08-18,BUND-10Y-YIELD,Yield,0.03172114733157648
2026-08-19,BUND-10Y-YIELD,Yield,0.031785104954324336
2026-08-20,BUND-10Y-YIELD,Yield,0.03201541623986116
2026-08-21,BUND-10Y-YIELD,Yield,0.031848675190898706
2026-08-24,BUND-10Y-YIELD,Yield,0.031242593181245264
2026-08-25,BUND-10Y-YIELD,Yield,0.031016468079693375
2026-08-26,BUND-10Y-YIELD,Yield,0.030859015160132116
2026-08-27,BUND-10Y-YIELD,Yield,0.030097684035201515
2026-08-28,BUND-10Y-YIELD,Yield,0.030205845409366293
2026-08-31,BUND-10Y-YIELD,Yield,0.03030233656042379
2026-09-01,BUND-10Y-YIELD,Yield,0.029888722827694236
2026-09-02,BUND-10Y-YIELD,Yield,0.029845783659087327
2026-09-03,BUND-10Y-YIELD,Yield,0.02980153533157316
2026-09-04,BUND-10Y-YIELD,Yield,0.029744988011992574
2024-09-04,BUND-5Y-YIELD,Yield,0.025
2024-09-05,BUND-5Y-YIELD,Yield,0.024616064762807466
2024-09-06,BUND-5Y-YIELD,Yield,0.024810510496610406
2024-09-09,BUND-5Y-YIELD,Yield,0.02445063636380238
2024-09-10,BUND-5Y-YIELD,Yield,0.02477217657323705
2024-09-11,BUND-5Y-YIELD,Yield,0.02430535511276379
2024-09-12,BUND-5Y-YIELD,Yield,0.02409219582385354
2024-09-13,BUND-5Y-YIELD,Yield,0.023910197564871113
2024-09-16,BUND-5Y-YIELD,Yield,0.023278600792650678
2024-09-17,BUND-5Y-YIELD,Yield,0.023534432912335472
2024-09-18,BUND-5Y-YIELD,Yield,0.023069016929412472
2024-09-19,BUND-5Y-YIELD,Yield,0.02267683856575752
2024-09-20,BUND-5Y-YIELD,Yield,0.02250742965581264
2024-09-23,BUND-5Y-YIELD,Yield,0.022730700889952018
2024-09-24,BUND-5Y-YIELD,Yield,0.022486696724810677
2024-09-25,BUND-5Y-YIELD,Yield,0.023083331701621995
2024-09-26,BUND-5Y-YIELD,Yield,0.023075852103247026
2024-09-27,BUND-5Y-YIELD,Yield,0.0229891363809086
2024-09-30,BUND-5Y-YIELD,Yield,0.023123714200293303
2024-10-01,BUND-5Y-YIELD,Yield,0.023084363509485523
2024-10-02,BUND-5Y-YIELD,Yield,0.022767052435421733
2024-10-03,BUND-5Y-YIELD,Yield,0.022602091616274318
2024-10-04,BUND-5Y-YIELD,Yield,0.022652115975092032
2024-10-07,BUND-5Y-YIELD,Yield,0.023125202861879097
2024-10-08,BUND-5Y-YIELD,Yield,0.023204236620819423
2024-10-09,BUND-5Y-YIELD,Yield,0.023346899181608097
2024-10-10,BUND-5Y-YIELD,Yield,0.02267563419818491
2024-10-11,BUND-5Y-YIELD,Yield,0.022595306216650374
2024-10-14,BUND-5Y-YIELD,Yield,0.022586929759285886
2024-10-15,BUND-5Y-YIELD,Yield,0.02311484245170225
2024-10-16,BUND-5Y-YIELD,Yield,0.02359299939578131
2024-10-17,BUND-5Y-YIELD,Yield,0.023628573525093597
2024-10-18,BUND-5Y-YIELD,Yield,0.023786984887886917
2024-10-21,BUND-5Y-YIELD,Yield,0.02376612022701068
2024-10-22,BUND-5Y-YIELD,Yield,0.023546946172224824
2024-10-23,BUND-5Y-YIELD,Yield,0.02355175230428629
2024-10-24,BUND-5Y-YIELD,Yield,0.023438553242462128
2024-10-25,BUND-5Y-YIELD,Yield,0.023535342422957007
2024-10-28,BUND-5Y-YIELD,Yield,0.023739936035060114
2024-10-29,BUND-5Y-YIELD,Yield,0.02367955316641795
2024-10-30,BUND-5Y-YIELD,Yield,0.024013897742944313
2024-10-31,BUND-5Y-YIELD,Yield,0.023674547729318547
2024-11-01,BUND-5Y-YIELD,Yield,0.02367838878131545
2024-11-04,BUND-5Y-YIELD,Yield,0.0237386117420514
2024-11-05,BUND-5Y-YIELD,Yield,0.02318723375774225
2024-11-06,BUND-5Y-YIELD,Yield,0.023374125686976794
2024-11-07,BUND-5Y-YIELD,Yield,0.023589644057496497
2024-11-08,BUND-5Y-YIELD,Yield,0.02410628146354429
2024-11-11,BUND-5Y-YIELD,Yield,0.02409283810577716
2024-11-12,BUND-5Y-YIELD,Yield,0.02427570058667519
2024-11-13,BUND-5Y-YIELD,Yield,0.024472003618239476
2024-11-14,BUND-5Y-YIELD,Yield,0.023981391602104402
2024-11-15,BUND-5Y-YIELD,Yield,0.024071687431028995
2024-11-18,BUND-5Y-YIELD,Yield,0.023638741249471747
2024-11-19,BUND-5Y-YIELD,Yield,0.02372567448820613
2024-11-20,BUND-5Y-YIELD,Yield,0.023944945274685013
2024-11-21,BUND-5Y-YIELD,Yield,0.02402765558574281
2024-11-22,BUND-5Y-YIELD,Yield,0.023411242475334763
2024-11-25,BUND-5Y-YIELD,Yield,0.023850988942665352
2024-11-26,BUND-5Y-YIELD,Yield,0.023942809307673087
2024-11-27,BUND-5Y-YIELD,Yield,0.024243747957961876
2024-11-28,BUND-5Y-YIELD,Yield,0.024038171649222995
2024-11-29,BUND-5Y-YIELD,Yield,0.02392153711463824
2024-12-02,BUND-5Y-YIELD,Yield,0.02454826802817966
2024-12-03,BUND-5Y-YIELD,Yield,0.024489635126523912
2024-12-04,BUND-5Y-YIELD,Yield,0.02436109589650871
2024-12-05,BUND-5Y-YIELD,Yield,0.024249810637614194
2024-12-06,BUND-5Y-YIELD,Yield,0.024551027954456326
2024-12-09,BUND-5Y-YIELD,Yield,0.024078682585124356
2024-12-10,BUND-5Y-YIELD,Yield,0.023983182754416476
2024-12-11,BUND-5Y-YIELD,Yield,0.023716558347132922
2024-12-12,BUND-5Y-YIELD,Yield,0.024469323583361863
2024-12-13,BUND-5Y-YIELD,Yield,0.024795681849243738
2024-12-16,BUND-5Y-YIELD,Yield,0.024827009622390935
2024-12-17,BUND-5Y-YIELD,Yield,0.02489770243692758
2024-12-18,BUND-5Y-YIELD,Yield,0.024830325925869468
2024-12-19,BUND-5Y-YIELD,Yield,0.024698953381896992
2024-12-20,BUND-5Y-YIELD,Yield,0.024649969234302835
2024-12-23,BUND-5Y-YIELD,Yield,0.025183951218516
2024-12-24,BUND-5Y-YIELD,Yield,0.025096630925113026
2024-12-25,BUND-5Y-YIELD,Yield,0.02501683859471206
2024-12-26,BUND-5Y-YIELD,Yield,0.025110757887833554
2024-12-27,BUND-5Y-YIELD,Yield,0.0255566725354942
2024-12-30,BUND-5Y-YIELD,Yield,0.025702206815110522
2024-12-31,BUND-5Y-YIELD,Yield,0.02538370723321025
2025-01-01,BUND-5Y-YIELD,Yield,0.02540364040518789
2025-01-02,BUND-5Y-YIELD,Yield,0.025411597168290955
2025-01-03,BUND-5Y-YIELD,Yield,0.02501455365373303
2025-01-06,BUND-5Y-YIELD,Yield,0.02479225249671135
2025-01-07,BUND-5Y-YIELD,Yield,0.024897736881079668
2025-01-08,BUND-5Y-YIELD,Yield,0.024769216864877056
2025-01-09,BUND-5Y-YIELD,Yield,0.025275910256220797
2025-01-10,BUND-5Y-YIELD,Yield,0.025383347012661372
2025-01-13,BUND-5Y-YIELD,Yield,0.025246745784593263
2025-01-14,BUND-5Y-YIELD,Yield,0.025226211742844038
2025-01-15,BUND-5Y-YIELD,Yield,0.024954619591604343
2025-01-16,BUND-5Y-YIELD,Yield,0.02475804566087799
2025-01-17,BUND-5Y-YIELD,Yield,0.024993199929995356
2025-01-20,BUND-5Y-YIELD,Yield,0.02497635252284726
2025-01-21,BUND-5Y-YIELD,Yield,0.02440215078888553
2025-01-22,BUND-5Y-YIELD,Yield,0.0240011933788025
2025-01-23,BUND-5Y-YIELD,Yield,0.024180117725010056
2025-01-24,BUND-5Y-YIELD,Yield,0.02384070135560169
2025-01-27,BUND-5Y-YIELD,Yield,0.023751087784990237
2025-01-28,BUND-5Y-YIELD,Yield,0.024085589641477605
2025-01-29,BUND-5Y-YIELD,Yield,0.02402233646101082
2025-01-30,BUND-5Y-YIELD,Yield,0.023943774530225954
2025-01-31,BUND-5Y-YIELD,Yield,0.023829884555186302
2025-02-03,BUND-5Y-YIELD,Yield,0.024157395838553284
2025-02-04,BUND-5Y-YIELD,Yield,0.023954992371256204
2025-02-05,BUND-5Y-YIELD,Yield,0.02359274904165231
2025-02-06,BUND-5Y-YIELD,Yield,0.023624838179979287
2025-02-07,BUND-5Y-YIELD,Yield,0.024124311677647618
2025-02-10,BUND-5Y-YIELD,Yield,0.02424398978194143
2025-02-11,BUND-5Y-YIELD,Yield,0.02472052605499261
2025-02-12,BUND-5Y-YIELD,Yield,0.025100896670599025
2025-02-13,BUND-5Y-YIELD,Yield,0.024776772263448
2025-02-14,BUND-5Y-YIELD,Yield,0.024809673295645526
2025-02-17,BUND-5Y-YIELD,Yield,0.024792891236437204
2025-02-18,BUND-5Y-YIELD,Yield,0.024809903281199454
2025-02-19,BUND-5Y-YIELD,Yield,0.02519457105243558
2025-02-20,BUND-5Y-YIELD,Yield,0.025634550483375047
2025-02-21,BUND-5Y-YIELD,Yield,0.025873650814086473
2025-02-24,BUND-5Y-YIELD,Yield,0.026255840058154706
2025-02-25,BUND-5Y-YIELD,Yield,0.026093631981234756
2025-02-26,BUND-5Y-YIELD,Yield,0.026358566398072242
2025-02-27,BUND-5Y-YIELD,Yield,0.026060249101930034
2025-02-28,BUND-5Y-YIELD,Yield,0.02597522863342537
2025-03-03,BUND-5Y-YIELD,Yield,0.02562083815861732
2025-03-04,BUND-5Y-YIELD,Yield,0.02601091532099485
2025-03-05,BUND-5Y-YIELD,Yield,0.025903412551043847
2025-03-06,BUND-5Y-YIELD,Yield,0.02615639566528777
2025-03-07,BUND-5Y-YIELD,Yield,0.02578670978640485
2025-03-10,BUND-5Y-YIELD,Yield,0.025880830844763354
2025-03-11,BUND-5Y-YIELD,Yield,0.026152283657230754
2025-03-12,BUND-5Y-YIELD,Yield,0.026207924048909776
2025-03-13,BUND-5Y-YIELD,Yield,0.026293276524285637
2025-03-14,BUND-5Y-YIELD,Yield,0.026368313254804602
2025-03-17,BUND-5Y-YIELD,Yield,0.026380410269573492
2025-03-18,BUND-5Y-YIELD,Yield,0.026299536904579108
2025-03-19,BUND-5Y-YIELD,Yield,0.026074671171579068
2025-03-20,BUND-5Y-YIELD,Yield,0.02641558852472785
2025-03-21,BUND-5Y-YIELD,Yield,0.02644920521809501
2025-03-24,BUND-5Y-YIELD,Yield,0.026502695303171904
2025-03-25,BUND-5Y-YIELD,Yield,0.02663317043005521
2025-03-26,BUND-5Y-YIELD,Yield,0.026287483297267093
2025-03-27,BUND-5Y-YIELD,Yield,0.02590921503221359
2025-03-28,BUND-5Y-YIELD,Yield,0.025536672037453294
2025-03-31,BUND-5Y-YIELD,Yield,0.026106245877764958
2025-04-01,BUND-5Y-YIELD,Yield,0.026054900949463628
2025-04-02,BUND-5Y-YIELD,Yield,0.026301338966883425
2025-04-03,BUND-5Y-YIELD,Yield,0.02578171087381664
2025-04-04,BUND-5Y-YIELD,Yield,0.025695404721463432
2025-04-07,BUND-5Y-YIELD,Yield,0.025756324484629074
2025-04-08,BUND-5Y-YIELD,Yield,0.02561580891254759
2025-04-09,BUND-5Y-YIELD,Yield,0.025978740416989304
2025-04-10,BUND-5Y-YIELD,Yield,0.025905404929201847
2025-04-11,BUND-5Y-YIELD,Yield,0.025911770591963035
2025-04-14,BUND-5Y-YIELD,Yield,0.026282442074991638
2025-04-15,BUND-5Y-YIELD,Yield,0.02679921647409891
2025-04-16,BUND-5Y-YIELD,Yield,0.026932987684451484
2025-04-17,BUND-5Y-YIELD,Yield,0.026828531625079973
2025-04-18,BUND-5Y-YIELD,Yield,0.02677536953380592
2025-04-21,BUND-5Y-YIELD,Yield,0.027170490410085357
2025-04-22,BUND-5Y-YIELD,Yield,0.026877488408084765
2025-04-23,BUND-5Y-YIELD,Yield,0.02660248375807086
2025-04-24,BUND-5Y-YIELD,Yield,0.026341613220194342
2025-04-25,BUND-5Y-YIELD,Yield,0.02667808816015892
2025-04-28,BUND-5Y-YIELD,Yield,0.02683108240714973
2025-04-29,BUND-5Y-YIELD,Yield,0.02658454400830672
2025-04-30,BUND-5Y-YIELD,Yield,0.026381237680162123
2025-05-01,BUND-5Y-YIELD,Yield,0.02639670363751479
2025-05-02,BUND-5Y-YIELD,Yield,0.02625550813536866
2025-05-05,BUND-5Y-YIELD,Yield,0.025955330610478253
2025-05-06,BUND-5Y-YIELD,Yield,0.025717418932975775
2025-05-07,BUND-5Y-YIELD,Yield,0.025670844782544777
2025-05-08,BUND-5Y-YIELD,Yield,0.02549897554349196
2025-05-09,BUND-5Y-YIELD,Yield,0.02550037679045837
2025-05-12,BUND-5Y-YIELD,Yield,0.025401619571293287
2025-05-13,BUND-5Y-YIELD,Yield,0.02519260493444788
2025-05-14,BUND-5Y-YIELD,Yield,0.025333326547780654
2025-05-15,BUND-5Y-YIELD,Yield,0.02548377208851074
2025-05-16,BUND-5Y-YIELD,Yield,0.02489626299014113
2025-05-19,BUND-5Y-YIELD,Yield,0.02498347950848812
2025-05-20,BUND-5Y-YIELD,Yield,0.02484837636681267
2025-05-21,BUND-5Y-YIELD,Yield,0.024547076995409284
2025-05-22,BUND-5Y-YIELD,Yield,0.024778738726044337
2025-05-23,BUND-5Y-YIELD,Yield,0.024861586312192967
2025-05-26,BUND-5Y-YIELD,Yield,0.02503757838938365
2025-05-27,BUND-5Y-YIELD,Yield,0.024878296045435677
2025-05-28,BUND-5Y-YIELD,Yield,0.02542497094176043
2025-05-29,BUND-5Y-YIELD,Yield,0.025582113081420985
2025-05-30,BUND-5Y-YIELD,Yield,0.025402522050454412
2025-06-02,BUND-5Y-YIELD,Yield,0.02598239841807113
2025-06-03,BUND-5Y-YIELD,Yield,0.025732958662567945
2025-06-04,BUND-5Y-YIELD,Yield,0.026193399156368147
2025-06-05,BUND-5Y-YIELD,Yield,0.02610533487254378
2025-06-06,BUND-5Y-YIELD,Yield,0.025920520218680475
2025-06-09,BUND-5Y-YIELD,Yield,0.02569936324805024
2025-06-10,BUND-5Y-YIELD,Yield,0.02539237768520793
2025-06-11,BUND-5Y-YIELD,Yield,0.025111682320093986
2025-06-12,BUND-5Y-YIELD,Yield,0.025221323812374147
2025-06-13,BUND-5Y-YIELD,Yield,0.025192765904201896
2025-06-16,BUND-5Y-YIELD,Yield,0.02469669675889897
2025-06-17,BUND-5Y-YIELD,Yield,0.024757256778828944
2025-06-18,BUND-5Y-YIELD,Yield,0.024303537524126746
2025-06-19,BUND-5Y-YIELD,Yield,0.024454901131451476
2025-06-20,BUND-5Y-YIELD,Yield,0.0243111943467928
2025-06-23,BUND-5Y-YIELD,Yield,0.024239825357659853
2025-06-24,BUND-5Y-YIELD,Yield,0.024596644516403726
2025-06-25,BUND-5Y-YIELD,Yield,0.023974629904168467
2025-06-26,BUND-5Y-YIELD,Yield,0.024645619779221146
2025-06-27,BUND-5Y-YIELD,Yield,0.025578814034905743
2025-06-30,BUND-5Y-YIELD,Yield,0.025908839904820683
2025-07-01,BUND-5Y-YIELD,Yield,0.026080549764941605
2025-07-02,BUND-5Y-YIELD,Yield,0.025871401803510982
2025-07-03,BUND-5Y-YIELD,Yield,0.02620177863824382
2025-07-04,BUND-5Y-YIELD,Yield,0.026143605165590056
2025-07-07,BUND-5Y-YIELD,Yield,0.026055439922863945
2025-07-08,BUND-5Y-YIELD,Yield,0.02581228969722496
2025-07-09,BUND-5Y-YIELD,Yield,0.02623650230556067
2025-07-10,BUND-5Y-YIELD,Yield,0.02649516052389468
2025-07-11,BUND-5Y-YIELD,Yield,0.026058889159737794
2025-07-14,BUND-5Y-YIELD,Yield,0.026027443866363263
2025-07-15,BUND-5Y-YIELD,Yield,0.025629540577070554
2025-07-16,BUND-5Y-YIELD,Yield,0.025910344618554296
2025-07-17,BUND-5Y-YIELD,Yield,0.025634450559069755
2025-07-18,BUND-5Y-YIELD,Yield,0.025612995711085128
2025-07-21,BUND-5Y-YIELD,Yield,0.02578422142497018
2025-07-22,BUND-5Y-YIELD,Yield,0.02572389739498302
2025-07-23,BUND-5Y-YIELD,Yield,0.025346811266433372
2025-07-24,BUND-5Y-YIELD,Yield,0.025209857457670237
2025-07-25,BUND-5Y-YIELD,Yield,0.02479984215489649
2025-07-28,BUND-5Y-YIELD,Yield,0.025234074068860662
2025-07-29,BUND-5Y-YIELD,Yield,0.025516223186548444
2025-07-30,BUND-5Y-YIELD,Yield,0.024980227168329806
2025-07-31,BUND-5Y-YIELD,Yield,0.02462681503142895
2025-08-01,BUND-5Y-YIELD,Yield,0.025308898360210268
2025-08-04,BUND-5Y-YIELD,Yield,0.025508321325216927
2025-08-05,BUND-5Y-YIELD,Yield,0.025410982568679515
2025-08-06,BUND-5Y-YIELD,Yield,0.025692640846675007
2025-08-07,BUND-5Y-YIELD,Yield,0.025798304155115304
2025-08-08,BUND-5Y-YIELD,Yield,0.026038227659982115
2025-08-11,BUND-5Y-YIELD,Yield,0.025921695508668113
2025-08-12,BUND-5Y-YIELD,Yield,0.02641964971724342
2025-08-13,BUND-5Y-YIELD,Yield,0.02649651652640296
2025-08-14,BUND-5Y-YIELD,Yield,0.026135849013348224
2025-08-15,BUND-5Y-YIELD,Yield,0.026121422436733453
2025-08-18,BUND-5Y-YIELD,Yield,0.026022849167083993
2025-08-19,BUND-5Y-YIELD,Yield,0.026143549527210232
2025-08-20,BUND-5Y-YIELD,Yield,0.0262294119128152
2025-08-21,BUND-5Y-YIELD,Yield,0.026263884025612926
2025-08-22,BUND-5Y-YIELD,Yield,0.026006504340101308
2025-08-25,BUND-5Y-YIELD,Yield,0.026072825609797227
2025-08-26,BUND-5Y-YIELD,Yield,0.025897106107389385
2025-08-27,BUND-5Y-YIELD,Yield,0.02639182001459975
2025-08-28,BUND-5Y-YIELD,Yield,0.026041897586034837
2025-08-29,BUND-5Y-YIELD,Yield,0.025956515052577053
2025-09-01,BUND-5Y-YIELD,Yield,0.02580047747250712
2025-09-02,BUND-5Y-YIELD,Yield,0.02549572039712893
2025-09-03,BUND-5Y-YIELD,Yield,0.02561910735182096
2025-09-04,BUND-5Y-YIELD,Yield,0.025712024386330662
2025-09-05,BUND-5Y-YIELD,Yield,0.02577016455922037
2025-09-08,BUND-5Y-YIELD,Yield,0.026233242055892197
2025-09-09,BUND-5Y-YIELD,Yield,0.02606109791567661
2025-09-10,BUND-5Y-YIELD,Yield,0.026200974590377017
2025-09-11,BUND-5Y-YIELD,Yield,0.026230127377209964
2025-09-12,BUND-5Y-YIELD,Yield,0.026315157220975747
2025-09-15,BUND-5Y-YIELD,Yield,0.025925921321784177
2025-09-16,BUND-5Y-YIELD,Yield,0.02555781835214514
2025-09-17,BUND-5Y-YIELD,Yield,0.025812666940416264
2025-09-18,BUND-5Y-YIELD,Yield,0.025452911175290145
2025-09-19,BUND-5Y-YIELD,Yield,0.025791001994680006
2025-09-22,BUND-5Y-YIELD,Yield,0.02625600298893482
2025-09-23,BUND-5Y-YIELD,Yield,0.02608353152737924
2025-09-24,BUND-5Y-YIELD,Yield,0.02618918131972609
2025-09-25,BUND-5Y-YIELD,Yield,0.026247105973376636
2025-09-26,BUND-5Y-YIELD,Yield,0.026711768901175353
2025-09-29,BUND-5Y-YIELD,Yield,0.027364385227572046
2025-09-30,BUND-5Y-YIELD,Yield,0.02761397180282793
2025-10-01,BUND-5Y-YIELD,Yield,0.027883351975248234
2025-10-02,BUND-5Y-YIELD,Yield,0.028266323170272677
2025-10-03,BUND-5Y-YIELD,Yield,0.027980644887683457
2025-10-06,BUND-5Y-YIELD,Yield,0.027964084021806553
2025-10-07,BUND-5Y-YIELD,Yield,0.028237069958362105
2025-10-08,BUND-5Y-YIELD,Yield,0.02809394477945278
2025-10-09,BUND-5Y-YIELD,Yield,0.028606127656250962
2025-10-10,BUND-5Y-YIELD,Yield,0.028325240953663976
2025-10-13,BUND-5Y-YIELD,Yield,0.028271282117957243
2025-10-14,BUND-5Y-YIELD,Yield,0.028306998936943106
2025-10-15,BUND-5Y-YIELD,Yield,0.028513619967960556
2025-10-16,BUND-5Y-YIELD,Yield,0.028232944967274333
2025-10-17,BUND-5Y-YIELD,Yield,0.028115705692668417
2025-10-20,BUND-5Y-YIELD,Yield,0.028224538622397953
2025-10-21,BUND-5Y-YIELD,Yield,0.028248859700459983
2025-10-22,BUND-5Y-YIELD,Yield,0.028420249620766704
2025-10-23,BUND-5Y-YIELD,Yield,0.028163586751022675
2025-10-24,BUND-5Y-YIELD,Yield,0.02781666565103746
2025-10-27,BUND-5Y-YIELD,Yield,0.026936639571522508
2025-10-28,BUND-5Y-YIELD,Yield,0.02651397559521995
2025-10-29,BUND-5Y-YIELD,Yield,0.026335716187664674
2025-10-30,BUND-5Y-YIELD,Yield,0.02585038453316572
2025-10-31,BUND-5Y-YIELD,Yield,0.025689221516656265
2025-11-03,BUND-5Y-YIELD,Yield,0.025903233378058877
2025-11-04,BUND-5Y-YIELD,Yield,0.025713767794784927
2025-11-05,BUND-5Y-YIELD,Yield,0.025949431064179965
2025-11-06,BUND-5Y-YIELD,Yield,0.026132761592481738
2025-11-07,BUND-5Y-YIELD,Yield,0.02609949558578978
2025-11-10,BUND-5Y-YIELD,Yield,0.026278584370624514
2025-11-11,BUND-5Y-YIELD,Yield,0.02651300241952363
2025-11-12,BUND-5Y-YIELD,Yield,0.026059925034331008
2025-11-13,BUND-5Y-YIELD,Yield,0.026510948195231653
2025-11-14,BUND-5Y-YIELD,Yield,0.025938470524884176
2025-11-17,BUND-5Y-YIELD,Yield,0.025984907655097304
2025-11-18,BUND-5Y-YIELD,Yield,0.025766265136799624
2025-11-19,BUND-5Y-YIELD,Yield,0.02556682448787202
2025-11-20,BUND-5Y-YIELD,Yield,0.025597874409932952
2025-11-21,BUND-5Y-YIELD,Yield,0.025450436517442075
2025-11-24,BUND-5Y-YIELD,Yield,0.0253623333236777
2025-11-25,BUND-5Y-YIELD,Yield,0.025321683372402606
2025-11-26,BUND-5Y-YIELD,Yield,0.025025925947506713
2025-11-27,BUND-5Y-YIELD,Yield,0.025072912026103816
2025-11-28,BUND-5Y-YIELD,Yield,0.02472373620554765
2025-12-01,BUND-5Y-YIELD,Yield,0.02487526594052093
2025-12-02,BUND-5Y-YIELD,Yield,0.024502999664712685
2025-12-03,BUND-5Y-YIELD,Yield,0.024572784677350797
2025-12-04,BUND-5Y-YIELD,Yield,0.02441541713665902
2025-12-05,BUND-5Y-YIELD,Yield,0.024863402549392653
2025-12-08,BUND-5Y-YIELD,Yield,0.024580072145378894
2025-12-09,BUND-5Y-YIELD,Yield,0.024953685076740523
2025-12-10,BUND-5Y-YIELD,Yield,0.02485327574512683
2025-12-11,BUND-5Y-YIELD,Yield,0.024385791844958465
2025-12-12,BUND-5Y-YIELD,Yield,0.024832366282285277
2025-12-15,BUND-5Y-YIELD,Yield,0.02515823148930552
2025-12-16,BUND-5Y-YIELD,Yield,0.0257005221679913
2025-12-17,BUND-5Y-YIELD,Yield,0.025603375375075416
2025-12-18,BUND-5Y-YIELD,Yield,0.025914207345357862
2025-12-19,BUND-5Y-YIELD,Yield,0.02641561969817233
2025-12-22,BUND-5Y-YIELD,Yield,0.02651765123018672
2025-12-23,BUND-5Y-YIELD,Yield,0.027437490975486676
2025-12-24,BUND-5Y-YIELD,Yield,0.027429920093725205
2025-12-25,BUND-5Y-YIELD,Yield,0.027801985806974704
2025-12-26,BUND-5Y-YIELD,Yield,0.02761339686892209
2025-12-29,BUND-5Y-YIELD,Yield,0.027472248688169235
2025-12-30,BUND-5Y-YIELD,Yield,0.027445271844455613
2025-12-31,BUND-5Y-YIELD,Yield,0.0275083323089482
2026-01-01,BUND-5Y-YIELD,Yield,0.027671432626093888
2026-01-02,BUND-5Y-YIELD,Yield,0.027916984654293212
2026-01-05,BUND-5Y-YIELD,Yield,0.02736441368357935
2026-01-06,BUND-5Y-YIELD,Yield,0.02748843047514628
2026-01-07,BUND-5Y-YIELD,Yield,0.027406571536452984
2026-01-08,BUND-5Y-YIELD,Yield,0.026949646631847613
2026-01-09,BUND-5Y-YIELD,Yield,0.02681012548728153
2026-01-12,BUND-5Y-YIELD,Yield,0.02708923574323608
2026-01-13,BUND-5Y-YIELD,Yield,0.027313557625038266
2026-01-14,BUND-5Y-YIELD,Yield,0.02691997536133876
2026-01-15,BUND-5Y-YIELD,Yield,0.026795211032900293
2026-01-16,BUND-5Y-YIELD,Yield,0.026694014454281722
2026-01-19,BUND-5Y-YIELD,Yield,0.027133928958901786
2026-01-20,BUND-5Y-YIELD,Yield,0.02708436786531307
2026-01-21,BUND-5Y-YIELD,Yield,0.02688079547602882
2026-01-22,BUND-5Y-YIELD,Yield,0.026889735821003742
2026-01-23,BUND-5Y-YIELD,Yield,0.026154800296881466
2026-01-26,BUND-5Y-YIELD,Yield,0.02619256260267552
2026-01-27,BUND-5Y-YIELD,Yield,0.026487411631488156
2026-01-28,BUND-5Y-YIELD,Yield,0.02661140786951287
2026-01-29,BUND-5Y-YIELD,Yield,0.026062383370342338
2026-01-30,BUND-5Y-YIELD,Yield,0.0267906473848652
2026-02-02,BUND-5Y-YIELD,Yield,0.026967849780283625
2026-02-03,BUND-5Y-YIELD,Yield,0.02692567284620653
2026-02-04,BUND-5Y-YIELD,Yield,0.026891958712913833
2026-02-05,BUND-5Y-YIELD,Yield,0.02713807473038656
2026-02-06,BUND-5Y-YIELD,Yield,0.02709257921664728
2026-02-09,BUND-5Y-YIELD,Yield,0.027048254550007433
2026-02-10,BUND-5Y-YIELD,Yield,0.027229815302202975
2026-02-11,BUND-5Y-YIELD,Yield,0.026900291967730184
2026-02-12,BUND-5Y-YIELD,Yield,0.027123469460595344
2026-02-13,BUND-5Y-YIELD,Yield,0.026834250834319742
2026-02-16,BUND-5Y-YIELD,Yield,0.026963270118022648
2026-02-17,BUND-5Y-YIELD,Yield,0.02727599692541377
2026-02-18,BUND-5Y-YIELD,Yield,0.027430400753599378
2026-02-19,BUND-5Y-YIELD,Yield,0.02767379156825683
2026-02-20,BUND-5Y-YIELD,Yield,0.02755855974914951
2026-02-23,BUND-5Y-YIELD,Yield,0.02732191407442616
2026-02-24,BUND-5Y-YIELD,Yield,0.02763189939516082
2026-02-25,BUND-5Y-YIELD,Yield,0.027588821287086285
2026-02-26,BUND-5Y-YIELD,Yield,0.02733318148278049
2026-02-27,BUND-5Y-YIELD,Yield,0.02717028007426605
2026-03-02,BUND-5Y-YIELD,Yield,0.026952468208045574
2026-03-03,BUND-5Y-YIELD,Yield,0.027167524706581143
2026-03-04,BUND-5Y-YIELD,Yield,0.02734080446301751
2026-03-05,BUND-5Y-YIELD,Yield,0.027775468314899666
2026-03-06,BUND-5Y-YIELD,Yield,0.027439316772286747
2026-03-09,BUND-5Y-YIELD,Yield,0.027452797109844853
2026-03-10,BUND-5Y-YIELD,Yield,0.027425048436513468
2026-03-11,BUND-5Y-YIELD,Yield,0.02680027278210101
2026-03-12,BUND-5Y-YIELD,Yield,0.026777469322254572
2026-03-13,BUND-5Y-YIELD,Yield,0.026956921620430903
2026-03-16,BUND-5Y-YIELD,Yield,0.02670620416937226
2026-03-17,BUND-5Y-YIELD,Yield,0.026327294128685747
2026-03-18,BUND-5Y-YIELD,Yield,0.027025170195511733
2026-03-19,BUND-5Y-YIELD,Yield,0.026617763816787463
2026-03-20,BUND-5Y-YIELD,Yield,0.02706555226723797
2026-03-23,BUND-5Y-YIELD,Yield,0.027158497429293937
2026-03-24,BUND-5Y-YIELD,Yield,0.027284671596840726
2026-03-25,BUND-5Y-YIELD,Yield,0.027125042618760684
2026-03-26,BUND-5Y-YIELD,Yield,0.026827156599941924
2026-03-27,BUND-5Y-YIELD,Yield,0.02726015918706287
2026-03-30,BUND-5Y-YIELD,Yield,0.027819659383679304
2026-03-31,BUND-5Y-YIELD,Yield,0.027568253176237952
2026-04-01,BUND-5Y-YIELD,Yield,0.027931125351228207
2026-04-02,BUND-5Y-YIELD,Yield,0.02793213163219212
2026-04-03,BUND-5Y-YIELD,Yield,0.02816843849877079
2026-04-06,BUND-5Y-YIELD,Yield,0.028106950434224294
2026-04-07,BUND-5Y-YIELD,Yield,0.027898948154393595
2026-04-08,BUND-5Y-YIELD,Yield,0.027432747159516668
2026-04-09,BUND-5Y-YIELD,Yield,0.026912073888951414
2026-04-10,BUND-5Y-YIELD,Yield,0.026872875688595223
2026-04-13,BUND-5Y-YIELD,Yield,0.026797093942569523
2026-04-14,BUND-5Y-YIELD,Yield,0.026435664841469
2026-04-15,BUND-5Y-YIELD,Yield,0.02593988430467444
2026-04-16,BUND-5Y-YIELD,Yield,0.025690134193271368
2026-04-17,BUND-5Y-YIELD,Yield,0.025799631322312024
2026-04-20,BUND-5Y-YIELD,Yield,0.026050360744060128
2026-04-21,BUND-5Y-YIELD,Yield,0.02633706251724013
2026-04-22,BUND-5Y-YIELD,Yield,0.02634148402958798
2026-04-23,BUND-5Y-YIELD,Yield,0.02654688391796202
2026-04-24,BUND-5Y-YIELD,Yield,0.026163736064705335
2026-04-27,BUND-5Y-YIELD,Yield,0.026620046460274403
2026-04-28,BUND-5Y-YIELD,Yield,0.026632560498861726
2026-04-29,BUND-5Y-YIELD,Yield,0.026372132708221346
2026-04-30,BUND-5Y-YIELD,Yield,0.02606666039141863
2026-05-01,BUND-5Y-YIELD,Yield,0.02571599273741709
2026-05-04,BUND-5Y-YIELD,Yield,0.025594155086189212
2026-05-05,BUND-5Y-YIELD,Yield,0.025817998665677185
2026-05-06,BUND-5Y-YIELD,Yield,0.025569852895226435
2026-05-07,BUND-5Y-YIELD,Yield,0.025816118157973404
2026-05-08,BUND-5Y-YIELD,Yield,0.02583255994131926
2026-05-11,BUND-5Y-YIELD,Yield,0.02530042614577728
2026-05-12,BUND-5Y-YIELD,Yield,0.02493594451168897
2026-05-13,BUND-5Y-YIELD,Yield,0.024627553083308513
2026-05-14,BUND-5Y-YIELD,Yield,0.02446343863099641
2026-05-15,BUND-5Y-YIELD,Yield,0.024975105134570574
2026-05-18,BUND-5Y-YIELD,Yield,0.025653012330043353
2026-05-19,BUND-5Y-YIELD,Yield,0.02570249999704569
2026-05-20,BUND-5Y-YIELD,Yield,0.025758952169610966
2026-05-21,BUND-5Y-YIELD,Yield,0.025498028792284428
2026-05-22,BUND-5Y-YIELD,Yield,0.025800620531367363
2026-05-25,BUND-5Y-YIELD,Yield,0.025517930733874622
2026-05-26,BUND-5Y-YIELD,Yield,0.025344929358618356
2026-05-27,BUND-5Y-YIELD,Yield,0.025338193155938736
2026-05-28,BUND-5Y-YIELD,Yield,0.02556962930338321
2026-05-29,BUND-5Y-YIELD,Yield,0.025623869700481798
2026-06-01,BUND-5Y-YIELD,Yield,0.024905273746171623
2026-06-02,BUND-5Y-YIELD,Yield,0.024986205711973287
2026-06-03,BUND-5Y-YIELD,Yield,0.024845101083794
2026-06-04,BUND-5Y-YIELD,Yield,0.02491995527115552
2026-06-05,BUND-5Y-YIELD,Yield,0.025299941399813373
2026-06-08,BUND-5Y-YIELD,Yield,0.024804250192452904
2026-06-09,BUND-5Y-YIELD,Yield,0.024843302882464054
2026-06-10,BUND-5Y-YIELD,Yield,0.02509911994750259
2026-06-11,BUND-5Y-YIELD,Yield,0.024621857641472428
2026-06-12,BUND-5Y-YIELD,Yield,0.025001769533011663
2026-06-15,BUND-5Y-YIELD,Yield,0.025170849991747617
2026-06-16,BUND-5Y-YIELD,Yield,0.02523806857666549
2026-06-17,BUND-5Y-YIELD,Yield,0.024985307004533937
2026-06-18,BUND-5Y-YIELD,Yield,0.025093761686651977
2026-06-19,BUND-5Y-YIELD,Yield,0.025290884597921916
2026-06-22,BUND-5Y-YIELD,Yield,0.025035620002594915
2026-06-23,BUND-5Y-YIELD,Yield,0.02483322020372094
2026-06-24,BUND-5Y-YIELD,Yield,0.02455397825369674
2026-06-25,BUND-5Y-YIELD,Yield,0.02460926869119947
2026-06-26,BUND-5Y-YIELD,Yield,0.02468678287077323
2026-06-29,BUND-5Y-YIELD,Yield,0.02493278186899862
2026-06-30,BUND-5Y-YIELD,Yield,0.02501437582340502
2026-07-01,BUND-5Y-YIELD,Yield,0.024877107168422088
2026-07-02,BUND-5Y-YIELD,Yield,0.024866165987008654
2026-07-03,BUND-5Y-YIELD,Yield,0.024589867064283264
2026-07-06,BUND-5Y-YIELD,Yield,0.02486535966230891
2026-07-07,BUND-5Y-YIELD,Yield,0.024566789698174368
2026-07-08,BUND-5Y-YIELD,Yield,0.024299392419583742
2026-07-09,BUND-5Y-YIELD,Yield,0.02430550245235514
2026-07-10,BUND-5Y-YIELD,Yield,0.02373782396793064
2026-07-13,BUND-5Y-YIELD,Yield,0.023861552358309043
2026-07-14,BUND-5Y-YIELD,Yield,0.02424788795363155
2026-07-15,BUND-5Y-YIELD,Yield,0.02442939534693007
2026-07-16,BUND-5Y-YIELD,Yield,0.024633176964178105
2026-07-17,BUND-5Y-YIELD,Yield,0.02477697120354176
2026-07-20,BUND-5Y-YIELD,Yield,0.02478414363651045
2026-07-21,BUND-5Y-YIELD,Yield,0.02476928496262257
2026-07-22,BUND-5Y-YIELD,Yield,0.02443013322838704
2026-07-23,BUND-5Y-YIELD,Yield,0.02453015208915238
2026-07-24,BUND-5Y-YIELD,Yield,0.02478819996718625
2026-07-27,BUND-5Y-YIELD,Yield,0.02535533777105681
2026-07-28,BUND-5Y-YIELD,Yield,0.025239528575897924
2026-07-29,BUND-5Y-YIELD,Yield,0.02535085702337644
2026-07-30,BUND-5Y-YIELD,Yield,0.02549536423168819
2026-07-31,BUND-5Y-YIELD,Yield,0.0253844069393983
2026-08-03,BUND-5Y-YIELD,Yield,0.02525564669072997
2026-08-04,BUND-5Y-YIELD,Yield,0.025139153711482374
2026-08-05,BUND-5Y-YIELD,Yield,0.025061850670993525
2026-08-06,BUND-5Y-YIELD,Yield,0.025539170564309807
2026-08-07,BUND-5Y-YIELD,Yield,0.025047303658554544
2026-08-10,BUND-5Y-YIELD,Yield,0.0247030163382552
2026-08-11,BUND-5Y-YIELD,Yield,0.024288973524517855
2026-08-12,BUND-5Y-YIELD,Yield,0.024387415716144587
2026-08-13,BUND-5Y-YIELD,Yield,0.024558791962510304
2026-08-14,BUND-5Y-YIELD,Yield,0.024274421893170736
2026-08-17,BUND-5Y-YIELD,Yield,0.024546897804766588
2026-08-18,BUND-5Y-YIELD,Yield,0.024244513663629164
2026-08-19,BUND-5Y-YIELD,Yield,0.02469810705734217
2026-08-20,BUND-5Y-YIELD,Yield,0.02472709984823236
2026-08-21,BUND-5Y-YIELD,Yield,0.025012579010581827
2026-08-24,BUND-5Y-YIELD,Yield,0.02460784294422586
2026-08-25,BUND-5Y-YIELD,Yield,0.02487901259993124
2026-08-26,BUND-5Y-YIELD,Yield,0.024924116580690738
2026-08-27,BUND-5Y-YIELD,Yield,0.024757894254893515
2026-08-28,BUND-5Y-YIELD,Yield,0.02429381019959436
2026-08-31,BUND-5Y-YIELD,Yield,0.024533792646420725
2026-09-01,BUND-5Y-YIELD,Yield,0.02474844902604598
2026-09-02,BUND-5Y-YIELD,Yield,0.024650663322752172
2026-09-03,BUND-5Y-YIELD,Yield,0.02493830870179313
2026-09-04,BUND-5Y-YIELD,Yield,0.025233117255712624
2024-09-04,EURUSD,FX Spot,1.1081
2024-09-05,EURUSD,FX Spot,1.1096
2024-09-06,EURUSD,FX Spot,1.1086
2024-09-09,EURUSD,FX Spot,1.1042
2024-09-10,EURUSD,FX Spot,1.1025
2024-09-11,EURUSD,FX Spot,1.1012
2024-09-12,EURUSD,FX Spot,1.1041
2024-09-13,EURUSD,FX Spot,1.1085
2024-09-16,EURUSD,FX Spot,1.1123
2024-09-17,EURUSD,FX Spot,1.1118
2024-09-18,EURUSD,FX Spot,1.1116
2024-09-19,EURUSD,FX Spot,1.1147
2024-09-20,EURUSD,FX Spot,1.1159
2024-09-23,EURUSD,FX Spot,1.113
2024-09-24,EURUSD,FX Spot,1.115
2024-09-25,EURUSD,FX Spot,1.1143
2024-09-26,EURUSD,FX Spot,1.1184
2024-09-27,EURUSD,FX Spot,1.1159
2024-09-30,EURUSD,FX Spot,1.1145
2024-10-01,EURUSD,FX Spot,1.1067
2024-10-02,EURUSD,FX Spot,1.105
2024-10-03,EURUSD,FX Spot,1.1015
2024-10-04,EURUSD,FX Spot,1.0961
2024-10-07,EURUSD,FX Spot,1.0976
2024-10-08,EURUSD,FX Spot,1.097
2024-10-09,EURUSD,FX Spot,1.0951
2024-10-10,EURUSD,FX Spot,1.0925
2024-10-11,EURUSD,FX Spot,1.0942
2024-10-15,EURUSD,FX Spot,1.0899
2024-10-16,EURUSD,FX Spot,1.0873
2024-10-17,EURUSD,FX Spot,1.0837
2024-10-18,EURUSD,FX Spot,1.0854
2024-10-21,EURUSD,FX Spot,1.082
2024-10-22,EURUSD,FX Spot,1.0805
2024-10-23,EURUSD,FX Spot,1.0779
2024-10-24,EURUSD,FX Spot,1.0806
2024-10-25,EURUSD,FX Spot,1.0813
2024-10-28,EURUSD,FX Spot,1.0819
2024-10-29,EURUSD,FX Spot,1.0798
2024-10-30,EURUSD,FX Spot,1.0864
2024-10-31,EURUSD,FX Spot,1.0855
2024-11-01,EURUSD,FX Spot,1.0848
2024-11-04,EURUSD,FX Spot,1.0884
2024-11-05,EURUSD,FX Spot,1.092
2024-11-06,EURUSD,FX Spot,1.0732
2024-11-07,EURUSD,FX Spot,1.0792
2024-11-08,EURUSD,FX Spot,1.071
2024-11-12,EURUSD,FX Spot,1.0598
2024-11-13,EURUSD,FX Spot,1.0567
2024-11-14,EURUSD,FX Spot,1.0562
2024-11-15,EURUSD,FX Spot,1.0552
2024-11-18,EURUSD,FX Spot,1.0586
2024-11-19,EURUSD,FX Spot,1.0578
2024-11-20,EURUSD,FX Spot,1.0521
2024-11-21,EURUSD,FX Spot,1.0475
2024-11-22,EURUSD,FX Spot,1.0399
2024-11-25,EURUSD,FX Spot,1.0478
2024-11-26,EURUSD,FX Spot,1.0481
2024-11-27,EURUSD,FX Spot,1.0575
2024-11-29,EURUSD,FX Spot,1.0547
2024-12-02,EURUSD,FX Spot,1.0484
2024-12-03,EURUSD,FX Spot,1.0518
2024-12-04,EURUSD,FX Spot,1.0527
2024-12-05,EURUSD,FX Spot,1.0571
2024-12-06,EURUSD,FX Spot,1.0563
2024-12-09,EURUSD,FX Spot,1.057
2024-12-10,EURUSD,FX Spot,1.0512
2024-12-11,EURUSD,FX Spot,1.0508
2024-12-12,EURUSD,FX Spot,1.0514
2024-12-13,EURUSD,FX Spot,1.0498
2024-12-16,EURUSD,FX Spot,1.0512
2024-12-17,EURUSD,FX Spot,1.0506
2024-12-18,EURUSD,FX Spot,1.0469
2024-12-19,EURUSD,FX Spot,1.0357
2024-12-20,EURUSD,FX Spot,1.043
2024-12-23,EURUSD,FX Spot,1.0409
2024-12-24,EURUSD,FX Spot,1.0388
2024-12-26,EURUSD,FX Spot,1.0423
2024-12-27,EURUSD,FX Spot,1.0423
2024-12-30,EURUSD,FX Spot,1.0386
2024-12-31,EURUSD,FX Spot,1.0351
2025-01-02,EURUSD,FX Spot,1.0261
2025-01-03,EURUSD,FX Spot,1.0292
2025-01-06,EURUSD,FX Spot,1.0397
2025-01-07,EURUSD,FX Spot,1.0369
2025-01-08,EURUSD,FX Spot,1.0313
2025-01-09,EURUSD,FX Spot,1.0298
2025-01-10,EURUSD,FX Spot,1.0238
2025-01-13,EURUSD,FX Spot,1.0209
2025-01-14,EURUSD,FX Spot,1.0292
2025-01-15,EURUSD,FX Spot,1.0282
2025-01-16,EURUSD,FX Spot,1.0303
2025-01-17,EURUSD,FX Spot,1.0287
2025-01-21,EURUSD,FX Spot,1.0423
2025-01-22,EURUSD,FX Spot,1.042
2025-01-23,EURUSD,FX Spot,1.042
2025-01-24,EURUSD,FX Spot,1.0515
2025-01-27,EURUSD,FX Spot,1.0492
2025-01-28,EURUSD,FX Spot,1.0427
2025-01-29,EURUSD,FX Spot,1.0416
2025-01-30,EURUSD,FX Spot,1.042
2025-01-31,EURUSD,FX Spot,1.04
2025-02-03,EURUSD,FX Spot,1.0277
2025-02-04,EURUSD,FX Spot,1.0379
2025-02-05,EURUSD,FX Spot,1.0419
2025-02-06,EURUSD,FX Spot,1.0368
2025-02-07,EURUSD,FX Spot,1.0329
2025-02-10,EURUSD,FX Spot,1.0312
2025-02-11,EURUSD,FX Spot,1.0346
2025-02-12,EURUSD,FX Spot,1.0392
2025-02-13,EURUSD,FX Spot,1.0428
2025-02-14,EURUSD,FX Spot,1.0498
2025-02-18,EURUSD,FX Spot,1.0457
2025-02-19,EURUSD,FX Spot,1.0406
2025-02-20,EURUSD,FX Spot,1.0475
2025-02-21,EURUSD,FX Spot,1.0455
2025-02-24,EURUSD,FX Spot,1.0478
2025-02-25,EURUSD,FX Spot,1.0498
2025-02-26,EURUSD,FX Spot,1.0514
2025-02-27,EURUSD,FX Spot,1.0414
2025-02-28,EURUSD,FX Spot,1.0402
2025-03-03,EURUSD,FX Spot,1.0496
2025-03-04,EURUSD,FX Spot,1.0534
2025-03-05,EURUSD,FX Spot,1.0768
2025-03-06,EURUSD,FX Spot,1.0818
2025-03-07,EURUSD,FX Spot,1.0859
2025-03-10,EURUSD,FX Spot,1.0837
2025-03-11,EURUSD,FX Spot,1.0927
2025-03-12,EURUSD,FX Spot,1.0925
2025-03-13,EURUSD,FX Spot,1.0859
2025-03-14,EURUSD,FX Spot,1.0872
2025-03-17,EURUSD,FX Spot,1.0922
2025-03-18,EURUSD,FX Spot,1.0927
2025-03-19,EURUSD,FX Spot,1.0877
2025-03-20,EURUSD,FX Spot,1.0848
2025-03-21,EURUSD,FX Spot,1.0806
2025-03-24,EURUSD,FX Spot,1.0794
2025-03-25,EURUSD,FX Spot,1.0804
2025-03-26,EURUSD,FX Spot,1.0781
2025-03-27,EURUSD,FX Spot,1.08
2025-03-28,EURUSD,FX Spot,1.0826
2025-03-31,EURUSD,FX Spot,1.0796
2025-04-01,EURUSD,FX Spot,1.08
2025-04-02,EURUSD,FX Spot,1.0868
2025-04-03,EURUSD,FX Spot,1.1052
2025-04-04,EURUSD,FX Spot,1.1014
2025-04-07,EURUSD,FX Spot,1.0912
2025-04-08,EURUSD,FX Spot,1.0912
2025-04-09,EURUSD,FX Spot,1.104
2025-04-10,EURUSD,FX Spot,1.1192
2025-04-11,EURUSD,FX Spot,1.1325
2025-04-14,EURUSD,FX Spot,1.1358
2025-04-15,EURUSD,FX Spot,1.129
2025-04-16,EURUSD,FX Spot,1.1382
2025-04-17,EURUSD,FX Spot,1.1364
2025-04-18,EURUSD,FX Spot,1.139
2025-04-21,EURUSD,FX Spot,1.1508
2025-04-22,EURUSD,FX Spot,1.1466
2025-04-23,EURUSD,FX Spot,1.135
2025-04-24,EURUSD,FX Spot,1.1363
2025-04-25,EURUSD,FX Spot,1.1381
2025-04-28,EURUSD,FX Spot,1.1387
2025-04-29,EURUSD,FX Spot,1.1396
2025-04-30,EURUSD,FX Spot,1.1349
2025-05-01,EURUSD,FX Spot,1.1279
2025-05-02,EURUSD,FX Spot,1.133
2025-05-05,EURUSD,FX Spot,1.1315
2025-05-06,EURUSD,FX Spot,1.1345
2025-05-07,EURUSD,FX Spot,1.1348
2025-05-08,EURUSD,FX Spot,1.1249
2025-05-09,EURUSD,FX Spot,1.127
2025-05-12,EURUSD,FX Spot,1.1106
2025-05-13,EURUSD,FX Spot,1.1176
2025-05-14,EURUSD,FX Spot,1.1206
2025-05-15,EURUSD,FX Spot,1.1189
2025-05-16,EURUSD,FX Spot,1.1141
2025-05-19,EURUSD,FX Spot,1.1236
2025-05-20,EURUSD,FX Spot,1.1254
2025-05-21,EURUSD,FX Spot,1.1343
2025-05-22,EURUSD,FX Spot,1.1281
2025-05-23,EURUSD,FX Spot,1.135
2025-05-27,EURUSD,FX Spot,1.1326
2025-05-28,EURUSD,FX Spot,1.1286
2025-05-29,EURUSD,FX Spot,1.137
2025-05-30,EURUSD,FX Spot,1.1347
2025-06-02,EURUSD,FX Spot,1.1432
2025-06-03,EURUSD,FX Spot,1.1373
2025-06-04,EURUSD,FX Spot,1.1424
2025-06-05,EURUSD,FX Spot,1.144
2025-06-06,EURUSD,FX Spot,1.1397
2025-06-09,EURUSD,FX Spot,1.1425
2025-06-10,EURUSD,FX Spot,1.1423
2025-06-11,EURUSD,FX Spot,1.149
2025-06-12,EURUSD,FX Spot,1.1578
2025-06-13,EURUSD,FX Spot,1.1557
2025-06-16,EURUSD,FX Spot,1.1581
2025-06-17,EURUSD,FX Spot,1.1535
2025-06-18,EURUSD,FX Spot,1.1521
2025-06-20,EURUSD,FX Spot,1.152
2025-06-23,EURUSD,FX Spot,1.1538
2025-06-24,EURUSD,FX Spot,1.1608
2025-06-25,EURUSD,FX Spot,1.162
2025-06-26,EURUSD,FX Spot,1.1717
2025-06-27,EURUSD,FX Spot,1.1724
2025-06-30,EURUSD,FX Spot,1.177
2025-07-01,EURUSD,FX Spot,1.1776
2025-07-02,EURUSD,FX Spot,1.179
2025-07-03,EURUSD,FX Spot,1.1758
2025-07-07,EURUSD,FX Spot,1.1733
2025-07-08,EURUSD,FX Spot,1.1707
2025-07-09,EURUSD,FX Spot,1.1707
2025-07-10,EURUSD,FX Spot,1.1688
2025-07-11,EURUSD,FX Spot,1.1696
2025-07-14,EURUSD,FX Spot,1.1672
2025-07-15,EURUSD,FX Spot,1.1619
2025-07-16,EURUSD,FX Spot,1.1629
2025-07-17,EURUSD,FX Spot,1.1597
2025-07-18,EURUSD,FX Spot,1.1645
2025-07-21,EURUSD,FX Spot,1.1705
2025-07-22,EURUSD,FX Spot,1.1749
2025-07-23,EURUSD,FX Spot,1.1748
2025-07-24,EURUSD,FX Spot,1.1765
2025-07-25,EURUSD,FX Spot,1.173
2025-07-28,EURUSD,FX Spot,1.1609
2025-07-29,EURUSD,FX Spot,1.1534
2025-07-30,EURUSD,FX Spot,1.147
2025-07-31,EURUSD,FX Spot,1.1431
2025-08-01,EURUSD,FX Spot,1.1555
2025-08-04,EURUSD,FX Spot,1.1568
2025-08-05,EURUSD,FX Spot,1.158
2025-08-06,EURUSD,FX Spot,1.1647
2025-08-07,EURUSD,FX Spot,1.1641
2025-08-08,EURUSD,FX Spot,1.166
2025-08-11,EURUSD,FX Spot,1.1607
2025-08-12,EURUSD,FX Spot,1.1673
2025-08-13,EURUSD,FX Spot,1.1715
2025-08-14,EURUSD,FX Spot,1.1644
2025-08-15,EURUSD,FX Spot,1.1708
2025-08-18,EURUSD,FX Spot,1.1667
2025-08-19,EURUSD,FX Spot,1.166
2025-08-20,EURUSD,FX Spot,1.1649
2025-08-21,EURUSD,FX Spot,1.1605
2025-08-22,EURUSD,FX Spot,1.1713
2025-08-25,EURUSD,FX Spot,1.167
2025-08-26,EURUSD,FX Spot,1.1657
2025-08-27,EURUSD,FX Spot,1.1611
2025-08-28,EURUSD,FX Spot,1.1672
2025-08-29,EURUSD,FX Spot,1.1695
2025-09-02,EURUSD,FX Spot,1.1653
2025-09-03,EURUSD,FX Spot,1.1676
2025-09-04,EURUSD,FX Spot,1.1648
2025-09-05,EURUSD,FX Spot,1.1759
2025-09-08,EURUSD,FX Spot,1.1751
2025-09-09,EURUSD,FX Spot,1.1723
2025-09-10,EURUSD,FX Spot,1.1714
2025-09-11,EURUSD,FX Spot,1.1732
2025-09-12,EURUSD,FX Spot,1.1714
2025-09-15,EURUSD,FX Spot,1.1772
2025-09-16,EURUSD,FX Spot,1.1848
2025-09-17,EURUSD,FX Spot,1.1845
2025-09-18,EURUSD,FX Spot,1.178
2025-09-19,EURUSD,FX Spot,1.1753
2025-09-22,EURUSD,FX Spot,1.1773
2025-09-23,EURUSD,FX Spot,1.18
2025-09-24,EURUSD,FX Spot,1.1742
2025-09-25,EURUSD,FX Spot,1.1673
2025-09-26,EURUSD,FX Spot,1.1692
2025-09-29,EURUSD,FX Spot,1.173
2025-09-30,EURUSD,FX Spot,1.1735
2025-10-01,EURUSD,FX Spot,1.1723
2025-10-02,EURUSD,FX Spot,1.1696
2025-10-03,EURUSD,FX Spot,1.1747
2025-10-06,EURUSD,FX Spot,1.1707
2025-10-07,EURUSD,FX Spot,1.1674
2025-10-08,EURUSD,FX Spot,1.1606
2025-10-09,EURUSD,FX Spot,1.1559
2025-10-10,EURUSD,FX Spot,1.1613
2025-10-14,EURUSD,FX Spot,1.1608
2025-10-15,EURUSD,FX Spot,1.1638
2025-10-16,EURUSD,FX Spot,1.1665
2025-10-17,EURUSD,FX Spot,1.1674
2025-10-20,EURUSD,FX Spot,1.1656
2025-10-21,EURUSD,FX Spot,1.1616
2025-10-22,EURUSD,FX Spot,1.1612
2025-10-23,EURUSD,FX Spot,1.1612
2025-10-24,EURUSD,FX Spot,1.1626
2025-10-27,EURUSD,FX Spot,1.1636
2025-10-28,EURUSD,FX Spot,1.1659
2025-10-29,EURUSD,FX Spot,1.1664
2025-10-30,EURUSD,FX Spot,1.1564
2025-10-31,EURUSD,FX Spot,1.1541
2025-11-03,EURUSD,FX Spot,1.1531
2025-11-04,EURUSD,FX Spot,1.1491
2025-11-05,EURUSD,FX Spot,1.1485
2025-11-06,EURUSD,FX Spot,1.1539
2025-11-07,EURUSD,FX Spot,1.1578
2025-11-10,EURUSD,FX Spot,1.1545
2025-11-12,EURUSD,FX Spot,1.1592
2025-11-13,EURUSD,FX Spot,1.1649
2025-11-14,EURUSD,FX Spot,1.1617
2025-11-17,EURUSD,FX Spot,1.1598
2025-11-18,EURUSD,FX Spot,1.1579
2025-11-19,EURUSD,FX Spot,1.154
2025-11-20,EURUSD,FX Spot,1.1534
2025-11-21,EURUSD,FX Spot,1.1506
2025-11-24,EURUSD,FX Spot,1.1518
2025-11-25,EURUSD,FX Spot,1.1553
2025-11-26,EURUSD,FX Spot,1.1591
2025-11-28,EURUSD,FX Spot,1.16
2025-12-01,EURUSD,FX Spot,1.1623
2025-12-02,EURUSD,FX Spot,1.1596
2025-12-03,EURUSD,FX Spot,1.166
2025-12-04,EURUSD,FX Spot,1.1659
2025-12-05,EURUSD,FX Spot,1.1635
2025-12-08,EURUSD,FX Spot,1.1626
2025-12-09,EURUSD,FX Spot,1.1639
2025-12-10,EURUSD,FX Spot,1.165
2025-12-11,EURUSD,FX Spot,1.1756
2025-12-12,EURUSD,FX Spot,1.1731
2025-12-15,EURUSD,FX Spot,1.1756
2025-12-16,EURUSD,FX Spot,1.177
2025-12-17,EURUSD,FX Spot,1.1748
2025-12-18,EURUSD,FX Spot,1.1729
2025-12-19,EURUSD,FX Spot,1.1721
2025-12-22,EURUSD,FX Spot,1.175
2025-12-23,EURUSD,FX Spot,1.1776
2025-12-24,EURUSD,FX Spot,1.178
2025-12-26,EURUSD,FX Spot,1.1766
2025-12-29,EURUSD,FX Spot,1.1756
2025-12-30,EURUSD,FX Spot,1.1765
2025-12-31,EURUSD,FX Spot,1.1736
2026-01-02,EURUSD,FX Spot,1.1738
2026-01-05,EURUSD,FX Spot,1.1715
2026-01-06,EURUSD,FX Spot,1.1689
2026-01-07,EURUSD,FX Spot,1.169
2026-01-08,EURUSD,FX Spot,1.1655
2026-01-09,EURUSD,FX Spot,1.1634
2026-01-12,EURUSD,FX Spot,1.1672
2026-01-13,EURUSD,FX Spot,1.1646
2026-01-14,EURUSD,FX Spot,1.1655
2026-01-15,EURUSD,FX Spot,1.1605
2026-01-16,EURUSD,FX Spot,1.1599
2026-01-20,EURUSD,FX Spot,1.1739
2026-01-21,EURUSD,FX Spot,1.1705
2026-01-22,EURUSD,FX Spot,1.1738
2026-01-23,EURUSD,FX Spot,1.1771
2026-01-26,EURUSD,FX Spot,1.1886
2026-01-27,EURUSD,FX Spot,1.198
2026-01-28,EURUSD,FX Spot,1.1941
2026-01-29,EURUSD,FX Spot,1.1943
2026-01-30,EURUSD,FX Spot,1.1885
2026-02-02,EURUSD,FX Spot,1.1807
2026-02-03,EURUSD,FX Spot,1.1819
2026-02-04,EURUSD,FX Spot,1.1803
2026-02-05,EURUSD,FX Spot,1.1802
2026-02-06,EURUSD,FX Spot,1.1812
2026-02-09,EURUSD,FX Spot,1.1898
2026-02-10,EURUSD,FX Spot,1.1898
2026-02-11,EURUSD,FX Spot,1.1884
2026-02-12,EURUSD,FX Spot,1.187
2026-02-13,EURUSD,FX Spot,1.187
2026-02-17,EURUSD,FX Spot,1.1831
2026-02-18,EURUSD,FX Spot,1.181
2026-02-19,EURUSD,FX Spot,1.1762
2026-02-20,EURUSD,FX Spot,1.1781
2026-02-23,EURUSD,FX Spot,1.1804
2026-02-24,EURUSD,FX Spot,1.1789
2026-02-25,EURUSD,FX Spot,1.1804
2026-02-26,EURUSD,FX Spot,1.1792
2026-02-27,EURUSD,FX Spot,1.1822
2026-03-02,EURUSD,FX Spot,1.169
2026-03-03,EURUSD,FX Spot,1.1604
2026-03-04,EURUSD,FX Spot,1.1638
2026-03-05,EURUSD,FX Spot,1.1585
2026-03-06,EURUSD,FX Spot,1.1606
2026-03-09,EURUSD,FX Spot,1.1592
2026-03-10,EURUSD,FX Spot,1.1648
2026-03-11,EURUSD,FX Spot,1.1566
2026-03-12,EURUSD,FX Spot,1.1522
2026-03-13,EURUSD,FX Spot,1.1444
2026-03-16,EURUSD,FX Spot,1.1487
2026-03-17,EURUSD,FX Spot,1.1525
2026-03-18,EURUSD,FX Spot,1.1513
2026-03-19,EURUSD,FX Spot,1.1515
2026-03-20,EURUSD,FX Spot,1.1543
2026-03-23,EURUSD,FX Spot,1.1587
2026-03-24,EURUSD,FX Spot,1.1578
2026-03-25,EURUSD,FX Spot,1.157
2026-03-26,EURUSD,FX Spot,1.1542
2026-03-27,EURUSD,FX Spot,1.152
2026-03-30,EURUSD,FX Spot,1.1454
2026-03-31,EURUSD,FX Spot,1.1518
2026-04-01,EURUSD,FX Spot,1.1614
2026-04-02,EURUSD,FX Spot,1.1546
2026-04-03,EURUSD,FX Spot,1.1523
2026-04-06,EURUSD,FX Spot,1.1545
2026-04-07,EURUSD,FX Spot,1.1571
2026-04-08,EURUSD,FX Spot,1.1686
2026-04-09,EURUSD,FX Spot,1.1706
2026-04-10,EURUSD,FX Spot,1.1723
2026-04-13,EURUSD,FX Spot,1.171
2026-04-14,EURUSD,FX Spot,1.1791
2026-04-15,EURUSD,FX Spot,1.1799
2026-04-16,EURUSD,FX Spot,1.1783
2026-04-17,EURUSD,FX Spot,1.1801
2026-04-20,EURUSD,FX Spot,1.1785
2026-04-21,EURUSD,FX Spot,1.1752
2026-04-22,EURUSD,FX Spot,1.1714
2026-04-23,EURUSD,FX Spot,1.1704
2026-04-24,EURUSD,FX Spot,1.1718
2026-04-27,EURUSD,FX Spot,1.1731
2026-04-28,EURUSD,FX Spot,1.1715
2026-04-29,EURUSD,FX Spot,1.1695
2026-04-30,EURUSD,FX Spot,1.1729
2026-05-01,EURUSD,FX Spot,1.1755
2026-05-04,EURUSD,FX Spot,1.1698
2026-05-05,EURUSD,FX Spot,1.1707
2026-05-06,EURUSD,FX Spot,1.1753
2026-05-07,EURUSD,FX Spot,1.1764
2026-05-08,EURUSD,FX Spot,1.1773
2026-05-11,EURUSD,FX Spot,1.178
2026-05-12,EURUSD,FX Spot,1.1733
2026-05-13,EURUSD,FX Spot,1.1711
2026-05-14,EURUSD,FX Spot,1.1678
2026-05-15,EURUSD,FX Spot,1.1627
2026-05-18,EURUSD,FX Spot,1.1649
2026-05-19,EURUSD,FX Spot,1.1602
2026-05-20,EURUSD,FX Spot,1.162
2026-05-21,EURUSD,FX Spot,1.1589
2026-05-22,EURUSD,FX Spot,1.1603
2026-05-26,EURUSD,FX Spot,1.162
2026-05-27,EURUSD,FX Spot,1.1631
2026-05-28,EURUSD,FX Spot,1.1649
2026-05-29,EURUSD,FX Spot,1.1679
2026-06-01,EURUSD,FX Spot,1.1624
2026-06-02,EURUSD,FX Spot,1.1642
2026-06-03,EURUSD,FX Spot,1.1605
2026-06-04,EURUSD,FX Spot,1.1629
2026-06-05,EURUSD,FX Spot,1.1533
2026-06-08,EURUSD,FX Spot,1.1545
2026-06-09,EURUSD,FX Spot,1.1556
2026-06-10,EURUSD,FX Spot,1.155
2026-06-11,EURUSD,FX Spot,1.1515
2026-06-12,EURUSD,FX Spot,1.1573
2026-06-15,EURUSD,FX Spot,1.1599
2026-06-16,EURUSD,FX Spot,1.1615
2026-06-17,EURUSD,FX Spot,1.1593
2026-06-18,EURUSD,FX Spot,1.147
2026-06-22,EURUSD,FX Spot,1.1432
2026-06-23,EURUSD,FX Spot,1.1383
2026-06-24,EURUSD,FX Spot,1.1348
2026-06-25,EURUSD,FX Spot,1.1385
2026-06-26,EURUSD,FX Spot,1.1403
2026-06-29,EURUSD,FX Spot,1.1425
2026-06-30,EURUSD,FX Spot,1.1417
2026-07-01,EURUSD,FX Spot,1.1384
2026-07-02,EURUSD,FX Spot,1.1448
2026-07-06,EURUSD,FX Spot,1.1426
2026-07-07,EURUSD,FX Spot,1.1423
2026-07-08,EURUSD,FX Spot,1.1396
2026-07-09,EURUSD,FX Spot,1.1439
2026-07-10,EURUSD,FX Spot,1.1438
2026-07-13,EURUSD,FX Spot,1.1402
2026-07-14,EURUSD,FX Spot,1.1428
2026-07-15,EURUSD,FX Spot,1.1436
2026-07-16,EURUSD,FX Spot,1.1447
2026-07-17,EURUSD,FX Spot,1.144
2026-07-20,EURUSD,FX Spot,1.1411
2026-07-21,EURUSD,FX Spot,1.1408
2026-07-22,EURUSD,FX Spot,1.1414
2026-07-23,EURUSD,FX Spot,1.1373
2026-07-24,EURUSD,FX Spot,1.1385
2026-07-27,EURUSD,FX Spot,1.1376
2026-07-28,EURUSD,FX Spot,1.1401
2026-07-29,EURUSD,FX Spot,1.1384
2026-07-30,EURUSD,FX Spot,1.1522
2026-07-31,EURUSD,FX Spot,1.1519
2026-08-03,EURUSD,FX Spot,1.1509
2026-08-04,EURUSD,FX Spot,1.1527
2026-08-05,EURUSD,FX Spot,1.1547
2026-08-06,EURUSD,FX Spot,1.1521
2026-08-07,EURUSD,FX Spot,1.1559
2026-08-10,EURUSD,FX Spot,1.1552
2026-08-11,EURUSD,FX Spot,1.1543
2026-08-12,EURUSD,FX Spot,1.154
2026-08-13,EURUSD,FX Spot,1.1531
2026-08-14,EURUSD,FX Spot,1.1581
2026-08-17,EURUSD,FX Spot,1.1591
2026-08-18,EURUSD,FX Spot,1.158
2026-08-19,EURUSD,FX Spot,1.1664
2026-08-20,EURUSD,FX Spot,1.1679
2026-08-21,EURUSD,FX Spot,1.1684
2026-08-24,EURUSD,FX Spot,1.1665
2026-08-25,EURUSD,FX Spot,1.1673
2026-08-26,EURUSD,FX Spot,1.1651
2026-08-27,EURUSD,FX Spot,1.1654
2026-08-28,EURUSD,FX Spot,1.1598
2024-09-04,GBPUSD,FX Spot,1.3142
2024-09-05,GBPUSD,FX Spot,1.3165
2024-09-06,GBPUSD,FX Spot,1.3136
2024-09-09,GBPUSD,FX Spot,1.3083
2024-09-10,GBPUSD,FX Spot,1.3065
2024-09-11,GBPUSD,FX Spot,1.3027
2024-09-12,GBPUSD,FX Spot,1.3081
2024-09-13,GBPUSD,FX Spot,1.314
2024-09-16,GBPUSD,FX Spot,1.3202
2024-09-17,GBPUSD,FX Spot,1.3164
2024-09-18,GBPUSD,FX Spot,1.3199
2024-09-19,GBPUSD,FX Spot,1.3279
2024-09-20,GBPUSD,FX Spot,1.3305
2024-09-23,GBPUSD,FX Spot,1.3351
2024-09-24,GBPUSD,FX Spot,1.3376
2024-09-25,GBPUSD,FX Spot,1.3338
2024-09-26,GBPUSD,FX Spot,1.3428
2024-09-27,GBPUSD,FX Spot,1.3394
2024-09-30,GBPUSD,FX Spot,1.3399
2024-10-01,GBPUSD,FX Spot,1.3282
2024-10-02,GBPUSD,FX Spot,1.3271
2024-10-03,GBPUSD,FX Spot,1.3114
2024-10-04,GBPUSD,FX Spot,1.3107
2024-10-07,GBPUSD,FX Spot,1.308
2024-10-08,GBPUSD,FX Spot,1.3093
2024-10-09,GBPUSD,FX Spot,1.308
2024-10-10,GBPUSD,FX Spot,1.3053
2024-10-11,GBPUSD,FX Spot,1.307
2024-10-15,GBPUSD,FX Spot,1.3083
2024-10-16,GBPUSD,FX Spot,1.3
2024-10-17,GBPUSD,FX Spot,1.3008
2024-10-18,GBPUSD,FX Spot,1.3022
2024-10-21,GBPUSD,FX Spot,1.298
2024-10-22,GBPUSD,FX Spot,1.2969
2024-10-23,GBPUSD,FX Spot,1.2944
2024-10-24,GBPUSD,FX Spot,1.2964
2024-10-25,GBPUSD,FX Spot,1.2978
2024-10-28,GBPUSD,FX Spot,1.2981
2024-10-29,GBPUSD,FX Spot,1.3005
2024-10-30,GBPUSD,FX Spot,1.3012
2024-10-31,GBPUSD,FX Spot,1.2856
2024-11-01,GBPUSD,FX Spot,1.2959
2024-11-04,GBPUSD,FX Spot,1.2942
2024-11-05,GBPUSD,FX Spot,1.3015
2024-11-06,GBPUSD,FX Spot,1.2897
2024-11-07,GBPUSD,FX Spot,1.2985
2024-11-08,GBPUSD,FX Spot,1.2905
2024-11-12,GBPUSD,FX Spot,1.2733
2024-11-13,GBPUSD,FX Spot,1.2709
2024-11-14,GBPUSD,FX Spot,1.2706
2024-11-15,GBPUSD,FX Spot,1.2629
2024-11-18,GBPUSD,FX Spot,1.2664
2024-11-19,GBPUSD,FX Spot,1.2667
2024-11-20,GBPUSD,FX Spot,1.2639
2024-11-21,GBPUSD,FX Spot,1.2586
2024-11-22,GBPUSD,FX Spot,1.2516
2024-11-25,GBPUSD,FX Spot,1.2554
2024-11-26,GBPUSD,FX Spot,1.2547
2024-11-27,GBPUSD,FX Spot,1.2678
2024-11-29,GBPUSD,FX Spot,1.2699
2024-12-02,GBPUSD,FX Spot,1.2639
2024-12-03,GBPUSD,FX Spot,1.2677
2024-12-04,GBPUSD,FX Spot,1.2712
2024-12-05,GBPUSD,FX Spot,1.2754
2024-12-06,GBPUSD,FX Spot,1.2744
2024-12-09,GBPUSD,FX Spot,1.2783
2024-12-10,GBPUSD,FX Spot,1.2758
2024-12-11,GBPUSD,FX Spot,1.2763
2024-12-12,GBPUSD,FX Spot,1.2715
2024-12-13,GBPUSD,FX Spot,1.2629
2024-12-16,GBPUSD,FX Spot,1.269
2024-12-17,GBPUSD,FX Spot,1.2718
2024-12-18,GBPUSD,FX Spot,1.2696
2024-12-19,GBPUSD,FX Spot,1.253
2024-12-20,GBPUSD,FX Spot,1.2587
2024-12-23,GBPUSD,FX Spot,1.2529
2024-12-24,GBPUSD,FX Spot,1.2528
2024-12-26,GBPUSD,FX Spot,1.2522
2024-12-27,GBPUSD,FX Spot,1.2573
2024-12-30,GBPUSD,FX Spot,1.2523
2024-12-31,GBPUSD,FX Spot,1.2521
2025-01-02,GBPUSD,FX Spot,1.2376
2025-01-03,GBPUSD,FX Spot,1.2419
2025-01-06,GBPUSD,FX Spot,1.253
2025-01-07,GBPUSD,FX Spot,1.2499
2025-01-08,GBPUSD,FX Spot,1.2366
2025-01-09,GBPUSD,FX Spot,1.2303
2025-01-10,GBPUSD,FX Spot,1.2215
2025-01-13,GBPUSD,FX Spot,1.2158
2025-01-14,GBPUSD,FX Spot,1.2188
2025-01-15,GBPUSD,FX Spot,1.2214
2025-01-16,GBPUSD,FX Spot,1.2246
2025-01-17,GBPUSD,FX Spot,1.2181
2025-01-21,GBPUSD,FX Spot,1.2331
2025-01-22,GBPUSD,FX Spot,1.2324
2025-01-23,GBPUSD,FX Spot,1.2347
2025-01-24,GBPUSD,FX Spot,1.2496
2025-01-27,GBPUSD,FX Spot,1.2479
2025-01-28,GBPUSD,FX Spot,1.2433
2025-01-29,GBPUSD,FX Spot,1.2435
2025-01-30,GBPUSD,FX Spot,1.2453
2025-01-31,GBPUSD,FX Spot,1.2447
2025-02-03,GBPUSD,FX Spot,1.2389
2025-02-04,GBPUSD,FX Spot,1.2487
2025-02-05,GBPUSD,FX Spot,1.2516
2025-02-06,GBPUSD,FX Spot,1.2435
2025-02-07,GBPUSD,FX Spot,1.2396
2025-02-10,GBPUSD,FX Spot,1.2385
2025-02-11,GBPUSD,FX Spot,1.2423
2025-02-12,GBPUSD,FX Spot,1.2444
2025-02-13,GBPUSD,FX Spot,1.2528
2025-02-14,GBPUSD,FX Spot,1.2609
2025-02-18,GBPUSD,FX Spot,1.2614
2025-02-19,GBPUSD,FX Spot,1.2571
2025-02-20,GBPUSD,FX Spot,1.2643
2025-02-21,GBPUSD,FX Spot,1.2647
2025-02-24,GBPUSD,FX Spot,1.264
2025-02-25,GBPUSD,FX Spot,1.2652
2025-02-26,GBPUSD,FX Spot,1.2696
2025-02-27,GBPUSD,FX Spot,1.2628
2025-02-28,GBPUSD,FX Spot,1.2591
2025-03-03,GBPUSD,FX Spot,1.2711
2025-03-04,GBPUSD,FX Spot,1.2726
2025-03-05,GBPUSD,FX Spot,1.2864
2025-03-06,GBPUSD,FX Spot,1.2894
2025-03-07,GBPUSD,FX Spot,1.2918
2025-03-10,GBPUSD,FX Spot,1.2909
2025-03-11,GBPUSD,FX Spot,1.2948
2025-03-12,GBPUSD,FX Spot,1.297
2025-03-13,GBPUSD,FX Spot,1.2945
2025-03-14,GBPUSD,FX Spot,1.2917
2025-03-17,GBPUSD,FX Spot,1.2988
2025-03-18,GBPUSD,FX Spot,1.2987
2025-03-19,GBPUSD,FX Spot,1.2969
2025-03-20,GBPUSD,FX Spot,1.2973
2025-03-21,GBPUSD,FX Spot,1.2896
2025-03-24,GBPUSD,FX Spot,1.2913
2025-03-25,GBPUSD,FX Spot,1.2948
2025-03-26,GBPUSD,FX Spot,1.2889
2025-03-27,GBPUSD,FX Spot,1.2963
2025-03-28,GBPUSD,FX Spot,1.2942
2025-03-31,GBPUSD,FX Spot,1.2896
2025-04-01,GBPUSD,FX Spot,1.2923
2025-04-02,GBPUSD,FX Spot,1.2974
2025-04-03,GBPUSD,FX Spot,1.3113
2025-04-04,GBPUSD,FX Spot,1.2927
2025-04-07,GBPUSD,FX Spot,1.2729
2025-04-08,GBPUSD,FX Spot,1.2769
2025-04-09,GBPUSD,FX Spot,1.2771
2025-04-10,GBPUSD,FX Spot,1.294
2025-04-11,GBPUSD,FX Spot,1.3051
2025-04-14,GBPUSD,FX Spot,1.3176
2025-04-15,GBPUSD,FX Spot,1.3223
2025-04-16,GBPUSD,FX Spot,1.3247
2025-04-17,GBPUSD,FX Spot,1.3259
2025-04-18,GBPUSD,FX Spot,1.3279
2025-04-21,GBPUSD,FX Spot,1.3385
2025-04-22,GBPUSD,FX Spot,1.3376
2025-04-23,GBPUSD,FX Spot,1.3256
2025-04-24,GBPUSD,FX Spot,1.3309
2025-04-25,GBPUSD,FX Spot,1.3331
2025-04-28,GBPUSD,FX Spot,1.3395
2025-04-29,GBPUSD,FX Spot,1.3397
2025-04-30,GBPUSD,FX Spot,1.3344
2025-05-01,GBPUSD,FX Spot,1.3273
2025-05-02,GBPUSD,FX Spot,1.3283
2025-05-05,GBPUSD,FX Spot,1.3284
2025-05-06,GBPUSD,FX Spot,1.3369
2025-05-07,GBPUSD,FX Spot,1.3344
2025-05-08,GBPUSD,FX Spot,1.3287
2025-05-09,GBPUSD,FX Spot,1.3318
2025-05-12,GBPUSD,FX Spot,1.3194
2025-05-13,GBPUSD,FX Spot,1.328
2025-05-14,GBPUSD,FX Spot,1.3303
2025-05-15,GBPUSD,FX Spot,1.3292
2025-05-16,GBPUSD,FX Spot,1.3257
2025-05-19,GBPUSD,FX Spot,1.3357
2025-05-20,GBPUSD,FX Spot,1.3371
2025-05-21,GBPUSD,FX Spot,1.3447
2025-05-22,GBPUSD,FX Spot,1.3426
2025-05-23,GBPUSD,FX Spot,1.3511
2025-05-27,GBPUSD,FX Spot,1.3505
2025-05-28,GBPUSD,FX Spot,1.3462
2025-05-29,GBPUSD,FX Spot,1.3489
2025-05-30,GBPUSD,FX Spot,1.3468
2025-06-02,GBPUSD,FX Spot,1.3549
2025-06-03,GBPUSD,FX Spot,1.352
2025-06-04,GBPUSD,FX Spot,1.357
2025-06-05,GBPUSD,FX Spot,1.3584
2025-06-06,GBPUSD,FX Spot,1.3532
2025-06-09,GBPUSD,FX Spot,1.3563
2025-06-10,GBPUSD,FX Spot,1.3508
2025-06-11,GBPUSD,FX Spot,1.3556
2025-06-12,GBPUSD,FX Spot,1.3589
2025-06-13,GBPUSD,FX Spot,1.3594
2025-06-16,GBPUSD,FX Spot,1.36
2025-06-17,GBPUSD,FX Spot,1.3516
2025-06-18,GBPUSD,FX Spot,1.3471
2025-06-20,GBPUSD,FX Spot,1.3465
2025-06-23,GBPUSD,FX Spot,1.3491
2025-06-24,GBPUSD,FX Spot,1.3616
2025-06-25,GBPUSD,FX Spot,1.3626
2025-06-26,GBPUSD,FX Spot,1.3754
2025-06-27,GBPUSD,FX Spot,1.372
2025-06-30,GBPUSD,FX Spot,1.3722
2025-07-01,GBPUSD,FX Spot,1.3728
2025-07-02,GBPUSD,FX Spot,1.3623
2025-07-03,GBPUSD,FX Spot,1.3656
2025-07-07,GBPUSD,FX Spot,1.3638
2025-07-08,GBPUSD,FX Spot,1.3575
2025-07-09,GBPUSD,FX Spot,1.3585
2025-07-10,GBPUSD,FX Spot,1.3569
2025-07-11,GBPUSD,FX Spot,1.3503
2025-07-14,GBPUSD,FX Spot,1.3437
2025-07-15,GBPUSD,FX Spot,1.3396
2025-07-16,GBPUSD,FX Spot,1.3426
2025-07-17,GBPUSD,FX Spot,1.3413
2025-07-18,GBPUSD,FX Spot,1.3439
2025-07-21,GBPUSD,FX Spot,1.3498
2025-07-22,GBPUSD,FX Spot,1.3522
2025-07-23,GBPUSD,FX Spot,1.3566
2025-07-24,GBPUSD,FX Spot,1.3524
2025-07-25,GBPUSD,FX Spot,1.3429
2025-07-28,GBPUSD,FX Spot,1.3393
2025-07-29,GBPUSD,FX Spot,1.3339
2025-07-30,GBPUSD,FX Spot,1.3274
2025-07-31,GBPUSD,FX Spot,1.322
2025-08-01,GBPUSD,FX Spot,1.3259
2025-08-04,GBPUSD,FX Spot,1.329
2025-08-05,GBPUSD,FX Spot,1.3309
2025-08-06,GBPUSD,FX Spot,1.336
2025-08-07,GBPUSD,FX Spot,1.3434
2025-08-08,GBPUSD,FX Spot,1.3444
2025-08-11,GBPUSD,FX Spot,1.3414
2025-08-12,GBPUSD,FX Spot,1.3509
2025-08-13,GBPUSD,FX Spot,1.3572
2025-08-14,GBPUSD,FX Spot,1.3532
2025-08-15,GBPUSD,FX Spot,1.3565
2025-08-18,GBPUSD,FX Spot,1.3521
2025-08-19,GBPUSD,FX Spot,1.3496
2025-08-20,GBPUSD,FX Spot,1.345
2025-08-21,GBPUSD,FX Spot,1.3417
2025-08-22,GBPUSD,FX Spot,1.3528
2025-08-25,GBPUSD,FX Spot,1.3491
2025-08-26,GBPUSD,FX Spot,1.3485
2025-08-27,GBPUSD,FX Spot,1.3468
2025-08-28,GBPUSD,FX Spot,1.3516
2025-08-29,GBPUSD,FX Spot,1.3511
2025-09-02,GBPUSD,FX Spot,1.3392
2025-09-03,GBPUSD,FX Spot,1.3448
2025-09-04,GBPUSD,FX Spot,1.3441
2025-09-05,GBPUSD,FX Spot,1.3543
2025-09-08,GBPUSD,FX Spot,1.355
2025-09-09,GBPUSD,FX Spot,1.3533
2025-09-10,GBPUSD,FX Spot,1.3548
2025-09-11,GBPUSD,FX Spot,1.3568
2025-09-12,GBPUSD,FX Spot,1.3547
2025-09-15,GBPUSD,FX Spot,1.3609
2025-09-16,GBPUSD,FX Spot,1.3654
2025-09-17,GBPUSD,FX Spot,1.3661
2025-09-18,GBPUSD,FX Spot,1.3552
2025-09-19,GBPUSD,FX Spot,1.3484
2025-09-22,GBPUSD,FX Spot,1.3505
2025-09-23,GBPUSD,FX Spot,1.3518
2025-09-24,GBPUSD,FX Spot,1.345
2025-09-25,GBPUSD,FX Spot,1.3351
2025-09-26,GBPUSD,FX Spot,1.3404
2025-09-29,GBPUSD,FX Spot,1.3433
2025-09-30,GBPUSD,FX Spot,1.3443
2025-10-01,GBPUSD,FX Spot,1.3474
2025-10-02,GBPUSD,FX Spot,1.3423
2025-10-03,GBPUSD,FX Spot,1.3481
2025-10-06,GBPUSD,FX Spot,1.3476
2025-10-07,GBPUSD,FX Spot,1.3441
2025-10-08,GBPUSD,FX Spot,1.339
2025-10-09,GBPUSD,FX Spot,1.3312
2025-10-10,GBPUSD,FX Spot,1.3343
2025-10-14,GBPUSD,FX Spot,1.3321
2025-10-15,GBPUSD,FX Spot,1.3396
2025-10-16,GBPUSD,FX Spot,1.3425
2025-10-17,GBPUSD,FX Spot,1.3425
2025-10-20,GBPUSD,FX Spot,1.342
2025-10-21,GBPUSD,FX Spot,1.3391
2025-10-22,GBPUSD,FX Spot,1.3372
2025-10-23,GBPUSD,FX Spot,1.3323
2025-10-24,GBPUSD,FX Spot,1.3298
2025-10-27,GBPUSD,FX Spot,1.3331
2025-10-28,GBPUSD,FX Spot,1.328
2025-10-29,GBPUSD,FX Spot,1.3243
2025-10-30,GBPUSD,FX Spot,1.3147
2025-10-31,GBPUSD,FX Spot,1.3141
2025-11-03,GBPUSD,FX Spot,1.315
2025-11-04,GBPUSD,FX Spot,1.3044
2025-11-05,GBPUSD,FX Spot,1.3051
2025-11-06,GBPUSD,FX Spot,1.3107
2025-11-07,GBPUSD,FX Spot,1.3165
2025-11-10,GBPUSD,FX Spot,1.3157
2025-11-12,GBPUSD,FX Spot,1.3131
2025-11-13,GBPUSD,FX Spot,1.3214
2025-11-14,GBPUSD,FX Spot,1.3156
2025-11-17,GBPUSD,FX Spot,1.3179
2025-11-18,GBPUSD,FX Spot,1.3152
2025-11-19,GBPUSD,FX Spot,1.3077
2025-11-20,GBPUSD,FX Spot,1.3079
2025-11-21,GBPUSD,FX Spot,1.31
2025-11-24,GBPUSD,FX Spot,1.3096
2025-11-25,GBPUSD,FX Spot,1.3174
2025-11-26,GBPUSD,FX Spot,1.3228
2025-11-28,GBPUSD,FX Spot,1.3239
2025-12-01,GBPUSD,FX Spot,1.3229
2025-12-02,GBPUSD,FX Spot,1.3186
2025-12-03,GBPUSD,FX Spot,1.3334
2025-12-04,GBPUSD,FX Spot,1.3355
2025-12-05,GBPUSD,FX Spot,1.3324
2025-12-08,GBPUSD,FX Spot,1.3321
2025-12-09,GBPUSD,FX Spot,1.332
2025-12-10,GBPUSD,FX Spot,1.334
2025-12-11,GBPUSD,FX Spot,1.3428
2025-12-12,GBPUSD,FX Spot,1.3351
2025-12-15,GBPUSD,FX Spot,1.338
2025-12-16,GBPUSD,FX Spot,1.3429
2025-12-17,GBPUSD,FX Spot,1.339
2025-12-18,GBPUSD,FX Spot,1.3389
2025-12-19,GBPUSD,FX Spot,1.3379
2025-12-22,GBPUSD,FX Spot,1.3457
2025-12-23,GBPUSD,FX Spot,1.3485
2025-12-24,GBPUSD,FX Spot,1.3505
2025-12-26,GBPUSD,FX Spot,1.3492
2025-12-29,GBPUSD,FX Spot,1.3497
2025-12-30,GBPUSD,FX Spot,1.348
2025-12-31,GBPUSD,FX Spot,1.3447
2026-01-02,GBPUSD,FX Spot,1.3481
2026-01-05,GBPUSD,FX Spot,1.3527
2026-01-06,GBPUSD,FX Spot,1.3497
2026-01-07,GBPUSD,FX Spot,1.3474
2026-01-08,GBPUSD,FX Spot,1.343
2026-01-09,GBPUSD,FX Spot,1.3413
2026-01-12,GBPUSD,FX Spot,1.3466
2026-01-13,GBPUSD,FX Spot,1.3436
2026-01-14,GBPUSD,FX Spot,1.3445
2026-01-15,GBPUSD,FX Spot,1.3387
2026-01-16,GBPUSD,FX Spot,1.3384
2026-01-20,GBPUSD,FX Spot,1.3472
2026-01-21,GBPUSD,FX Spot,1.343
2026-01-22,GBPUSD,FX Spot,1.3489
2026-01-23,GBPUSD,FX Spot,1.359
2026-01-26,GBPUSD,FX Spot,1.3699
2026-01-27,GBPUSD,FX Spot,1.3782
2026-01-28,GBPUSD,FX Spot,1.3787
2026-01-29,GBPUSD,FX Spot,1.3795
2026-01-30,GBPUSD,FX Spot,1.3729
2026-02-02,GBPUSD,FX Spot,1.3654
2026-02-03,GBPUSD,FX Spot,1.3701
2026-02-04,GBPUSD,FX Spot,1.3659
2026-02-05,GBPUSD,FX Spot,1.3551
2026-02-06,GBPUSD,FX Spot,1.3606
2026-02-09,GBPUSD,FX Spot,1.3667
2026-02-10,GBPUSD,FX Spot,1.3664
2026-02-11,GBPUSD,FX Spot,1.3654
2026-02-12,GBPUSD,FX Spot,1.3632
2026-02-13,GBPUSD,FX Spot,1.3644
2026-02-17,GBPUSD,FX Spot,1.354
2026-02-18,GBPUSD,FX Spot,1.3536
2026-02-19,GBPUSD,FX Spot,1.3446
2026-02-20,GBPUSD,FX Spot,1.35
2026-02-23,GBPUSD,FX Spot,1.3509
2026-02-24,GBPUSD,FX Spot,1.3531
2026-02-25,GBPUSD,FX Spot,1.3552
2026-02-26,GBPUSD,FX Spot,1.3504
2026-02-27,GBPUSD,FX Spot,1.3455
2026-03-02,GBPUSD,FX Spot,1.3393
2026-03-03,GBPUSD,FX Spot,1.333
2026-03-04,GBPUSD,FX Spot,1.337
2026-03-05,GBPUSD,FX Spot,1.332
2026-03-06,GBPUSD,FX Spot,1.3398
2026-03-09,GBPUSD,FX Spot,1.3395
2026-03-10,GBPUSD,FX Spot,1.346
2026-03-11,GBPUSD,FX Spot,1.3399
2026-03-12,GBPUSD,FX Spot,1.335
2026-03-13,GBPUSD,FX Spot,1.324
2026-03-16,GBPUSD,FX Spot,1.3302
2026-03-17,GBPUSD,FX Spot,1.3345
2026-03-18,GBPUSD,FX Spot,1.3323
2026-03-19,GBPUSD,FX Spot,1.3361
2026-03-20,GBPUSD,FX Spot,1.3303
2026-03-23,GBPUSD,FX Spot,1.3385
2026-03-24,GBPUSD,FX Spot,1.3383
2026-03-25,GBPUSD,FX Spot,1.3373
2026-03-26,GBPUSD,FX Spot,1.3353
2026-03-27,GBPUSD,FX Spot,1.3293
2026-03-30,GBPUSD,FX Spot,1.3191
2026-03-31,GBPUSD,FX Spot,1.3184
2026-04-01,GBPUSD,FX Spot,1.3331
2026-04-02,GBPUSD,FX Spot,1.3241
2026-04-03,GBPUSD,FX Spot,1.3202
2026-04-06,GBPUSD,FX Spot,1.3235
2026-04-07,GBPUSD,FX Spot,1.324
2026-04-08,GBPUSD,FX Spot,1.3439
2026-04-09,GBPUSD,FX Spot,1.3443
2026-04-10,GBPUSD,FX Spot,1.346
2026-04-13,GBPUSD,FX Spot,1.3459
2026-04-14,GBPUSD,FX Spot,1.3563
2026-04-15,GBPUSD,FX Spot,1.3569
2026-04-16,GBPUSD,FX Spot,1.354
2026-04-17,GBPUSD,FX Spot,1.3556
2026-04-20,GBPUSD,FX Spot,1.3542
2026-04-21,GBPUSD,FX Spot,1.3512
2026-04-22,GBPUSD,FX Spot,1.3505
2026-04-23,GBPUSD,FX Spot,1.3495
2026-04-24,GBPUSD,FX Spot,1.3518
2026-04-27,GBPUSD,FX Spot,1.3553
2026-04-28,GBPUSD,FX Spot,1.3513
2026-04-29,GBPUSD,FX Spot,1.3493
2026-04-30,GBPUSD,FX Spot,1.358
2026-05-01,GBPUSD,FX Spot,1.3621
2026-05-04,GBPUSD,FX Spot,1.3535
2026-05-05,GBPUSD,FX Spot,1.3576
2026-05-06,GBPUSD,FX Spot,1.3597
2026-05-07,GBPUSD,FX Spot,1.3612
2026-05-08,GBPUSD,FX Spot,1.3625
2026-05-11,GBPUSD,FX Spot,1.3651
2026-05-12,GBPUSD,FX Spot,1.3528
2026-05-13,GBPUSD,FX Spot,1.352
2026-05-14,GBPUSD,FX Spot,1.348
2026-05-15,GBPUSD,FX Spot,1.3332
2026-05-18,GBPUSD,FX Spot,1.342
2026-05-19,GBPUSD,FX Spot,1.3401
2026-05-20,GBPUSD,FX Spot,1.3441
2026-05-21,GBPUSD,FX Spot,1.3407
2026-05-22,GBPUSD,FX Spot,1.3439
2026-05-26,GBPUSD,FX Spot,1.3437
2026-05-27,GBPUSD,FX Spot,1.3431
2026-05-28,GBPUSD,FX Spot,1.3438
2026-05-29,GBPUSD,FX Spot,1.3476
2026-06-01,GBPUSD,FX Spot,1.3451
2026-06-02,GBPUSD,FX Spot,1.3481
2026-06-03,GBPUSD,FX Spot,1.3435
2026-06-04,GBPUSD,FX Spot,1.3441
2026-06-05,GBPUSD,FX Spot,1.336
2026-06-08,GBPUSD,FX Spot,1.3347
2026-06-09,GBPUSD,FX Spot,1.3389
2026-06-10,GBPUSD,FX Spot,1.3392
2026-06-11,GBPUSD,FX Spot,1.3337
2026-06-12,GBPUSD,FX Spot,1.3414
2026-06-15,GBPUSD,FX Spot,1.3426
2026-06-16,GBPUSD,FX Spot,1.3438
2026-06-17,GBPUSD,FX Spot,1.34
2026-06-18,GBPUSD,FX Spot,1.3228
2026-06-22,GBPUSD,FX Spot,1.3249
2026-06-23,GBPUSD,FX Spot,1.3192
2026-06-24,GBPUSD,FX Spot,1.316
2026-06-25,GBPUSD,FX Spot,1.3216
2026-06-26,GBPUSD,FX Spot,1.3223
2026-06-29,GBPUSD,FX Spot,1.3255
2026-06-30,GBPUSD,FX Spot,1.3259
2026-07-01,GBPUSD,FX Spot,1.328
2026-07-02,GBPUSD,FX Spot,1.3364
2026-07-06,GBPUSD,FX Spot,1.3369
2026-07-07,GBPUSD,FX Spot,1.3372
2026-07-08,GBPUSD,FX Spot,1.3362
2026-07-09,GBPUSD,FX Spot,1.3409
2026-07-10,GBPUSD,FX Spot,1.3421
2026-07-13,GBPUSD,FX Spot,1.3382
2026-07-14,GBPUSD,FX Spot,1.3383
2026-07-15,GBPUSD,FX Spot,1.3497
2026-07-16,GBPUSD,FX Spot,1.3485
2026-07-17,GBPUSD,FX Spot,1.3446
2026-07-20,GBPUSD,FX Spot,1.342
2026-07-21,GBPUSD,FX Spot,1.3374
2026-07-22,GBPUSD,FX Spot,1.3378
2026-07-23,GBPUSD,FX Spot,1.3313
2026-07-24,GBPUSD,FX Spot,1.3344
2026-07-27,GBPUSD,FX Spot,1.3304
2026-07-28,GBPUSD,FX Spot,1.3311
2026-07-29,GBPUSD,FX Spot,1.3288
2026-07-30,GBPUSD,FX Spot,1.3463
2026-07-31,GBPUSD,FX Spot,1.347
2026-08-03,GBPUSD,FX Spot,1.3434
2026-08-04,GBPUSD,FX Spot,1.3456
2026-08-05,GBPUSD,FX Spot,1.3462
2026-08-06,GBPUSD,FX Spot,1.3456
2026-08-07,GBPUSD,FX Spot,1.3498
2026-08-10,GBPUSD,FX Spot,1.3526
2026-08-11,GBPUSD,FX Spot,1.3516
2026-08-12,GBPUSD,FX Spot,1.3511
2026-08-13,GBPUSD,FX Spot,1.3497
2026-08-14,GBPUSD,FX Spot,1.3556
2026-08-17,GBPUSD,FX Spot,1.3564
2026-08-18,GBPUSD,FX Spot,1.3543
2026-08-19,GBPUSD,FX Spot,1.3608
2026-08-20,GBPUSD,FX Spot,1.3639
2026-08-21,GBPUSD,FX Spot,1.3644
2026-08-24,GBPUSD,FX Spot,1.3631
2026-08-25,GBPUSD,FX Spot,1.3644
2026-08-26,GBPUSD,FX Spot,1.3595
2026-08-27,GBPUSD,FX Spot,1.36
2026-08-28,GBPUSD,FX Spot,1.3555
2024-09-04,GOOGL-EQ,Equity Price,156.4499969482422
2024-09-05,GOOGL-EQ,Equity Price,157.24000549316406
2024-09-06,GOOGL-EQ,Equity Price,150.9199981689453
2024-09-09,GOOGL-EQ,Equity Price,148.7100067138672
2024-09-10,GOOGL-EQ,Equity Price,148.66000366210938
2024-09-11,GOOGL-EQ,Equity Price,151.16000366210938
2024-09-12,GOOGL-EQ,Equity Price,154.69000244140625
2024-09-13,GOOGL-EQ,Equity Price,157.4600067138672
2024-09-16,GOOGL-EQ,Equity Price,158.05999755859375
2024-09-17,GOOGL-EQ,Equity Price,159.32000732421875
2024-09-18,GOOGL-EQ,Equity Price,159.80999755859375
2024-09-19,GOOGL-EQ,Equity Price,162.13999938964844
2024-09-20,GOOGL-EQ,Equity Price,163.58999633789062
2024-09-23,GOOGL-EQ,Equity Price,161.85000610351562
2024-09-24,GOOGL-EQ,Equity Price,162.2899932861328
2024-09-25,GOOGL-EQ,Equity Price,161.49000549316406
2024-09-26,GOOGL-EQ,Equity Price,162.72999572753906
2024-09-27,GOOGL-EQ,Equity Price,163.9499969482422
2024-09-30,GOOGL-EQ,Equity Price,165.85000610351562
2024-10-01,GOOGL-EQ,Equity Price,166.99000549316406
2024-10-02,GOOGL-EQ,Equity Price,165.86000061035156
2024-10-03,GOOGL-EQ,Equity Price,165.86000061035156
2024-10-04,GOOGL-EQ,Equity Price,167.05999755859375
2024-10-07,GOOGL-EQ,Equity Price,162.97999572753906
2024-10-08,GOOGL-EQ,Equity Price,164.3800048828125
2024-10-09,GOOGL-EQ,Equity Price,161.86000061035156
2024-10-10,GOOGL-EQ,Equity Price,162.0800018310547
2024-10-11,GOOGL-EQ,Equity Price,163.24000549316406
2024-10-14,GOOGL-EQ,Equity Price,164.9600067138672
2024-10-15,GOOGL-EQ,Equity Price,165.4600067138672
2024-10-16,GOOGL-EQ,Equity Price,165.16000366210938
2024-10-17,GOOGL-EQ,Equity Price,162.92999267578125
2024-10-18,GOOGL-EQ,Equity Price,163.4199981689453
2024-10-21,GOOGL-EQ,Equity Price,164.07000732421875
2024-10-22,GOOGL-EQ,Equity Price,165.13999938964844
2024-10-23,GOOGL-EQ,Equity Price,162.77999877929688
2024-10-24,GOOGL-EQ,Equity Price,162.72000122070312
2024-10-25,GOOGL-EQ,Equity Price,165.27000427246094
2024-10-28,GOOGL-EQ,Equity Price,166.72000122070312
2024-10-29,GOOGL-EQ,Equity Price,169.67999267578125
2024-10-30,GOOGL-EQ,Equity Price,174.4600067138672
2024-10-31,GOOGL-EQ,Equity Price,171.11000061035156
2024-11-01,GOOGL-EQ,Equity Price,171.2899932861328
2024-11-04,GOOGL-EQ,Equity Price,169.24000549316406
2024-11-05,GOOGL-EQ,Equity Price,169.74000549316406
2024-11-06,GOOGL-EQ,Equity Price,176.50999450683594
2024-11-07,GOOGL-EQ,Equity Price,180.75
2024-11-08,GOOGL-EQ,Equity Price,178.35000610351562
2024-11-11,GOOGL-EQ,Equity Price,180.35000610351562
2024-11-12,GOOGL-EQ,Equity Price,181.6199951171875
2024-11-13,GOOGL-EQ,Equity Price,178.8800048828125
2024-11-14,GOOGL-EQ,Equity Price,175.5800018310547
2024-11-15,GOOGL-EQ,Equity Price,172.49000549316406
2024-11-18,GOOGL-EQ,Equity Price,175.3000030517578
2024-11-19,GOOGL-EQ,Equity Price,178.1199951171875
2024-11-20,GOOGL-EQ,Equity Price,175.97999572753906
2024-11-21,GOOGL-EQ,Equity Price,167.6300048828125
2024-11-22,GOOGL-EQ,Equity Price,164.75999450683594
2024-11-25,GOOGL-EQ,Equity Price,167.64999389648438
2024-11-26,GOOGL-EQ,Equity Price,169.1199951171875
2024-11-27,GOOGL-EQ,Equity Price,169.22999572753906
2024-11-29,GOOGL-EQ,Equity Price,168.9499969482422
2024-12-02,GOOGL-EQ,Equity Price,171.49000549316406
2024-12-03,GOOGL-EQ,Equity Price,171.33999633789062
2024-12-04,GOOGL-EQ,Equity Price,174.3699951171875
2024-12-05,GOOGL-EQ,Equity Price,172.63999938964844
2024-12-06,GOOGL-EQ,Equity Price,174.7100067138672
2024-12-09,GOOGL-EQ,Equity Price,175.3699951171875
2024-12-10,GOOGL-EQ,Equity Price,185.1699981689453
2024-12-11,GOOGL-EQ,Equity Price,195.39999389648438
2024-12-12,GOOGL-EQ,Equity Price,191.9600067138672
2024-12-13,GOOGL-EQ,Equity Price,189.82000732421875
2024-12-16,GOOGL-EQ,Equity Price,196.66000366210938
2024-12-17,GOOGL-EQ,Equity Price,195.4199981689453
2024-12-18,GOOGL-EQ,Equity Price,188.39999389648438
2024-12-19,GOOGL-EQ,Equity Price,188.50999450683594
2024-12-20,GOOGL-EQ,Equity Price,191.41000366210938
2024-12-23,GOOGL-EQ,Equity Price,194.6300048828125
2024-12-24,GOOGL-EQ,Equity Price,196.11000061035156
2024-12-26,GOOGL-EQ,Equity Price,195.60000610351562
2024-12-27,GOOGL-EQ,Equity Price,192.75999450683594
2024-12-30,GOOGL-EQ,Equity Price,191.24000549316406
2024-12-31,GOOGL-EQ,Equity Price,189.3000030517578
2025-01-02,GOOGL-EQ,Equity Price,189.42999267578125
2025-01-03,GOOGL-EQ,Equity Price,191.7899932861328
2025-01-06,GOOGL-EQ,Equity Price,196.8699951171875
2025-01-07,GOOGL-EQ,Equity Price,195.49000549316406
2025-01-08,GOOGL-EQ,Equity Price,193.9499969482422
2025-01-10,GOOGL-EQ,Equity Price,192.0399932861328
2025-01-13,GOOGL-EQ,Equity Price,191.00999450683594
2025-01-14,GOOGL-EQ,Equity Price,189.66000366210938
2025-01-15,GOOGL-EQ,Equity Price,195.5500030517578
2025-01-16,GOOGL-EQ,Equity Price,192.91000366210938
2025-01-17,GOOGL-EQ,Equity Price,196.0
2025-01-21,GOOGL-EQ,Equity Price,198.0500030517578
2025-01-22,GOOGL-EQ,Equity Price,198.3699951171875
2025-01-23,GOOGL-EQ,Equity Price,197.97999572753906
2025-01-24,GOOGL-EQ,Equity Price,200.2100067138672
2025-01-27,GOOGL-EQ,Equity Price,191.80999755859375
2025-01-28,GOOGL-EQ,Equity Price,195.3000030517578
2025-01-29,GOOGL-EQ,Equity Price,195.41000366210938
2025-01-30,GOOGL-EQ,Equity Price,200.8699951171875
2025-01-31,GOOGL-EQ,Equity Price,204.02000427246094
2025-02-03,GOOGL-EQ,Equity Price,201.22999572753906
2025-02-04,GOOGL-EQ,Equity Price,206.3800048828125
2025-02-05,GOOGL-EQ,Equity Price,191.3300018310547
2025-02-06,GOOGL-EQ,Equity Price,191.60000610351562
2025-02-07,GOOGL-EQ,Equity Price,185.33999633789062
2025-02-10,GOOGL-EQ,Equity Price,186.47000122070312
2025-02-11,GOOGL-EQ,Equity Price,185.32000732421875
2025-02-12,GOOGL-EQ,Equity Price,183.61000061035156
2025-02-13,GOOGL-EQ,Equity Price,186.13999938964844
2025-02-14,GOOGL-EQ,Equity Price,185.22999572753906
2025-02-18,GOOGL-EQ,Equity Price,183.77000427246094
2025-02-19,GOOGL-EQ,Equity Price,185.27000427246094
2025-02-20,GOOGL-EQ,Equity Price,184.55999755859375
2025-02-21,GOOGL-EQ,Equity Price,179.66000366210938
2025-02-24,GOOGL-EQ,Equity Price,179.25
2025-02-25,GOOGL-EQ,Equity Price,175.4199981689453
2025-02-26,GOOGL-EQ,Equity Price,172.72999572753906
2025-02-27,GOOGL-EQ,Equity Price,168.5
2025-02-28,GOOGL-EQ,Equity Price,170.27999877929688
2025-03-03,GOOGL-EQ,Equity Price,167.00999450683594
2025-03-04,GOOGL-EQ,Equity Price,170.9199981689453
2025-03-05,GOOGL-EQ,Equity Price,173.02000427246094
2025-03-06,GOOGL-EQ,Equity Price,172.35000610351562
2025-03-07,GOOGL-EQ,Equity Price,173.86000061035156
2025-03-10,GOOGL-EQ,Equity Price,165.8699951171875
2025-03-11,GOOGL-EQ,Equity Price,164.0399932861328
2025-03-12,GOOGL-EQ,Equity Price,167.11000061035156
2025-03-13,GOOGL-EQ,Equity Price,162.75999450683594
2025-03-14,GOOGL-EQ,Equity Price,165.49000549316406
2025-03-17,GOOGL-EQ,Equity Price,164.2899932861328
2025-03-18,GOOGL-EQ,Equity Price,160.6699981689453
2025-03-19,GOOGL-EQ,Equity Price,163.88999938964844
2025-03-20,GOOGL-EQ,Equity Price,162.8000030517578
2025-03-21,GOOGL-EQ,Equity Price,163.99000549316406
2025-03-24,GOOGL-EQ,Equity Price,167.67999267578125
2025-03-25,GOOGL-EQ,Equity Price,170.55999755859375
2025-03-26,GOOGL-EQ,Equity Price,165.05999755859375
2025-03-27,GOOGL-EQ,Equity Price,162.24000549316406
2025-03-28,GOOGL-EQ,Equity Price,154.3300018310547
2025-03-31,GOOGL-EQ,Equity Price,154.63999938964844
2025-04-01,GOOGL-EQ,Equity Price,157.07000732421875
2025-04-02,GOOGL-EQ,Equity Price,157.0399932861328
2025-04-03,GOOGL-EQ,Equity Price,150.72000122070312
2025-04-04,GOOGL-EQ,Equity Price,145.60000610351562
2025-04-07,GOOGL-EQ,Equity Price,146.75
2025-04-08,GOOGL-EQ,Equity Price,144.6999969482422
2025-04-09,GOOGL-EQ,Equity Price,158.7100067138672
2025-04-10,GOOGL-EQ,Equity Price,152.82000732421875
2025-04-11,GOOGL-EQ,Equity Price,157.13999938964844
2025-04-14,GOOGL-EQ,Equity Price,159.07000732421875
2025-04-15,GOOGL-EQ,Equity Price,156.30999755859375
2025-04-16,GOOGL-EQ,Equity Price,153.3300018310547
2025-04-17,GOOGL-EQ,Equity Price,151.16000366210938
2025-04-21,GOOGL-EQ,Equity Price,147.6699981689453
2025-04-22,GOOGL-EQ,Equity Price,151.47000122070312
2025-04-23,GOOGL-EQ,Equity Price,155.35000610351562
2025-04-24,GOOGL-EQ,Equity Price,159.27999877929688
2025-04-25,GOOGL-EQ,Equity Price,161.9600067138672
2025-04-28,GOOGL-EQ,Equity Price,160.61000061035156
2025-04-29,GOOGL-EQ,Equity Price,160.16000366210938
2025-04-30,GOOGL-EQ,Equity Price,158.8000030517578
2025-05-01,GOOGL-EQ,Equity Price,161.3000030517578
2025-05-02,GOOGL-EQ,Equity Price,164.02999877929688
2025-05-05,GOOGL-EQ,Equity Price,164.2100067138672
2025-05-06,GOOGL-EQ,Equity Price,163.22999572753906
2025-05-07,GOOGL-EQ,Equity Price,151.3800048828125
2025-05-08,GOOGL-EQ,Equity Price,154.27999877929688
2025-05-09,GOOGL-EQ,Equity Price,152.75
2025-05-12,GOOGL-EQ,Equity Price,158.4600067138672
2025-05-13,GOOGL-EQ,Equity Price,159.52999877929688
2025-05-14,GOOGL-EQ,Equity Price,165.3699951171875
2025-05-15,GOOGL-EQ,Equity Price,163.9600067138672
2025-05-16,GOOGL-EQ,Equity Price,166.19000244140625
2025-05-19,GOOGL-EQ,Equity Price,166.5399932861328
2025-05-20,GOOGL-EQ,Equity Price,163.97999572753906
2025-05-21,GOOGL-EQ,Equity Price,168.55999755859375
2025-05-22,GOOGL-EQ,Equity Price,170.8699951171875
2025-05-23,GOOGL-EQ,Equity Price,168.47000122070312
2025-05-27,GOOGL-EQ,Equity Price,172.89999389648438
2025-05-28,GOOGL-EQ,Equity Price,172.36000061035156
2025-05-29,GOOGL-EQ,Equity Price,171.86000061035156
2025-05-30,GOOGL-EQ,Equity Price,171.74000549316406
2025-06-02,GOOGL-EQ,Equity Price,169.02999877929688
2025-06-03,GOOGL-EQ,Equity Price,166.17999267578125
2025-06-04,GOOGL-EQ,Equity Price,168.0500030517578
2025-06-05,GOOGL-EQ,Equity Price,168.2100067138672
2025-06-06,GOOGL-EQ,Equity Price,173.67999267578125
2025-06-09,GOOGL-EQ,Equity Price,176.08999633789062
2025-06-10,GOOGL-EQ,Equity Price,178.60000610351562
2025-06-11,GOOGL-EQ,Equity Price,177.35000610351562
2025-06-12,GOOGL-EQ,Equity Price,175.6999969482422
2025-06-13,GOOGL-EQ,Equity Price,174.6699981689453
2025-06-16,GOOGL-EQ,Equity Price,176.77000427246094
2025-06-17,GOOGL-EQ,Equity Price,175.9499969482422
2025-06-18,GOOGL-EQ,Equity Price,173.32000732421875
2025-06-20,GOOGL-EQ,Equity Price,166.63999938964844
2025-06-23,GOOGL-EQ,Equity Price,165.19000244140625
2025-06-24,GOOGL-EQ,Equity Price,166.77000427246094
2025-06-25,GOOGL-EQ,Equity Price,170.67999267578125
2025-06-26,GOOGL-EQ,Equity Price,173.5399932861328
2025-06-27,GOOGL-EQ,Equity Price,178.52999877929688
2025-06-30,GOOGL-EQ,Equity Price,176.22999572753906
2025-07-01,GOOGL-EQ,Equity Price,175.83999633789062
2025-07-02,GOOGL-EQ,Equity Price,178.63999938964844
2025-07-03,GOOGL-EQ,Equity Price,179.52999877929688
2025-07-07,GOOGL-EQ,Equity Price,176.7899932861328
2025-07-08,GOOGL-EQ,Equity Price,174.36000061035156
2025-07-09,GOOGL-EQ,Equity Price,176.6199951171875
2025-07-10,GOOGL-EQ,Equity Price,177.6199951171875
2025-07-11,GOOGL-EQ,Equity Price,180.19000244140625
2025-07-14,GOOGL-EQ,Equity Price,181.55999755859375
2025-07-15,GOOGL-EQ,Equity Price,182.0
2025-07-16,GOOGL-EQ,Equity Price,182.97000122070312
2025-07-17,GOOGL-EQ,Equity Price,183.5800018310547
2025-07-18,GOOGL-EQ,Equity Price,185.05999755859375
2025-07-21,GOOGL-EQ,Equity Price,190.10000610351562
2025-07-22,GOOGL-EQ,Equity Price,191.33999633789062
2025-07-23,GOOGL-EQ,Equity Price,190.22999572753906
2025-07-24,GOOGL-EQ,Equity Price,192.1699981689453
2025-07-25,GOOGL-EQ,Equity Price,193.17999267578125
2025-07-28,GOOGL-EQ,Equity Price,192.5800018310547
2025-07-29,GOOGL-EQ,Equity Price,195.75
2025-07-30,GOOGL-EQ,Equity Price,196.52999877929688
2025-07-31,GOOGL-EQ,Equity Price,191.89999389648438
2025-08-01,GOOGL-EQ,Equity Price,189.1300048828125
2025-08-04,GOOGL-EQ,Equity Price,195.0399932861328
2025-08-05,GOOGL-EQ,Equity Price,194.6699981689453
2025-08-06,GOOGL-EQ,Equity Price,196.08999633789062
2025-08-07,GOOGL-EQ,Equity Price,196.52000427246094
2025-08-08,GOOGL-EQ,Equity Price,201.4199981689453
2025-08-11,GOOGL-EQ,Equity Price,201.0
2025-08-12,GOOGL-EQ,Equity Price,203.33999633789062
2025-08-13,GOOGL-EQ,Equity Price,201.9600067138672
2025-08-14,GOOGL-EQ,Equity Price,202.94000244140625
2025-08-15,GOOGL-EQ,Equity Price,203.89999389648438
2025-08-18,GOOGL-EQ,Equity Price,203.5
2025-08-19,GOOGL-EQ,Equity Price,201.57000732421875
2025-08-20,GOOGL-EQ,Equity Price,199.32000732421875
2025-08-21,GOOGL-EQ,Equity Price,199.75
2025-08-22,GOOGL-EQ,Equity Price,206.08999633789062
2025-08-25,GOOGL-EQ,Equity Price,208.49000549316406
2025-08-26,GOOGL-EQ,Equity Price,207.13999938964844
2025-08-27,GOOGL-EQ,Equity Price,207.47999572753906
2025-08-28,GOOGL-EQ,Equity Price,211.63999938964844
2025-08-29,GOOGL-EQ,Equity Price,212.91000366210938
2025-09-02,GOOGL-EQ,Equity Price,211.35000610351562
2025-09-03,GOOGL-EQ,Equity Price,230.66000366210938
2025-09-04,GOOGL-EQ,Equity Price,232.3000030517578
2025-09-05,GOOGL-EQ,Equity Price,235.0
2025-09-08,GOOGL-EQ,Equity Price,234.0399932861328
2025-09-09,GOOGL-EQ,Equity Price,239.6300048828125
2025-09-10,GOOGL-EQ,Equity Price,239.1699981689453
2025-09-11,GOOGL-EQ,Equity Price,240.3699951171875
2025-09-12,GOOGL-EQ,Equity Price,240.8000030517578
2025-09-15,GOOGL-EQ,Equity Price,251.61000061035156
2025-09-16,GOOGL-EQ,Equity Price,251.16000366210938
2025-09-17,GOOGL-EQ,Equity Price,249.52999877929688
2025-09-18,GOOGL-EQ,Equity Price,252.02999877929688
2025-09-19,GOOGL-EQ,Equity Price,254.72000122070312
2025-09-22,GOOGL-EQ,Equity Price,252.52999877929688
2025-09-23,GOOGL-EQ,Equity Price,251.66000366210938
2025-09-24,GOOGL-EQ,Equity Price,247.13999938964844
2025-09-25,GOOGL-EQ,Equity Price,245.7899932861328
2025-09-26,GOOGL-EQ,Equity Price,246.5399932861328
2025-09-29,GOOGL-EQ,Equity Price,244.0500030517578
2025-09-30,GOOGL-EQ,Equity Price,243.10000610351562
2025-10-01,GOOGL-EQ,Equity Price,244.89999389648438
2025-10-02,GOOGL-EQ,Equity Price,245.69000244140625
2025-10-03,GOOGL-EQ,Equity Price,245.35000610351562
2025-10-06,GOOGL-EQ,Equity Price,250.42999267578125
2025-10-07,GOOGL-EQ,Equity Price,245.75999450683594
2025-10-08,GOOGL-EQ,Equity Price,244.6199951171875
2025-10-09,GOOGL-EQ,Equity Price,241.52999877929688
2025-10-10,GOOGL-EQ,Equity Price,236.57000732421875
2025-10-13,GOOGL-EQ,Equity Price,244.14999389648438
2025-10-14,GOOGL-EQ,Equity Price,245.4499969482422
2025-10-15,GOOGL-EQ,Equity Price,251.02999877929688
2025-10-16,GOOGL-EQ,Equity Price,251.4600067138672
2025-10-17,GOOGL-EQ,Equity Price,253.3000030517578
2025-10-20,GOOGL-EQ,Equity Price,256.54998779296875
2025-10-21,GOOGL-EQ,Equity Price,250.4600067138672
2025-10-22,GOOGL-EQ,Equity Price,251.69000244140625
2025-10-23,GOOGL-EQ,Equity Price,253.0800018310547
2025-10-24,GOOGL-EQ,Equity Price,259.9200134277344
2025-10-27,GOOGL-EQ,Equity Price,269.2699890136719
2025-10-28,GOOGL-EQ,Equity Price,267.4700012207031
2025-10-29,GOOGL-EQ,Equity Price,274.57000732421875
2025-10-30,GOOGL-EQ,Equity Price,281.4800109863281
2025-10-31,GOOGL-EQ,Equity Price,281.19000244140625
2025-11-03,GOOGL-EQ,Equity Price,283.7200012207031
2025-11-04,GOOGL-EQ,Equity Price,277.5400085449219
2025-11-05,GOOGL-EQ,Equity Price,284.30999755859375
2025-11-06,GOOGL-EQ,Equity Price,284.75
2025-11-07,GOOGL-EQ,Equity Price,278.8299865722656
2025-11-10,GOOGL-EQ,Equity Price,290.1000061035156
2025-11-11,GOOGL-EQ,Equity Price,291.30999755859375
2025-11-12,GOOGL-EQ,Equity Price,286.7099914550781
2025-11-13,GOOGL-EQ,Equity Price,278.57000732421875
2025-11-14,GOOGL-EQ,Equity Price,276.4100036621094
2025-11-17,GOOGL-EQ,Equity Price,285.0199890136719
2025-11-18,GOOGL-EQ,Equity Price,284.2799987792969
2025-11-19,GOOGL-EQ,Equity Price,292.80999755859375
2025-11-20,GOOGL-EQ,Equity Price,289.45001220703125
2025-11-21,GOOGL-EQ,Equity Price,299.6600036621094
2025-11-24,GOOGL-EQ,Equity Price,318.5799865722656
2025-11-25,GOOGL-EQ,Equity Price,323.44000244140625
2025-11-26,GOOGL-EQ,Equity Price,319.95001220703125
2025-11-28,GOOGL-EQ,Equity Price,320.17999267578125
2025-12-01,GOOGL-EQ,Equity Price,314.8900146484375
2025-12-02,GOOGL-EQ,Equity Price,315.80999755859375
2025-12-03,GOOGL-EQ,Equity Price,319.6300048828125
2025-12-04,GOOGL-EQ,Equity Price,317.6199951171875
2025-12-05,GOOGL-EQ,Equity Price,321.2699890136719
2025-12-08,GOOGL-EQ,Equity Price,313.7200012207031
2025-12-09,GOOGL-EQ,Equity Price,317.0799865722656
2025-12-10,GOOGL-EQ,Equity Price,320.2099914550781
2025-12-11,GOOGL-EQ,Equity Price,312.42999267578125
2025-12-12,GOOGL-EQ,Equity Price,309.2900085449219
2025-12-15,GOOGL-EQ,Equity Price,308.2200012207031
2025-12-16,GOOGL-EQ,Equity Price,306.57000732421875
2025-12-17,GOOGL-EQ,Equity Price,296.7200012207031
2025-12-18,GOOGL-EQ,Equity Price,302.4599914550781
2025-12-19,GOOGL-EQ,Equity Price,307.1600036621094
2025-12-22,GOOGL-EQ,Equity Price,309.7799987792969
2025-12-23,GOOGL-EQ,Equity Price,314.3500061035156
2025-12-24,GOOGL-EQ,Equity Price,314.0899963378906
2025-12-26,GOOGL-EQ,Equity Price,313.510009765625
2025-12-29,GOOGL-EQ,Equity Price,313.55999755859375
2025-12-30,GOOGL-EQ,Equity Price,313.8500061035156
2025-12-31,GOOGL-EQ,Equity Price,313.0
2026-01-02,GOOGL-EQ,Equity Price,315.1499938964844
2026-01-05,GOOGL-EQ,Equity Price,316.5400085449219
2026-01-06,GOOGL-EQ,Equity Price,314.3399963378906
2026-01-07,GOOGL-EQ,Equity Price,321.9800109863281
2026-01-08,GOOGL-EQ,Equity Price,325.44000244140625
2026-01-09,GOOGL-EQ,Equity Price,328.57000732421875
2026-01-12,GOOGL-EQ,Equity Price,331.8599853515625
2026-01-13,GOOGL-EQ,Equity Price,335.9700012207031
2026-01-14,GOOGL-EQ,Equity Price,335.8399963378906
2026-01-15,GOOGL-EQ,Equity Price,332.7799987792969
2026-01-16,GOOGL-EQ,Equity Price,330.0
2026-01-20,GOOGL-EQ,Equity Price,322.0
2026-01-21,GOOGL-EQ,Equity Price,328.3800048828125
2026-01-22,GOOGL-EQ,Equity Price,330.5400085449219
2026-01-23,GOOGL-EQ,Equity Price,327.92999267578125
2026-01-26,GOOGL-EQ,Equity Price,333.260009765625
2026-01-27,GOOGL-EQ,Equity Price,334.54998779296875
2026-01-28,GOOGL-EQ,Equity Price,336.010009765625
2026-01-29,GOOGL-EQ,Equity Price,338.25
2026-01-30,GOOGL-EQ,Equity Price,338.0
2026-02-02,GOOGL-EQ,Equity Price,343.69000244140625
2026-02-03,GOOGL-EQ,Equity Price,339.7099914550781
2026-02-04,GOOGL-EQ,Equity Price,333.0400085449219
2026-02-05,GOOGL-EQ,Equity Price,331.25
2026-02-06,GOOGL-EQ,Equity Price,322.8599853515625
2026-02-09,GOOGL-EQ,Equity Price,324.32000732421875
2026-02-10,GOOGL-EQ,Equity Price,318.5799865722656
2026-02-11,GOOGL-EQ,Equity Price,310.9599914550781
2026-02-12,GOOGL-EQ,Equity Price,309.0
2026-02-13,GOOGL-EQ,Equity Price,305.7200012207031
2026-02-17,GOOGL-EQ,Equity Price,302.0199890136719
2026-02-18,GOOGL-EQ,Equity Price,303.3299865722656
2026-02-19,GOOGL-EQ,Equity Price,302.8500061035156
2026-02-20,GOOGL-EQ,Equity Price,314.9800109863281
2026-02-23,GOOGL-EQ,Equity Price,311.489990234375
2026-02-24,GOOGL-EQ,Equity Price,310.8999938964844
2026-02-25,GOOGL-EQ,Equity Price,312.8999938964844
2026-02-26,GOOGL-EQ,Equity Price,307.3800048828125
2026-02-27,GOOGL-EQ,Equity Price,311.760009765625
2026-03-02,GOOGL-EQ,Equity Price,306.5199890136719
2026-03-03,GOOGL-EQ,Equity Price,303.5799865722656
2026-03-04,GOOGL-EQ,Equity Price,303.1300048828125
2026-03-05,GOOGL-EQ,Equity Price,300.8800048828125
2026-03-06,GOOGL-EQ,Equity Price,298.5199890136719
2026-03-09,GOOGL-EQ,Equity Price,306.3599853515625
2026-03-10,GOOGL-EQ,Equity Price,307.0400085449219
2026-03-11,GOOGL-EQ,Equity Price,308.70001220703125
2026-03-12,GOOGL-EQ,Equity Price,303.54998779296875
2026-03-13,GOOGL-EQ,Equity Price,302.2799987792969
2026-03-16,GOOGL-EQ,Equity Price,305.55999755859375
2026-03-17,GOOGL-EQ,Equity Price,310.9200134277344
2026-03-18,GOOGL-EQ,Equity Price,307.69000244140625
2026-03-19,GOOGL-EQ,Equity Price,307.1300048828125
2026-03-20,GOOGL-EQ,Equity Price,301.0
2026-03-23,GOOGL-EQ,Equity Price,302.05999755859375
2026-03-24,GOOGL-EQ,Equity Price,290.44000244140625
2026-03-25,GOOGL-EQ,Equity Price,290.92999267578125
2026-03-26,GOOGL-EQ,Equity Price,280.9200134277344
2026-03-27,GOOGL-EQ,Equity Price,274.3399963378906
2026-03-30,GOOGL-EQ,Equity Price,273.5
2026-03-31,GOOGL-EQ,Equity Price,287.55999755859375
2026-04-01,GOOGL-EQ,Equity Price,297.3900146484375
2026-04-02,GOOGL-EQ,Equity Price,295.7699890136719
2026-04-06,GOOGL-EQ,Equity Price,299.989990234375
2026-04-07,GOOGL-EQ,Equity Price,305.4599914550781
2026-04-08,GOOGL-EQ,Equity Price,317.32000732421875
2026-04-09,GOOGL-EQ,Equity Price,318.489990234375
2026-04-10,GOOGL-EQ,Equity Price,317.239990234375
2026-04-13,GOOGL-EQ,Equity Price,321.30999755859375
2026-04-14,GOOGL-EQ,Equity Price,332.9100036621094
2026-04-15,GOOGL-EQ,Equity Price,337.1199951171875
2026-04-16,GOOGL-EQ,Equity Price,336.0199890136719
2026-04-17,GOOGL-EQ,Equity Price,341.67999267578125
2026-04-20,GOOGL-EQ,Equity Price,337.4200134277344
2026-04-21,GOOGL-EQ,Equity Price,332.2900085449219
2026-04-22,GOOGL-EQ,Equity Price,339.32000732421875
2026-04-23,GOOGL-EQ,Equity Price,338.8900146484375
2026-04-24,GOOGL-EQ,Equity Price,344.3999938964844
2026-04-27,GOOGL-EQ,Equity Price,350.3399963378906
2026-04-28,GOOGL-EQ,Equity Price,349.7799987792969
2026-04-29,GOOGL-EQ,Equity Price,349.94000244140625
2026-04-30,GOOGL-EQ,Equity Price,384.79998779296875
2026-05-01,GOOGL-EQ,Equity Price,385.69000244140625
2026-05-04,GOOGL-EQ,Equity Price,383.25
2026-05-05,GOOGL-EQ,Equity Price,388.42999267578125
2026-05-06,GOOGL-EQ,Equity Price,398.0400085449219
2026-05-07,GOOGL-EQ,Equity Price,397.989990234375
2026-05-08,GOOGL-EQ,Equity Price,400.79998779296875
2026-05-11,GOOGL-EQ,Equity Price,388.6400146484375
2026-05-12,GOOGL-EQ,Equity Price,387.3500061035156
2026-05-13,GOOGL-EQ,Equity Price,402.6199951171875
2026-05-14,GOOGL-EQ,Equity Price,401.07000732421875
2026-05-15,GOOGL-EQ,Equity Price,396.7799987792969
2026-05-18,GOOGL-EQ,Equity Price,396.94000244140625
2026-05-19,GOOGL-EQ,Equity Price,387.6600036621094
2026-05-20,GOOGL-EQ,Equity Price,388.9100036621094
2026-05-21,GOOGL-EQ,Equity Price,387.6600036621094
2026-05-22,GOOGL-EQ,Equity Price,382.9700012207031
2026-05-26,GOOGL-EQ,Equity Price,388.8800048828125
2026-05-27,GOOGL-EQ,Equity Price,388.8299865722656
2026-05-28,GOOGL-EQ,Equity Price,390.1300048828125
2026-05-29,GOOGL-EQ,Equity Price,380.3399963378906
2026-06-01,GOOGL-EQ,Equity Price,376.3699951171875
2026-06-02,GOOGL-EQ,Equity Price,361.8500061035156
2026-06-03,GOOGL-EQ,Equity Price,358.989990234375
2026-06-04,GOOGL-EQ,Equity Price,372.19000244140625
2026-06-05,GOOGL-EQ,Equity Price,368.5299987792969
2026-06-08,GOOGL-EQ,Equity Price,363.30999755859375
2026-06-09,GOOGL-EQ,Equity Price,364.260009765625
2026-06-10,GOOGL-EQ,Equity Price,356.3800048828125
2026-06-11,GOOGL-EQ,Equity Price,357.7699890136719
2026-06-12,GOOGL-EQ,Equity Price,359.67999267578125
2026-06-15,GOOGL-EQ,Equity Price,369.3500061035156
2026-06-16,GOOGL-EQ,Equity Price,373.25
2026-06-17,GOOGL-EQ,Equity Price,363.7900085449219
2026-06-18,GOOGL-EQ,Equity Price,368.0299987792969
2026-06-22,GOOGL-EQ,Equity Price,349.67999267578125
2026-06-23,GOOGL-EQ,Equity Price,346.1300048828125
2026-06-24,GOOGL-EQ,Equity Price,345.2900085449219
2026-06-25,GOOGL-EQ,Equity Price,343.7099914550781
2026-06-26,GOOGL-EQ,Equity Price,337.3900146484375
2026-06-29,GOOGL-EQ,Equity Price,353.6499938964844
2026-06-30,GOOGL-EQ,Equity Price,357.3699951171875
2026-07-01,GOOGL-EQ,Equity Price,361.2099914550781
2026-07-02,GOOGL-EQ,Equity Price,359.9100036621094
2026-07-06,GOOGL-EQ,Equity Price,366.4599914550781
2026-07-07,GOOGL-EQ,Equity Price,367.0299987792969
2026-07-08,GOOGL-EQ,Equity Price,361.9200134277344
2026-07-09,GOOGL-EQ,Equity Price,358.8900146484375
2026-07-10,GOOGL-EQ,Equity Price,357.17999267578125
2026-07-13,GOOGL-EQ,Equity Price,352.510009765625
2026-07-14,GOOGL-EQ,Equity Price,359.510009765625
2026-07-15,GOOGL-EQ,Equity Price,370.9200134277344
2026-07-16,GOOGL-EQ,Equity Price,354.4599914550781
2026-07-17,GOOGL-EQ,Equity Price,346.7699890136719
2026-07-20,GOOGL-EQ,Equity Price,351.989990234375
2026-07-21,GOOGL-EQ,Equity Price,347.1499938964844
2026-07-22,GOOGL-EQ,Equity Price,342.0899963378906
2026-07-23,GOOGL-EQ,Equity Price,317.69000244140625
2026-07-24,GOOGL-EQ,Equity Price,319.739990234375
2026-07-27,GOOGL-EQ,Equity Price,326.55999755859375
2026-07-28,GOOGL-EQ,Equity Price,333.7099914550781
2026-07-29,GOOGL-EQ,Equity Price,336.7099914550781
2026-07-30,GOOGL-EQ,Equity Price,333.6600036621094
2026-07-31,GOOGL-EQ,Equity Price,356.1300048828125
2026-08-03,GOOGL-EQ,Equity Price,373.510009765625
2026-08-04,GOOGL-EQ,Equity Price,377.6499938964844
2026-08-05,GOOGL-EQ,Equity Price,362.42999267578125
2026-08-06,GOOGL-EQ,Equity Price,357.75
2026-08-07,GOOGL-EQ,Equity Price,354.29998779296875
2026-08-10,GOOGL-EQ,Equity Price,357.5199890136719
2026-08-11,GOOGL-EQ,Equity Price,343.79998779296875
2026-08-12,GOOGL-EQ,Equity Price,343.5400085449219
2026-08-13,GOOGL-EQ,Equity Price,346.3599853515625
2026-08-14,GOOGL-EQ,Equity Price,345.8999938964844
2026-08-17,GOOGL-EQ,Equity Price,344.0
2026-08-18,GOOGL-EQ,Equity Price,344.20001220703125
2026-08-19,GOOGL-EQ,Equity Price,344.7200012207031
2026-08-20,GOOGL-EQ,Equity Price,340.6700134277344
2026-08-21,GOOGL-EQ,Equity Price,344.82000732421875
2026-08-24,GOOGL-EQ,Equity Price,348.05999755859375
2026-08-25,GOOGL-EQ,Equity Price,346.9599914550781
2026-08-26,GOOGL-EQ,Equity Price,342.0
2026-08-27,GOOGL-EQ,Equity Price,340.6499938964844
2026-08-28,GOOGL-EQ,Equity Price,346.5899963378906
2026-08-31,GOOGL-EQ,Equity Price,339.3500061035156
2026-09-01,GOOGL-EQ,Equity Price,335.0199890136719
2026-09-02,GOOGL-EQ,Equity Price,337.1199951171875
2026-09-03,GOOGL-EQ,Equity Price,342.4800109863281
2024-09-04,ISS_AAPL-CS,Credit Spread,0.005699999999999999
2024-09-05,ISS_AAPL-CS,Credit Spread,0.005699999999999999
2024-09-06,ISS_AAPL-CS,Credit Spread,0.005699999999999999
2024-09-09,ISS_AAPL-CS,Credit Spread,0.005699999999999999
2024-09-10,ISS_AAPL-CS,Credit Spread,0.0058
2024-09-11,ISS_AAPL-CS,Credit Spread,0.0058
2024-09-12,ISS_AAPL-CS,Credit Spread,0.005699999999999999
2024-09-13,ISS_AAPL-CS,Credit Spread,0.005600000000000001
2024-09-16,ISS_AAPL-CS,Credit Spread,0.005600000000000001
2024-09-17,ISS_AAPL-CS,Credit Spread,0.0055000000000000005
2024-09-18,ISS_AAPL-CS,Credit Spread,0.0054
2024-09-19,ISS_AAPL-CS,Credit Spread,0.0052
2024-09-20,ISS_AAPL-CS,Credit Spread,0.0052
2024-09-23,ISS_AAPL-CS,Credit Spread,0.0051
2024-09-24,ISS_AAPL-CS,Credit Spread,0.0051
2024-09-25,ISS_AAPL-CS,Credit Spread,0.0051
2024-09-26,ISS_AAPL-CS,Credit Spread,0.0051
2024-09-27,ISS_AAPL-CS,Credit Spread,0.0052
2024-09-30,ISS_AAPL-CS,Credit Spread,0.0052
2024-10-01,ISS_AAPL-CS,Credit Spread,0.0052
2024-10-02,ISS_AAPL-CS,Credit Spread,0.0052
2024-10-03,ISS_AAPL-CS,Credit Spread,0.0051
2024-10-04,ISS_AAPL-CS,Credit Spread,0.0048
2024-10-07,ISS_AAPL-CS,Credit Spread,0.0048
2024-10-08,ISS_AAPL-CS,Credit Spread,0.0049
2024-10-09,ISS_AAPL-CS,Credit Spread,0.0048
2024-10-10,ISS_AAPL-CS,Credit Spread,0.004699999999999999
2024-10-11,ISS_AAPL-CS,Credit Spread,0.0046
2024-10-14,ISS_AAPL-CS,Credit Spread,0.0046
2024-10-15,ISS_AAPL-CS,Credit Spread,0.0046
2024-10-16,ISS_AAPL-CS,Credit Spread,0.0046
2024-10-17,ISS_AAPL-CS,Credit Spread,0.0046
2024-10-18,ISS_AAPL-CS,Credit Spread,0.0046
2024-10-21,ISS_AAPL-CS,Credit Spread,0.004699999999999999
2024-10-22,ISS_AAPL-CS,Credit Spread,0.0048
2024-10-23,ISS_AAPL-CS,Credit Spread,0.0048
2024-10-24,ISS_AAPL-CS,Credit Spread,0.0049
2024-10-25,ISS_AAPL-CS,Credit Spread,0.0048
2024-10-28,ISS_AAPL-CS,Credit Spread,0.0048
2024-10-29,ISS_AAPL-CS,Credit Spread,0.0048
2024-10-30,ISS_AAPL-CS,Credit Spread,0.0048
2024-10-31,ISS_AAPL-CS,Credit Spread,0.0049
2024-11-01,ISS_AAPL-CS,Credit Spread,0.0049
2024-11-04,ISS_AAPL-CS,Credit Spread,0.0049
2024-11-05,ISS_AAPL-CS,Credit Spread,0.0048
2024-11-06,ISS_AAPL-CS,Credit Spread,0.0045000000000000005
2024-11-07,ISS_AAPL-CS,Credit Spread,0.0043
2024-11-08,ISS_AAPL-CS,Credit Spread,0.0043
2024-11-11,ISS_AAPL-CS,Credit Spread,0.0043
2024-11-12,ISS_AAPL-CS,Credit Spread,0.0043
2024-11-13,ISS_AAPL-CS,Credit Spread,0.0044
2024-11-14,ISS_AAPL-CS,Credit Spread,0.0045000000000000005
2024-11-15,ISS_AAPL-CS,Credit Spread,0.0046
2024-11-18,ISS_AAPL-CS,Credit Spread,0.0045000000000000005
2024-11-19,ISS_AAPL-CS,Credit Spread,0.0045000000000000005
2024-11-20,ISS_AAPL-CS,Credit Spread,0.0046
2024-11-21,ISS_AAPL-CS,Credit Spread,0.0046
2024-11-22,ISS_AAPL-CS,Credit Spread,0.0046
2024-11-25,ISS_AAPL-CS,Credit Spread,0.0046
2024-11-26,ISS_AAPL-CS,Credit Spread,0.004699999999999999
2024-11-27,ISS_AAPL-CS,Credit Spread,0.0048
2024-11-28,ISS_AAPL-CS,Credit Spread,0.0048
2024-11-29,ISS_AAPL-CS,Credit Spread,0.004699999999999999
2024-11-30,ISS_AAPL-CS,Credit Spread,0.0048
2024-12-02,ISS_AAPL-CS,Credit Spread,0.004699999999999999
2024-12-03,ISS_AAPL-CS,Credit Spread,0.0046
2024-12-04,ISS_AAPL-CS,Credit Spread,0.0046
2024-12-05,ISS_AAPL-CS,Credit Spread,0.004699999999999999
2024-12-06,ISS_AAPL-CS,Credit Spread,0.004699999999999999
2024-12-09,ISS_AAPL-CS,Credit Spread,0.004699999999999999
2024-12-10,ISS_AAPL-CS,Credit Spread,0.0046
2024-12-11,ISS_AAPL-CS,Credit Spread,0.0045000000000000005
2024-12-12,ISS_AAPL-CS,Credit Spread,0.0045000000000000005
2024-12-13,ISS_AAPL-CS,Credit Spread,0.0045000000000000005
2024-12-16,ISS_AAPL-CS,Credit Spread,0.0045000000000000005
2024-12-17,ISS_AAPL-CS,Credit Spread,0.0045000000000000005
2024-12-18,ISS_AAPL-CS,Credit Spread,0.0045000000000000005
2024-12-19,ISS_AAPL-CS,Credit Spread,0.004699999999999999
2024-12-20,ISS_AAPL-CS,Credit Spread,0.0048
2024-12-23,ISS_AAPL-CS,Credit Spread,0.0048
2024-12-24,ISS_AAPL-CS,Credit Spread,0.004699999999999999
2024-12-26,ISS_AAPL-CS,Credit Spread,0.004699999999999999
2024-12-27,ISS_AAPL-CS,Credit Spread,0.0046
2024-12-30,ISS_AAPL-CS,Credit Spread,0.004699999999999999
2024-12-31,ISS_AAPL-CS,Credit Spread,0.0048
2025-01-02,ISS_AAPL-CS,Credit Spread,0.0048
2025-01-03,ISS_AAPL-CS,Credit Spread,0.0048
2025-01-06,ISS_AAPL-CS,Credit Spread,0.0048
2025-01-07,ISS_AAPL-CS,Credit Spread,0.0048
2025-01-08,ISS_AAPL-CS,Credit Spread,0.0048
2025-01-09,ISS_AAPL-CS,Credit Spread,0.0048
2025-01-10,ISS_AAPL-CS,Credit Spread,0.0048
2025-01-13,ISS_AAPL-CS,Credit Spread,0.0048
2025-01-14,ISS_AAPL-CS,Credit Spread,0.0048
2025-01-15,ISS_AAPL-CS,Credit Spread,0.004699999999999999
2025-01-16,ISS_AAPL-CS,Credit Spread,0.004699999999999999
2025-01-17,ISS_AAPL-CS,Credit Spread,0.004699999999999999
2025-01-20,ISS_AAPL-CS,Credit Spread,0.004699999999999999
2025-01-21,ISS_AAPL-CS,Credit Spread,0.004699999999999999
2025-01-22,ISS_AAPL-CS,Credit Spread,0.0046
2025-01-23,ISS_AAPL-CS,Credit Spread,0.0046
2025-01-24,ISS_AAPL-CS,Credit Spread,0.0045000000000000005
2025-01-27,ISS_AAPL-CS,Credit Spread,0.0046
2025-01-28,ISS_AAPL-CS,Credit Spread,0.0046
2025-01-29,ISS_AAPL-CS,Credit Spread,0.0046
2025-01-30,ISS_AAPL-CS,Credit Spread,0.004699999999999999
2025-01-31,ISS_AAPL-CS,Credit Spread,0.0046
2025-02-03,ISS_AAPL-CS,Credit Spread,0.004699999999999999
2025-02-04,ISS_AAPL-CS,Credit Spread,0.004699999999999999
2025-02-05,ISS_AAPL-CS,Credit Spread,0.004699999999999999
2025-02-06,ISS_AAPL-CS,Credit Spread,0.0048
2025-02-07,ISS_AAPL-CS,Credit Spread,0.0048
2025-02-10,ISS_AAPL-CS,Credit Spread,0.0048
2025-02-11,ISS_AAPL-CS,Credit Spread,0.004699999999999999
2025-02-12,ISS_AAPL-CS,Credit Spread,0.0046
2025-02-13,ISS_AAPL-CS,Credit Spread,0.0046
2025-02-14,ISS_AAPL-CS,Credit Spread,0.0045000000000000005
2025-02-17,ISS_AAPL-CS,Credit Spread,0.0045000000000000005
2025-02-18,ISS_AAPL-CS,Credit Spread,0.0044
2025-02-19,ISS_AAPL-CS,Credit Spread,0.0045000000000000005
2025-02-20,ISS_AAPL-CS,Credit Spread,0.0045000000000000005
2025-02-21,ISS_AAPL-CS,Credit Spread,0.0046
2025-02-24,ISS_AAPL-CS,Credit Spread,0.0046
2025-02-25,ISS_AAPL-CS,Credit Spread,0.0048
2025-02-26,ISS_AAPL-CS,Credit Spread,0.0049
2025-02-27,ISS_AAPL-CS,Credit Spread,0.0049
2025-02-28,ISS_AAPL-CS,Credit Spread,0.0051
2025-03-03,ISS_AAPL-CS,Credit Spread,0.0052
2025-03-04,ISS_AAPL-CS,Credit Spread,0.0052
2025-03-05,ISS_AAPL-CS,Credit Spread,0.005
2025-03-06,ISS_AAPL-CS,Credit Spread,0.0051
2025-03-07,ISS_AAPL-CS,Credit Spread,0.0051
2025-03-10,ISS_AAPL-CS,Credit Spread,0.0053
2025-03-11,ISS_AAPL-CS,Credit Spread,0.0055000000000000005
2025-03-12,ISS_AAPL-CS,Credit Spread,0.005699999999999999
2025-03-13,ISS_AAPL-CS,Credit Spread,0.0058
2025-03-14,ISS_AAPL-CS,Credit Spread,0.0055000000000000005
2025-03-17,ISS_AAPL-CS,Credit Spread,0.0054
2025-03-18,ISS_AAPL-CS,Credit Spread,0.0054
2025-03-19,ISS_AAPL-CS,Credit Spread,0.0052
2025-03-20,ISS_AAPL-CS,Credit Spread,0.0052
2025-03-21,ISS_AAPL-CS,Credit Spread,0.0053
2025-03-24,ISS_AAPL-CS,Credit Spread,0.0052
2025-03-25,ISS_AAPL-CS,Credit Spread,0.0051
2025-03-26,ISS_AAPL-CS,Credit Spread,0.0052
2025-03-27,ISS_AAPL-CS,Credit Spread,0.0052
2025-03-28,ISS_AAPL-CS,Credit Spread,0.0054
2025-03-31,ISS_AAPL-CS,Credit Spread,0.005600000000000001
2025-04-01,ISS_AAPL-CS,Credit Spread,0.005699999999999999
2025-04-02,ISS_AAPL-CS,Credit Spread,0.005600000000000001
2025-04-03,ISS_AAPL-CS,Credit Spread,0.0063
2025-04-04,ISS_AAPL-CS,Credit Spread,0.006999999999999999
2025-04-07,ISS_AAPL-CS,Credit Spread,0.0073
2025-04-08,ISS_AAPL-CS,Credit Spread,0.006999999999999999
2025-04-09,ISS_AAPL-CS,Credit Spread,0.0073
2025-04-10,ISS_AAPL-CS,Credit Spread,0.0068000000000000005
2025-04-11,ISS_AAPL-CS,Credit Spread,0.0068000000000000005
2025-04-14,ISS_AAPL-CS,Credit Spread,0.006500000000000001
2025-04-15,ISS_AAPL-CS,Credit Spread,0.0064
2025-04-16,ISS_AAPL-CS,Credit Spread,0.0063
2025-04-17,ISS_AAPL-CS,Credit Spread,0.0062
2025-04-21,ISS_AAPL-CS,Credit Spread,0.0062
2025-04-22,ISS_AAPL-CS,Credit Spread,0.0062
2025-04-23,ISS_AAPL-CS,Credit Spread,0.006
2025-04-24,ISS_AAPL-CS,Credit Spread,0.0059
2025-04-25,ISS_AAPL-CS,Credit Spread,0.005699999999999999
2025-04-28,ISS_AAPL-CS,Credit Spread,0.005699999999999999
2025-04-29,ISS_AAPL-CS,Credit Spread,0.0059
2025-04-30,ISS_AAPL-CS,Credit Spread,0.0060999999999999995
2025-05-01,ISS_AAPL-CS,Credit Spread,0.0060999999999999995
2025-05-02,ISS_AAPL-CS,Credit Spread,0.0059
2025-05-05,ISS_AAPL-CS,Credit Spread,0.0058
2025-05-06,ISS_AAPL-CS,Credit Spread,0.0059
2025-05-07,ISS_AAPL-CS,Credit Spread,0.0058
2025-05-08,ISS_AAPL-CS,Credit Spread,0.005600000000000001
2025-05-09,ISS_AAPL-CS,Credit Spread,0.005600000000000001
2025-05-12,ISS_AAPL-CS,Credit Spread,0.0052
2025-05-13,ISS_AAPL-CS,Credit Spread,0.005
2025-05-14,ISS_AAPL-CS,Credit Spread,0.005
2025-05-15,ISS_AAPL-CS,Credit Spread,0.005
2025-05-16,ISS_AAPL-CS,Credit Spread,0.005
2025-05-19,ISS_AAPL-CS,Credit Spread,0.0049
2025-05-20,ISS_AAPL-CS,Credit Spread,0.0048
2025-05-21,ISS_AAPL-CS,Credit Spread,0.0049
2025-05-22,ISS_AAPL-CS,Credit Spread,0.0049
2025-05-23,ISS_AAPL-CS,Credit Spread,0.005
2025-05-26,ISS_AAPL-CS,Credit Spread,0.005
2025-05-27,ISS_AAPL-CS,Credit Spread,0.0049
2025-05-28,ISS_AAPL-CS,Credit Spread,0.0048
2025-05-29,ISS_AAPL-CS,Credit Spread,0.0048
2025-05-30,ISS_AAPL-CS,Credit Spread,0.0049
2025-05-31,ISS_AAPL-CS,Credit Spread,0.005
2025-06-02,ISS_AAPL-CS,Credit Spread,0.0049
2025-06-03,ISS_AAPL-CS,Credit Spread,0.0048
2025-06-04,ISS_AAPL-CS,Credit Spread,0.0048
2025-06-05,ISS_AAPL-CS,Credit Spread,0.0049
2025-06-06,ISS_AAPL-CS,Credit Spread,0.0048
2025-06-09,ISS_AAPL-CS,Credit Spread,0.004699999999999999
2025-06-10,ISS_AAPL-CS,Credit Spread,0.0048
2025-06-11,ISS_AAPL-CS,Credit Spread,0.0048
2025-06-12,ISS_AAPL-CS,Credit Spread,0.0049
2025-06-13,ISS_AAPL-CS,Credit Spread,0.0049
2025-06-16,ISS_AAPL-CS,Credit Spread,0.0048
2025-06-17,ISS_AAPL-CS,Credit Spread,0.0049
2025-06-18,ISS_AAPL-CS,Credit Spread,0.005
2025-06-19,ISS_AAPL-CS,Credit Spread,0.005
2025-06-20,ISS_AAPL-CS,Credit Spread,0.005
2025-06-23,ISS_AAPL-CS,Credit Spread,0.005
2025-06-24,ISS_AAPL-CS,Credit Spread,0.0049
2025-06-25,ISS_AAPL-CS,Credit Spread,0.005
2025-06-26,ISS_AAPL-CS,Credit Spread,0.005
2025-06-27,ISS_AAPL-CS,Credit Spread,0.005
2025-06-30,ISS_AAPL-CS,Credit Spread,0.0049
2025-07-01,ISS_AAPL-CS,Credit Spread,0.0048
2025-07-02,ISS_AAPL-CS,Credit Spread,0.0046
2025-07-03,ISS_AAPL-CS,Credit Spread,0.0045000000000000005
2025-07-04,ISS_AAPL-CS,Credit Spread,0.0045000000000000005
2025-07-07,ISS_AAPL-CS,Credit Spread,0.0045000000000000005
2025-07-08,ISS_AAPL-CS,Credit Spread,0.0046
2025-07-09,ISS_AAPL-CS,Credit Spread,0.004699999999999999
2025-07-10,ISS_AAPL-CS,Credit Spread,0.004699999999999999
2025-07-11,ISS_AAPL-CS,Credit Spread,0.004699999999999999
2025-07-14,ISS_AAPL-CS,Credit Spread,0.004699999999999999
2025-07-15,ISS_AAPL-CS,Credit Spread,0.0046
2025-07-16,ISS_AAPL-CS,Credit Spread,0.0045000000000000005
2025-07-17,ISS_AAPL-CS,Credit Spread,0.0044
2025-07-18,ISS_AAPL-CS,Credit Spread,0.0044
2025-07-21,ISS_AAPL-CS,Credit Spread,0.0044
2025-07-22,ISS_AAPL-CS,Credit Spread,0.0045000000000000005
2025-07-23,ISS_AAPL-CS,Credit Spread,0.0044
2025-07-24,ISS_AAPL-CS,Credit Spread,0.0044
2025-07-25,ISS_AAPL-CS,Credit Spread,0.0043
2025-07-28,ISS_AAPL-CS,Credit Spread,0.0043
2025-07-29,ISS_AAPL-CS,Credit Spread,0.0044
2025-07-30,ISS_AAPL-CS,Credit Spread,0.0044
2025-07-31,ISS_AAPL-CS,Credit Spread,0.0044
2025-08-01,ISS_AAPL-CS,Credit Spread,0.004699999999999999
2025-08-04,ISS_AAPL-CS,Credit Spread,0.004699999999999999
2025-08-05,ISS_AAPL-CS,Credit Spread,0.004699999999999999
2025-08-06,ISS_AAPL-CS,Credit Spread,0.0046
2025-08-07,ISS_AAPL-CS,Credit Spread,0.0045000000000000005
2025-08-08,ISS_AAPL-CS,Credit Spread,0.0045000000000000005
2025-08-11,ISS_AAPL-CS,Credit Spread,0.0046
2025-08-12,ISS_AAPL-CS,Credit Spread,0.0044
2025-08-13,ISS_AAPL-CS,Credit Spread,0.0043
2025-08-14,ISS_AAPL-CS,Credit Spread,0.0042
2025-08-15,ISS_AAPL-CS,Credit Spread,0.0042
2025-08-18,ISS_AAPL-CS,Credit Spread,0.0040999999999999995
2025-08-19,ISS_AAPL-CS,Credit Spread,0.0042
2025-08-20,ISS_AAPL-CS,Credit Spread,0.0043
2025-08-21,ISS_AAPL-CS,Credit Spread,0.0043
2025-08-22,ISS_AAPL-CS,Credit Spread,0.0043
2025-08-25,ISS_AAPL-CS,Credit Spread,0.0042
2025-08-26,ISS_AAPL-CS,Credit Spread,0.0043
2025-08-27,ISS_AAPL-CS,Credit Spread,0.0044
2025-08-28,ISS_AAPL-CS,Credit Spread,0.0044
2025-08-29,ISS_AAPL-CS,Credit Spread,0.0045000000000000005
2025-08-31,ISS_AAPL-CS,Credit Spread,0.0045000000000000005
2025-09-01,ISS_AAPL-CS,Credit Spread,0.0045000000000000005
2025-09-02,ISS_AAPL-CS,Credit Spread,0.0046
2025-09-03,ISS_AAPL-CS,Credit Spread,0.0045000000000000005
2025-09-04,ISS_AAPL-CS,Credit Spread,0.0044
2025-09-05,ISS_AAPL-CS,Credit Spread,0.0044
2025-09-08,ISS_AAPL-CS,Credit Spread,0.0045000000000000005
2025-09-09,ISS_AAPL-CS,Credit Spread,0.0045000000000000005
2025-09-10,ISS_AAPL-CS,Credit Spread,0.0045000000000000005
2025-09-11,ISS_AAPL-CS,Credit Spread,0.0044
2025-09-12,ISS_AAPL-CS,Credit Spread,0.0043
2025-09-15,ISS_AAPL-CS,Credit Spread,0.0042
2025-09-16,ISS_AAPL-CS,Credit Spread,0.0043
2025-09-17,ISS_AAPL-CS,Credit Spread,0.0043
2025-09-18,ISS_AAPL-CS,Credit Spread,0.0042
2025-09-19,ISS_AAPL-CS,Credit Spread,0.0040999999999999995
2025-09-22,ISS_AAPL-CS,Credit Spread,0.0040999999999999995
2025-09-23,ISS_AAPL-CS,Credit Spread,0.0042
2025-09-24,ISS_AAPL-CS,Credit Spread,0.0043
2025-09-25,ISS_AAPL-CS,Credit Spread,0.0044
2025-09-26,ISS_AAPL-CS,Credit Spread,0.0043
2025-09-29,ISS_AAPL-CS,Credit Spread,0.0042
2025-09-30,ISS_AAPL-CS,Credit Spread,0.0043
2025-10-01,ISS_AAPL-CS,Credit Spread,0.0043
2025-10-02,ISS_AAPL-CS,Credit Spread,0.0043
2025-10-03,ISS_AAPL-CS,Credit Spread,0.0042
2025-10-06,ISS_AAPL-CS,Credit Spread,0.0042
2025-10-07,ISS_AAPL-CS,Credit Spread,0.0043
2025-10-08,ISS_AAPL-CS,Credit Spread,0.0043
2025-10-09,ISS_AAPL-CS,Credit Spread,0.0044
2025-10-10,ISS_AAPL-CS,Credit Spread,0.004699999999999999
2025-10-13,ISS_AAPL-CS,Credit Spread,0.004699999999999999
2025-10-14,ISS_AAPL-CS,Credit Spread,0.004699999999999999
2025-10-15,ISS_AAPL-CS,Credit Spread,0.0045000000000000005
2025-10-16,ISS_AAPL-CS,Credit Spread,0.0046
2025-10-17,ISS_AAPL-CS,Credit Spread,0.0046
2025-10-20,ISS_AAPL-CS,Credit Spread,0.0045000000000000005
2025-10-21,ISS_AAPL-CS,Credit Spread,0.0045000000000000005
2025-10-22,ISS_AAPL-CS,Credit Spread,0.0046
2025-10-23,ISS_AAPL-CS,Credit Spread,0.0045000000000000005
2025-10-24,ISS_AAPL-CS,Credit Spread,0.0044
2025-10-27,ISS_AAPL-CS,Credit Spread,0.0043
2025-10-28,ISS_AAPL-CS,Credit Spread,0.0043
2025-10-29,ISS_AAPL-CS,Credit Spread,0.0043
2025-10-30,ISS_AAPL-CS,Credit Spread,0.0045000000000000005
2025-10-31,ISS_AAPL-CS,Credit Spread,0.004699999999999999
2025-11-03,ISS_AAPL-CS,Credit Spread,0.0049
2025-11-04,ISS_AAPL-CS,Credit Spread,0.0049
2025-11-05,ISS_AAPL-CS,Credit Spread,0.004699999999999999
2025-11-06,ISS_AAPL-CS,Credit Spread,0.0048
2025-11-07,ISS_AAPL-CS,Credit Spread,0.0049
2025-11-10,ISS_AAPL-CS,Credit Spread,0.0048
2025-11-11,ISS_AAPL-CS,Credit Spread,0.0048
2025-11-12,ISS_AAPL-CS,Credit Spread,0.0049
2025-11-13,ISS_AAPL-CS,Credit Spread,0.0049
2025-11-14,ISS_AAPL-CS,Credit Spread,0.0048
2025-11-17,ISS_AAPL-CS,Credit Spread,0.0049
2025-11-18,ISS_AAPL-CS,Credit Spread,0.0049
2025-11-19,ISS_AAPL-CS,Credit Spread,0.0049
2025-11-20,ISS_AAPL-CS,Credit Spread,0.005
2025-11-21,ISS_AAPL-CS,Credit Spread,0.005
2025-11-24,ISS_AAPL-CS,Credit Spread,0.005
2025-11-25,ISS_AAPL-CS,Credit Spread,0.0049
2025-11-26,ISS_AAPL-CS,Credit Spread,0.0048
2025-11-27,ISS_AAPL-CS,Credit Spread,0.0048
2025-11-28,ISS_AAPL-CS,Credit Spread,0.004699999999999999
2025-11-30,ISS_AAPL-CS,Credit Spread,0.0049
2025-12-01,ISS_AAPL-CS,Credit Spread,0.0049
2025-12-02,ISS_AAPL-CS,Credit Spread,0.0048
2025-12-03,ISS_AAPL-CS,Credit Spread,0.0048
2025-12-04,ISS_AAPL-CS,Credit Spread,0.0048
2025-12-05,ISS_AAPL-CS,Credit Spread,0.004699999999999999
2025-12-08,ISS_AAPL-CS,Credit Spread,0.004699999999999999
2025-12-09,ISS_AAPL-CS,Credit Spread,0.004699999999999999
2025-12-10,ISS_AAPL-CS,Credit Spread,0.004699999999999999
2025-12-11,ISS_AAPL-CS,Credit Spread,0.004699999999999999
2025-12-12,ISS_AAPL-CS,Credit Spread,0.0048
2025-12-15,ISS_AAPL-CS,Credit Spread,0.0049
2025-12-16,ISS_AAPL-CS,Credit Spread,0.0049
2025-12-17,ISS_AAPL-CS,Credit Spread,0.0049
2025-12-18,ISS_AAPL-CS,Credit Spread,0.0049
2025-12-19,ISS_AAPL-CS,Credit Spread,0.0049
2025-12-22,ISS_AAPL-CS,Credit Spread,0.0049
2025-12-23,ISS_AAPL-CS,Credit Spread,0.0048
2025-12-24,ISS_AAPL-CS,Credit Spread,0.0048
2025-12-26,ISS_AAPL-CS,Credit Spread,0.0048
2025-12-29,ISS_AAPL-CS,Credit Spread,0.0048
2025-12-30,ISS_AAPL-CS,Credit Spread,0.0048
2025-12-31,ISS_AAPL-CS,Credit Spread,0.0049
2026-01-02,ISS_AAPL-CS,Credit Spread,0.0049
2026-01-05,ISS_AAPL-CS,Credit Spread,0.0049
2026-01-06,ISS_AAPL-CS,Credit Spread,0.0048
2026-01-07,ISS_AAPL-CS,Credit Spread,0.0049
2026-01-08,ISS_AAPL-CS,Credit Spread,0.0049
2026-01-09,ISS_AAPL-CS,Credit Spread,0.0048
2026-01-12,ISS_AAPL-CS,Credit Spread,0.0048
2026-01-13,ISS_AAPL-CS,Credit Spread,0.0048
2026-01-14,ISS_AAPL-CS,Credit Spread,0.0048
2026-01-15,ISS_AAPL-CS,Credit Spread,0.004699999999999999
2026-01-16,ISS_AAPL-CS,Credit Spread,0.0046
2026-01-19,ISS_AAPL-CS,Credit Spread,0.0046
2026-01-20,ISS_AAPL-CS,Credit Spread,0.0046
2026-01-21,ISS_AAPL-CS,Credit Spread,0.0045000000000000005
2026-01-22,ISS_AAPL-CS,Credit Spread,0.0044
2026-01-23,ISS_AAPL-CS,Credit Spread,0.0045000000000000005
2026-01-26,ISS_AAPL-CS,Credit Spread,0.0046
2026-01-27,ISS_AAPL-CS,Credit Spread,0.0045000000000000005
2026-01-28,ISS_AAPL-CS,Credit Spread,0.0045000000000000005
2026-01-29,ISS_AAPL-CS,Credit Spread,0.0045000000000000005
2026-01-30,ISS_AAPL-CS,Credit Spread,0.0045000000000000005
2026-01-31,ISS_AAPL-CS,Credit Spread,0.0046
2026-02-02,ISS_AAPL-CS,Credit Spread,0.0045000000000000005
2026-02-03,ISS_AAPL-CS,Credit Spread,0.0045000000000000005
2026-02-04,ISS_AAPL-CS,Credit Spread,0.0046
2026-02-05,ISS_AAPL-CS,Credit Spread,0.004699999999999999
2026-02-06,ISS_AAPL-CS,Credit Spread,0.0048
2026-02-09,ISS_AAPL-CS,Credit Spread,0.0048
2026-02-10,ISS_AAPL-CS,Credit Spread,0.0049
2026-02-11,ISS_AAPL-CS,Credit Spread,0.0048
2026-02-12,ISS_AAPL-CS,Credit Spread,0.0049
2026-02-13,ISS_AAPL-CS,Credit Spread,0.005
2026-02-16,ISS_AAPL-CS,Credit Spread,0.005
2026-02-17,ISS_AAPL-CS,Credit Spread,0.005
2026-02-18,ISS_AAPL-CS,Credit Spread,0.0049
2026-02-19,ISS_AAPL-CS,Credit Spread,0.0049
2026-02-20,ISS_AAPL-CS,Credit Spread,0.0048
2026-02-23,ISS_AAPL-CS,Credit Spread,0.005
2026-02-24,ISS_AAPL-CS,Credit Spread,0.0051
2026-02-25,ISS_AAPL-CS,Credit Spread,0.005
2026-02-26,ISS_AAPL-CS,Credit Spread,0.0051
2026-02-27,ISS_AAPL-CS,Credit Spread,0.0054
2026-02-28,ISS_AAPL-CS,Credit Spread,0.0055000000000000005
2026-03-02,ISS_AAPL-CS,Credit Spread,0.0053
2026-03-03,ISS_AAPL-CS,Credit Spread,0.0053
2026-03-04,ISS_AAPL-CS,Credit Spread,0.0051
2026-03-05,ISS_AAPL-CS,Credit Spread,0.0051
2026-03-06,ISS_AAPL-CS,Credit Spread,0.0053
2026-03-09,ISS_AAPL-CS,Credit Spread,0.0053
2026-03-10,ISS_AAPL-CS,Credit Spread,0.0054
2026-03-11,ISS_AAPL-CS,Credit Spread,0.005600000000000001
2026-03-12,ISS_AAPL-CS,Credit Spread,0.0058
2026-03-13,ISS_AAPL-CS,Credit Spread,0.006
2026-03-16,ISS_AAPL-CS,Credit Spread,0.006
2026-03-17,ISS_AAPL-CS,Credit Spread,0.0058
2026-03-18,ISS_AAPL-CS,Credit Spread,0.005699999999999999
2026-03-19,ISS_AAPL-CS,Credit Spread,0.005600000000000001
2026-03-20,ISS_AAPL-CS,Credit Spread,0.0055000000000000005
2026-03-23,ISS_AAPL-CS,Credit Spread,0.0054
2026-03-24,ISS_AAPL-CS,Credit Spread,0.0054
2026-03-25,ISS_AAPL-CS,Credit Spread,0.0054
2026-03-26,ISS_AAPL-CS,Credit Spread,0.0055000000000000005
2026-03-27,ISS_AAPL-CS,Credit Spread,0.005699999999999999
2026-03-30,ISS_AAPL-CS,Credit Spread,0.0058
2026-03-31,ISS_AAPL-CS,Credit Spread,0.005600000000000001
2026-04-01,ISS_AAPL-CS,Credit Spread,0.0054
2026-04-02,ISS_AAPL-CS,Credit Spread,0.0053
2026-04-03,ISS_AAPL-CS,Credit Spread,0.0053
2026-04-06,ISS_AAPL-CS,Credit Spread,0.0052
2026-04-07,ISS_AAPL-CS,Credit Spread,0.0053
2026-04-08,ISS_AAPL-CS,Credit Spread,0.0051
2026-04-09,ISS_AAPL-CS,Credit Spread,0.0051
2026-04-10,ISS_AAPL-CS,Credit Spread,0.005
2026-04-13,ISS_AAPL-CS,Credit Spread,0.005
2026-04-14,ISS_AAPL-CS,Credit Spread,0.0049
2026-04-15,ISS_AAPL-CS,Credit Spread,0.0049
2026-04-16,ISS_AAPL-CS,Credit Spread,0.0049
2026-04-17,ISS_AAPL-CS,Credit Spread,0.0049
2026-04-20,ISS_AAPL-CS,Credit Spread,0.005
2026-04-21,ISS_AAPL-CS,Credit Spread,0.005
2026-04-22,ISS_AAPL-CS,Credit Spread,0.0049
2026-04-23,ISS_AAPL-CS,Credit Spread,0.0049
2026-04-24,ISS_AAPL-CS,Credit Spread,0.005
2026-04-27,ISS_AAPL-CS,Credit Spread,0.0051
2026-04-28,ISS_AAPL-CS,Credit Spread,0.0051
2026-04-29,ISS_AAPL-CS,Credit Spread,0.0051
2026-04-30,ISS_AAPL-CS,Credit Spread,0.0052
2026-05-01,ISS_AAPL-CS,Credit Spread,0.0052
2026-05-04,ISS_AAPL-CS,Credit Spread,0.0051
2026-05-05,ISS_AAPL-CS,Credit Spread,0.005
2026-05-06,ISS_AAPL-CS,Credit Spread,0.005
2026-05-07,ISS_AAPL-CS,Credit Spread,0.0051
2026-05-08,ISS_AAPL-CS,Credit Spread,0.0051
2026-05-11,ISS_AAPL-CS,Credit Spread,0.0051
2026-05-12,ISS_AAPL-CS,Credit Spread,0.005
2026-05-13,ISS_AAPL-CS,Credit Spread,0.0049
2026-05-14,ISS_AAPL-CS,Credit Spread,0.0048
2026-05-15,ISS_AAPL-CS,Credit Spread,0.004699999999999999
2026-05-18,ISS_AAPL-CS,Credit Spread,0.004699999999999999
2026-05-19,ISS_AAPL-CS,Credit Spread,0.0048
2026-05-20,ISS_AAPL-CS,Credit Spread,0.0048
2026-05-21,ISS_AAPL-CS,Credit Spread,0.004699999999999999
2026-05-22,ISS_AAPL-CS,Credit Spread,0.0046
2026-05-25,ISS_AAPL-CS,Credit Spread,0.0046
2026-05-26,ISS_AAPL-CS,Credit Spread,0.0046
2026-05-27,ISS_AAPL-CS,Credit Spread,0.0046
2026-05-28,ISS_AAPL-CS,Credit Spread,0.0046
2026-05-29,ISS_AAPL-CS,Credit Spread,0.0045000000000000005
2026-05-31,ISS_AAPL-CS,Credit Spread,0.004699999999999999
2026-06-01,ISS_AAPL-CS,Credit Spread,0.004699999999999999
2026-06-02,ISS_AAPL-CS,Credit Spread,0.0048
2026-06-03,ISS_AAPL-CS,Credit Spread,0.0048
2026-06-04,ISS_AAPL-CS,Credit Spread,0.0048
2026-06-05,ISS_AAPL-CS,Credit Spread,0.0048
2026-06-08,ISS_AAPL-CS,Credit Spread,0.0049
2026-06-09,ISS_AAPL-CS,Credit Spread,0.0049
2026-06-10,ISS_AAPL-CS,Credit Spread,0.0049
2026-06-11,ISS_AAPL-CS,Credit Spread,0.0049
2026-06-12,ISS_AAPL-CS,Credit Spread,0.0048
2026-06-15,ISS_AAPL-CS,Credit Spread,0.0048
2026-06-16,ISS_AAPL-CS,Credit Spread,0.005
2026-06-17,ISS_AAPL-CS,Credit Spread,0.005
2026-06-18,ISS_AAPL-CS,Credit Spread,0.005
2026-06-19,ISS_AAPL-CS,Credit Spread,0.005
2026-06-22,ISS_AAPL-CS,Credit Spread,0.005
2026-06-23,ISS_AAPL-CS,Credit Spread,0.005
2026-06-24,ISS_AAPL-CS,Credit Spread,0.0051
2026-06-25,ISS_AAPL-CS,Credit Spread,0.0052
2026-06-26,ISS_AAPL-CS,Credit Spread,0.0053
2026-06-29,ISS_AAPL-CS,Credit Spread,0.0052
2026-06-30,ISS_AAPL-CS,Credit Spread,0.0052
2026-07-01,ISS_AAPL-CS,Credit Spread,0.0052
2026-07-02,ISS_AAPL-CS,Credit Spread,0.0051
2026-07-03,ISS_AAPL-CS,Credit Spread,0.0051
2026-07-06,ISS_AAPL-CS,Credit Spread,0.0051
2026-07-07,ISS_AAPL-CS,Credit Spread,0.0053
2026-07-08,ISS_AAPL-CS,Credit Spread,0.0053
2026-07-09,ISS_AAPL-CS,Credit Spread,0.0054
2026-07-10,ISS_AAPL-CS,Credit Spread,0.0055000000000000005
2026-07-13,ISS_AAPL-CS,Credit Spread,0.005600000000000001
2026-07-14,ISS_AAPL-CS,Credit Spread,0.005600000000000001
2026-07-15,ISS_AAPL-CS,Credit Spread,0.005600000000000001
2026-07-16,ISS_AAPL-CS,Credit Spread,0.0055000000000000005
2026-07-17,ISS_AAPL-CS,Credit Spread,0.005600000000000001
2026-07-20,ISS_AAPL-CS,Credit Spread,0.0055000000000000005
2026-07-21,ISS_AAPL-CS,Credit Spread,0.005600000000000001
2026-07-22,ISS_AAPL-CS,Credit Spread,0.005600000000000001
2026-07-23,ISS_AAPL-CS,Credit Spread,0.005699999999999999
2026-07-24,ISS_AAPL-CS,Credit Spread,0.0059
2026-07-27,ISS_AAPL-CS,Credit Spread,0.006
2026-07-28,ISS_AAPL-CS,Credit Spread,0.0060999999999999995
2026-07-29,ISS_AAPL-CS,Credit Spread,0.006
2026-07-30,ISS_AAPL-CS,Credit Spread,0.0059
2026-07-31,ISS_AAPL-CS,Credit Spread,0.0058
2026-08-03,ISS_AAPL-CS,Credit Spread,0.005699999999999999
2026-08-04,ISS_AAPL-CS,Credit Spread,0.005600000000000001
2026-08-05,ISS_AAPL-CS,Credit Spread,0.005600000000000001
2026-08-06,ISS_AAPL-CS,Credit Spread,0.005699999999999999
2026-08-07,ISS_AAPL-CS,Credit Spread,0.005699999999999999
2026-08-10,ISS_AAPL-CS,Credit Spread,0.0058
2026-08-11,ISS_AAPL-CS,Credit Spread,0.0059
2026-08-12,ISS_AAPL-CS,Credit Spread,0.0058
2026-08-13,ISS_AAPL-CS,Credit Spread,0.0058
2026-08-14,ISS_AAPL-CS,Credit Spread,0.0059
2026-08-17,ISS_AAPL-CS,Credit Spread,0.0059
2026-08-18,ISS_AAPL-CS,Credit Spread,0.006
2026-08-19,ISS_AAPL-CS,Credit Spread,0.006
2026-08-20,ISS_AAPL-CS,Credit Spread,0.0060999999999999995
2026-08-21,ISS_AAPL-CS,Credit Spread,0.006
2026-08-24,ISS_AAPL-CS,Credit Spread,0.0060999999999999995
2026-08-25,ISS_AAPL-CS,Credit Spread,0.006
2026-08-26,ISS_AAPL-CS,Credit Spread,0.0059
2026-08-27,ISS_AAPL-CS,Credit Spread,0.0059
2026-08-28,ISS_AAPL-CS,Credit Spread,0.0058
2026-08-31,ISS_AAPL-CS,Credit Spread,0.0059
2026-09-01,ISS_AAPL-CS,Credit Spread,0.006
2026-09-02,ISS_AAPL-CS,Credit Spread,0.0060999999999999995
2026-09-03,ISS_AAPL-CS,Credit Spread,0.0060999999999999995
2024-09-04,ISS_BAC-CS,Credit Spread,0.0083
2024-09-05,ISS_BAC-CS,Credit Spread,0.0083
2024-09-06,ISS_BAC-CS,Credit Spread,0.0084
2024-09-09,ISS_BAC-CS,Credit Spread,0.0083
2024-09-10,ISS_BAC-CS,Credit Spread,0.0084
2024-09-11,ISS_BAC-CS,Credit Spread,0.0084
2024-09-12,ISS_BAC-CS,Credit Spread,0.0083
2024-09-13,ISS_BAC-CS,Credit Spread,0.0083
2024-09-16,ISS_BAC-CS,Credit Spread,0.008199999999999999
2024-09-17,ISS_BAC-CS,Credit Spread,0.008100000000000001
2024-09-18,ISS_BAC-CS,Credit Spread,0.008
2024-09-19,ISS_BAC-CS,Credit Spread,0.0077
2024-09-20,ISS_BAC-CS,Credit Spread,0.0077
2024-09-23,ISS_BAC-CS,Credit Spread,0.0076
2024-09-24,ISS_BAC-CS,Credit Spread,0.0076
2024-09-25,ISS_BAC-CS,Credit Spread,0.0076
2024-09-26,ISS_BAC-CS,Credit Spread,0.0076
2024-09-27,ISS_BAC-CS,Credit Spread,0.0076
2024-09-30,ISS_BAC-CS,Credit Spread,0.0076
2024-10-01,ISS_BAC-CS,Credit Spread,0.0076
2024-10-02,ISS_BAC-CS,Credit Spread,0.0075
2024-10-03,ISS_BAC-CS,Credit Spread,0.0074
2024-10-04,ISS_BAC-CS,Credit Spread,0.0070999999999999995
2024-10-07,ISS_BAC-CS,Credit Spread,0.0070999999999999995
2024-10-08,ISS_BAC-CS,Credit Spread,0.0070999999999999995
2024-10-09,ISS_BAC-CS,Credit Spread,0.006999999999999999
2024-10-10,ISS_BAC-CS,Credit Spread,0.0069
2024-10-11,ISS_BAC-CS,Credit Spread,0.0069
2024-10-14,ISS_BAC-CS,Credit Spread,0.0069
2024-10-15,ISS_BAC-CS,Credit Spread,0.0069
2024-10-16,ISS_BAC-CS,Credit Spread,0.0068000000000000005
2024-10-17,ISS_BAC-CS,Credit Spread,0.0068000000000000005
2024-10-18,ISS_BAC-CS,Credit Spread,0.0068000000000000005
2024-10-21,ISS_BAC-CS,Credit Spread,0.006999999999999999
2024-10-22,ISS_BAC-CS,Credit Spread,0.0070999999999999995
2024-10-23,ISS_BAC-CS,Credit Spread,0.0070999999999999995
2024-10-24,ISS_BAC-CS,Credit Spread,0.0070999999999999995
2024-10-25,ISS_BAC-CS,Credit Spread,0.006999999999999999
2024-10-28,ISS_BAC-CS,Credit Spread,0.006999999999999999
2024-10-29,ISS_BAC-CS,Credit Spread,0.006999999999999999
2024-10-30,ISS_BAC-CS,Credit Spread,0.006999999999999999
2024-10-31,ISS_BAC-CS,Credit Spread,0.0070999999999999995
2024-11-01,ISS_BAC-CS,Credit Spread,0.0070999999999999995
2024-11-04,ISS_BAC-CS,Credit Spread,0.0070999999999999995
2024-11-05,ISS_BAC-CS,Credit Spread,0.006999999999999999
2024-11-06,ISS_BAC-CS,Credit Spread,0.0066
2024-11-07,ISS_BAC-CS,Credit Spread,0.0064
2024-11-08,ISS_BAC-CS,Credit Spread,0.0063
2024-11-11,ISS_BAC-CS,Credit Spread,0.0063
2024-11-12,ISS_BAC-CS,Credit Spread,0.0063
2024-11-13,ISS_BAC-CS,Credit Spread,0.006500000000000001
2024-11-14,ISS_BAC-CS,Credit Spread,0.0066
2024-11-15,ISS_BAC-CS,Credit Spread,0.0067
2024-11-18,ISS_BAC-CS,Credit Spread,0.0066
2024-11-19,ISS_BAC-CS,Credit Spread,0.0066
2024-11-20,ISS_BAC-CS,Credit Spread,0.0067
2024-11-21,ISS_BAC-CS,Credit Spread,0.0067
2024-11-22,ISS_BAC-CS,Credit Spread,0.0067
2024-11-25,ISS_BAC-CS,Credit Spread,0.0067
2024-11-26,ISS_BAC-CS,Credit Spread,0.0068000000000000005
2024-11-27,ISS_BAC-CS,Credit Spread,0.0069
2024-11-28,ISS_BAC-CS,Credit Spread,0.0069
2024-11-29,ISS_BAC-CS,Credit Spread,0.0068000000000000005
2024-11-30,ISS_BAC-CS,Credit Spread,0.0069
2024-12-02,ISS_BAC-CS,Credit Spread,0.0068000000000000005
2024-12-03,ISS_BAC-CS,Credit Spread,0.0067
2024-12-04,ISS_BAC-CS,Credit Spread,0.0067
2024-12-05,ISS_BAC-CS,Credit Spread,0.0067
2024-12-06,ISS_BAC-CS,Credit Spread,0.0068000000000000005
2024-12-09,ISS_BAC-CS,Credit Spread,0.0067
2024-12-10,ISS_BAC-CS,Credit Spread,0.0066
2024-12-11,ISS_BAC-CS,Credit Spread,0.006500000000000001
2024-12-12,ISS_BAC-CS,Credit Spread,0.0066
2024-12-13,ISS_BAC-CS,Credit Spread,0.006500000000000001
2024-12-16,ISS_BAC-CS,Credit Spread,0.006500000000000001
2024-12-17,ISS_BAC-CS,Credit Spread,0.0066
2024-12-18,ISS_BAC-CS,Credit Spread,0.0066
2024-12-19,ISS_BAC-CS,Credit Spread,0.0069
2024-12-20,ISS_BAC-CS,Credit Spread,0.0069
2024-12-23,ISS_BAC-CS,Credit Spread,0.0069
2024-12-24,ISS_BAC-CS,Credit Spread,0.0069
2024-12-26,ISS_BAC-CS,Credit Spread,0.0068000000000000005
2024-12-27,ISS_BAC-CS,Credit Spread,0.0068000000000000005
2024-12-30,ISS_BAC-CS,Credit Spread,0.0069
2024-12-31,ISS_BAC-CS,Credit Spread,0.0069
2025-01-02,ISS_BAC-CS,Credit Spread,0.006999999999999999
2025-01-03,ISS_BAC-CS,Credit Spread,0.006999999999999999
2025-01-06,ISS_BAC-CS,Credit Spread,0.0070999999999999995
2025-01-07,ISS_BAC-CS,Credit Spread,0.0070999999999999995
2025-01-08,ISS_BAC-CS,Credit Spread,0.006999999999999999
2025-01-09,ISS_BAC-CS,Credit Spread,0.006999999999999999
2025-01-10,ISS_BAC-CS,Credit Spread,0.006999999999999999
2025-01-13,ISS_BAC-CS,Credit Spread,0.0070999999999999995
2025-01-14,ISS_BAC-CS,Credit Spread,0.0070999999999999995
2025-01-15,ISS_BAC-CS,Credit Spread,0.0069
2025-01-16,ISS_BAC-CS,Credit Spread,0.006999999999999999
2025-01-17,ISS_BAC-CS,Credit Spread,0.0069
2025-01-20,ISS_BAC-CS,Credit Spread,0.0069
2025-01-21,ISS_BAC-CS,Credit Spread,0.0068000000000000005
2025-01-22,ISS_BAC-CS,Credit Spread,0.0068000000000000005
2025-01-23,ISS_BAC-CS,Credit Spread,0.0067
2025-01-24,ISS_BAC-CS,Credit Spread,0.0067
2025-01-27,ISS_BAC-CS,Credit Spread,0.0068000000000000005
2025-01-28,ISS_BAC-CS,Credit Spread,0.0067
2025-01-29,ISS_BAC-CS,Credit Spread,0.0068000000000000005
2025-01-30,ISS_BAC-CS,Credit Spread,0.0068000000000000005
2025-01-31,ISS_BAC-CS,Credit Spread,0.0069
2025-02-03,ISS_BAC-CS,Credit Spread,0.006999999999999999
2025-02-04,ISS_BAC-CS,Credit Spread,0.0069
2025-02-05,ISS_BAC-CS,Credit Spread,0.006999999999999999
2025-02-06,ISS_BAC-CS,Credit Spread,0.006999999999999999
2025-02-07,ISS_BAC-CS,Credit Spread,0.0070999999999999995
2025-02-10,ISS_BAC-CS,Credit Spread,0.0070999999999999995
2025-02-11,ISS_BAC-CS,Credit Spread,0.006999999999999999
2025-02-12,ISS_BAC-CS,Credit Spread,0.0068000000000000005
2025-02-13,ISS_BAC-CS,Credit Spread,0.0068000000000000005
2025-02-14,ISS_BAC-CS,Credit Spread,0.0067
2025-02-17,ISS_BAC-CS,Credit Spread,0.0067
2025-02-18,ISS_BAC-CS,Credit Spread,0.0066
2025-02-19,ISS_BAC-CS,Credit Spread,0.0066
2025-02-20,ISS_BAC-CS,Credit Spread,0.0067
2025-02-21,ISS_BAC-CS,Credit Spread,0.0068000000000000005
2025-02-24,ISS_BAC-CS,Credit Spread,0.0068000000000000005
2025-02-25,ISS_BAC-CS,Credit Spread,0.006999999999999999
2025-02-26,ISS_BAC-CS,Credit Spread,0.0070999999999999995
2025-02-27,ISS_BAC-CS,Credit Spread,0.0072
2025-02-28,ISS_BAC-CS,Credit Spread,0.0075
2025-03-03,ISS_BAC-CS,Credit Spread,0.0075
2025-03-04,ISS_BAC-CS,Credit Spread,0.0075
2025-03-05,ISS_BAC-CS,Credit Spread,0.0073
2025-03-06,ISS_BAC-CS,Credit Spread,0.0074
2025-03-07,ISS_BAC-CS,Credit Spread,0.0075
2025-03-10,ISS_BAC-CS,Credit Spread,0.0077
2025-03-11,ISS_BAC-CS,Credit Spread,0.008
2025-03-12,ISS_BAC-CS,Credit Spread,0.008100000000000001
2025-03-13,ISS_BAC-CS,Credit Spread,0.0083
2025-03-14,ISS_BAC-CS,Credit Spread,0.008
2025-03-17,ISS_BAC-CS,Credit Spread,0.0079
2025-03-18,ISS_BAC-CS,Credit Spread,0.0078000000000000005
2025-03-19,ISS_BAC-CS,Credit Spread,0.0076
2025-03-20,ISS_BAC-CS,Credit Spread,0.0076
2025-03-21,ISS_BAC-CS,Credit Spread,0.0077
2025-03-24,ISS_BAC-CS,Credit Spread,0.0076
2025-03-25,ISS_BAC-CS,Credit Spread,0.0075
2025-03-26,ISS_BAC-CS,Credit Spread,0.0076
2025-03-27,ISS_BAC-CS,Credit Spread,0.0077
2025-03-28,ISS_BAC-CS,Credit Spread,0.0079
2025-03-31,ISS_BAC-CS,Credit Spread,0.008100000000000001
2025-04-01,ISS_BAC-CS,Credit Spread,0.008199999999999999
2025-04-02,ISS_BAC-CS,Credit Spread,0.008100000000000001
2025-04-03,ISS_BAC-CS,Credit Spread,0.0089
2025-04-04,ISS_BAC-CS,Credit Spread,0.0097
2025-04-07,ISS_BAC-CS,Credit Spread,0.0102
2025-04-08,ISS_BAC-CS,Credit Spread,0.01
2025-04-09,ISS_BAC-CS,Credit Spread,0.0102
2025-04-10,ISS_BAC-CS,Credit Spread,0.009899999999999999
2025-04-11,ISS_BAC-CS,Credit Spread,0.009899999999999999
2025-04-14,ISS_BAC-CS,Credit Spread,0.0096
2025-04-15,ISS_BAC-CS,Credit Spread,0.0095
2025-04-16,ISS_BAC-CS,Credit Spread,0.0095
2025-04-17,ISS_BAC-CS,Credit Spread,0.009300000000000001
2025-04-21,ISS_BAC-CS,Credit Spread,0.009399999999999999
2025-04-22,ISS_BAC-CS,Credit Spread,0.009300000000000001
2025-04-23,ISS_BAC-CS,Credit Spread,0.009000000000000001
2025-04-24,ISS_BAC-CS,Credit Spread,0.0088
2025-04-25,ISS_BAC-CS,Credit Spread,0.0086
2025-04-28,ISS_BAC-CS,Credit Spread,0.0086
2025-04-29,ISS_BAC-CS,Credit Spread,0.0087
2025-04-30,ISS_BAC-CS,Credit Spread,0.009000000000000001
2025-05-01,ISS_BAC-CS,Credit Spread,0.0091
2025-05-02,ISS_BAC-CS,Credit Spread,0.0088
2025-05-05,ISS_BAC-CS,Credit Spread,0.0087
2025-05-06,ISS_BAC-CS,Credit Spread,0.0087
2025-05-07,ISS_BAC-CS,Credit Spread,0.0087
2025-05-08,ISS_BAC-CS,Credit Spread,0.0084
2025-05-09,ISS_BAC-CS,Credit Spread,0.0084
2025-05-12,ISS_BAC-CS,Credit Spread,0.008
2025-05-13,ISS_BAC-CS,Credit Spread,0.0078000000000000005
2025-05-14,ISS_BAC-CS,Credit Spread,0.0077
2025-05-15,ISS_BAC-CS,Credit Spread,0.0078000000000000005
2025-05-16,ISS_BAC-CS,Credit Spread,0.0077
2025-05-19,ISS_BAC-CS,Credit Spread,0.0076
2025-05-20,ISS_BAC-CS,Credit Spread,0.0075
2025-05-21,ISS_BAC-CS,Credit Spread,0.0075
2025-05-22,ISS_BAC-CS,Credit Spread,0.0076
2025-05-23,ISS_BAC-CS,Credit Spread,0.0077
2025-05-26,ISS_BAC-CS,Credit Spread,0.0077
2025-05-27,ISS_BAC-CS,Credit Spread,0.0075
2025-05-28,ISS_BAC-CS,Credit Spread,0.0075
2025-05-29,ISS_BAC-CS,Credit Spread,0.0075
2025-05-30,ISS_BAC-CS,Credit Spread,0.0076
2025-05-31,ISS_BAC-CS,Credit Spread,0.0077
2025-06-02,ISS_BAC-CS,Credit Spread,0.0076
2025-06-03,ISS_BAC-CS,Credit Spread,0.0074
2025-06-04,ISS_BAC-CS,Credit Spread,0.0074
2025-06-05,ISS_BAC-CS,Credit Spread,0.0075
2025-06-06,ISS_BAC-CS,Credit Spread,0.0073
2025-06-09,ISS_BAC-CS,Credit Spread,0.0072
2025-06-10,ISS_BAC-CS,Credit Spread,0.0073
2025-06-11,ISS_BAC-CS,Credit Spread,0.0073
2025-06-12,ISS_BAC-CS,Credit Spread,0.0073
2025-06-13,ISS_BAC-CS,Credit Spread,0.0074
2025-06-16,ISS_BAC-CS,Credit Spread,0.0073
2025-06-17,ISS_BAC-CS,Credit Spread,0.0074
2025-06-18,ISS_BAC-CS,Credit Spread,0.0074
2025-06-19,ISS_BAC-CS,Credit Spread,0.0074
2025-06-20,ISS_BAC-CS,Credit Spread,0.0074
2025-06-23,ISS_BAC-CS,Credit Spread,0.0075
2025-06-24,ISS_BAC-CS,Credit Spread,0.0074
2025-06-25,ISS_BAC-CS,Credit Spread,0.0074
2025-06-26,ISS_BAC-CS,Credit Spread,0.0074
2025-06-27,ISS_BAC-CS,Credit Spread,0.0074
2025-06-30,ISS_BAC-CS,Credit Spread,0.0073
2025-07-01,ISS_BAC-CS,Credit Spread,0.0070999999999999995
2025-07-02,ISS_BAC-CS,Credit Spread,0.0069
2025-07-03,ISS_BAC-CS,Credit Spread,0.0067
2025-07-04,ISS_BAC-CS,Credit Spread,0.0067
2025-07-07,ISS_BAC-CS,Credit Spread,0.0068000000000000005
2025-07-08,ISS_BAC-CS,Credit Spread,0.0069
2025-07-09,ISS_BAC-CS,Credit Spread,0.006999999999999999
2025-07-10,ISS_BAC-CS,Credit Spread,0.006999999999999999
2025-07-11,ISS_BAC-CS,Credit Spread,0.0069
2025-07-14,ISS_BAC-CS,Credit Spread,0.0069
2025-07-15,ISS_BAC-CS,Credit Spread,0.0068000000000000005
2025-07-16,ISS_BAC-CS,Credit Spread,0.0067
2025-07-17,ISS_BAC-CS,Credit Spread,0.0066
2025-07-18,ISS_BAC-CS,Credit Spread,0.0066
2025-07-21,ISS_BAC-CS,Credit Spread,0.0066
2025-07-22,ISS_BAC-CS,Credit Spread,0.0067
2025-07-23,ISS_BAC-CS,Credit Spread,0.0066
2025-07-24,ISS_BAC-CS,Credit Spread,0.006500000000000001
2025-07-25,ISS_BAC-CS,Credit Spread,0.0064
2025-07-28,ISS_BAC-CS,Credit Spread,0.0064
2025-07-29,ISS_BAC-CS,Credit Spread,0.006500000000000001
2025-07-30,ISS_BAC-CS,Credit Spread,0.006500000000000001
2025-07-31,ISS_BAC-CS,Credit Spread,0.006500000000000001
2025-08-01,ISS_BAC-CS,Credit Spread,0.0068000000000000005
2025-08-04,ISS_BAC-CS,Credit Spread,0.0069
2025-08-05,ISS_BAC-CS,Credit Spread,0.0068000000000000005
2025-08-06,ISS_BAC-CS,Credit Spread,0.0067
2025-08-07,ISS_BAC-CS,Credit Spread,0.0067
2025-08-08,ISS_BAC-CS,Credit Spread,0.0067
2025-08-11,ISS_BAC-CS,Credit Spread,0.0067
2025-08-12,ISS_BAC-CS,Credit Spread,0.006500000000000001
2025-08-13,ISS_BAC-CS,Credit Spread,0.0064
2025-08-14,ISS_BAC-CS,Credit Spread,0.0063
2025-08-15,ISS_BAC-CS,Credit Spread,0.0062
2025-08-18,ISS_BAC-CS,Credit Spread,0.0062
2025-08-19,ISS_BAC-CS,Credit Spread,0.0063
2025-08-20,ISS_BAC-CS,Credit Spread,0.0064
2025-08-21,ISS_BAC-CS,Credit Spread,0.0064
2025-08-22,ISS_BAC-CS,Credit Spread,0.0064
2025-08-25,ISS_BAC-CS,Credit Spread,0.0063
2025-08-26,ISS_BAC-CS,Credit Spread,0.0064
2025-08-27,ISS_BAC-CS,Credit Spread,0.006500000000000001
2025-08-28,ISS_BAC-CS,Credit Spread,0.006500000000000001
2025-08-29,ISS_BAC-CS,Credit Spread,0.0067
2025-08-31,ISS_BAC-CS,Credit Spread,0.0068000000000000005
2025-09-01,ISS_BAC-CS,Credit Spread,0.0068000000000000005
2025-09-02,ISS_BAC-CS,Credit Spread,0.0068000000000000005
2025-09-03,ISS_BAC-CS,Credit Spread,0.0067
2025-09-04,ISS_BAC-CS,Credit Spread,0.0066
2025-09-05,ISS_BAC-CS,Credit Spread,0.0066
2025-09-08,ISS_BAC-CS,Credit Spread,0.0066
2025-09-09,ISS_BAC-CS,Credit Spread,0.0066
2025-09-10,ISS_BAC-CS,Credit Spread,0.006500000000000001
2025-09-11,ISS_BAC-CS,Credit Spread,0.0064
2025-09-12,ISS_BAC-CS,Credit Spread,0.0063
2025-09-15,ISS_BAC-CS,Credit Spread,0.0062
2025-09-16,ISS_BAC-CS,Credit Spread,0.0063
2025-09-17,ISS_BAC-CS,Credit Spread,0.0063
2025-09-18,ISS_BAC-CS,Credit Spread,0.0062
2025-09-19,ISS_BAC-CS,Credit Spread,0.0060999999999999995
2025-09-22,ISS_BAC-CS,Credit Spread,0.0060999999999999995
2025-09-23,ISS_BAC-CS,Credit Spread,0.0062
2025-09-24,ISS_BAC-CS,Credit Spread,0.0063
2025-09-25,ISS_BAC-CS,Credit Spread,0.0063
2025-09-26,ISS_BAC-CS,Credit Spread,0.0062
2025-09-29,ISS_BAC-CS,Credit Spread,0.0062
2025-09-30,ISS_BAC-CS,Credit Spread,0.0063
2025-10-01,ISS_BAC-CS,Credit Spread,0.0063
2025-10-02,ISS_BAC-CS,Credit Spread,0.0062
2025-10-03,ISS_BAC-CS,Credit Spread,0.0060999999999999995
2025-10-06,ISS_BAC-CS,Credit Spread,0.0060999999999999995
2025-10-07,ISS_BAC-CS,Credit Spread,0.0062
2025-10-08,ISS_BAC-CS,Credit Spread,0.0062
2025-10-09,ISS_BAC-CS,Credit Spread,0.0063
2025-10-10,ISS_BAC-CS,Credit Spread,0.0066
2025-10-13,ISS_BAC-CS,Credit Spread,0.0066
2025-10-14,ISS_BAC-CS,Credit Spread,0.0066
2025-10-15,ISS_BAC-CS,Credit Spread,0.0064
2025-10-16,ISS_BAC-CS,Credit Spread,0.006500000000000001
2025-10-17,ISS_BAC-CS,Credit Spread,0.006500000000000001
2025-10-20,ISS_BAC-CS,Credit Spread,0.0064
2025-10-21,ISS_BAC-CS,Credit Spread,0.006500000000000001
2025-10-22,ISS_BAC-CS,Credit Spread,0.0066
2025-10-23,ISS_BAC-CS,Credit Spread,0.0064
2025-10-24,ISS_BAC-CS,Credit Spread,0.0063
2025-10-27,ISS_BAC-CS,Credit Spread,0.0062
2025-10-28,ISS_BAC-CS,Credit Spread,0.0062
2025-10-29,ISS_BAC-CS,Credit Spread,0.0060999999999999995
2025-10-30,ISS_BAC-CS,Credit Spread,0.0063
2025-10-31,ISS_BAC-CS,Credit Spread,0.0066
2025-11-03,ISS_BAC-CS,Credit Spread,0.0068000000000000005
2025-11-04,ISS_BAC-CS,Credit Spread,0.0068000000000000005
2025-11-05,ISS_BAC-CS,Credit Spread,0.0066
2025-11-06,ISS_BAC-CS,Credit Spread,0.0067
2025-11-07,ISS_BAC-CS,Credit Spread,0.0069
2025-11-10,ISS_BAC-CS,Credit Spread,0.0068000000000000005
2025-11-11,ISS_BAC-CS,Credit Spread,0.0068000000000000005
2025-11-12,ISS_BAC-CS,Credit Spread,0.0068000000000000005
2025-11-13,ISS_BAC-CS,Credit Spread,0.0069
2025-11-14,ISS_BAC-CS,Credit Spread,0.0068000000000000005
2025-11-17,ISS_BAC-CS,Credit Spread,0.0069
2025-11-18,ISS_BAC-CS,Credit Spread,0.0069
2025-11-19,ISS_BAC-CS,Credit Spread,0.0069
2025-11-20,ISS_BAC-CS,Credit Spread,0.006999999999999999
2025-11-21,ISS_BAC-CS,Credit Spread,0.006999999999999999
2025-11-24,ISS_BAC-CS,Credit Spread,0.0069
2025-11-25,ISS_BAC-CS,Credit Spread,0.0068000000000000005
2025-11-26,ISS_BAC-CS,Credit Spread,0.0067
2025-11-27,ISS_BAC-CS,Credit Spread,0.0067
2025-11-28,ISS_BAC-CS,Credit Spread,0.0066
2025-11-30,ISS_BAC-CS,Credit Spread,0.0067
2025-12-01,ISS_BAC-CS,Credit Spread,0.0067
2025-12-02,ISS_BAC-CS,Credit Spread,0.0066
2025-12-03,ISS_BAC-CS,Credit Spread,0.0066
2025-12-04,ISS_BAC-CS,Credit Spread,0.006500000000000001
2025-12-05,ISS_BAC-CS,Credit Spread,0.0064
2025-12-08,ISS_BAC-CS,Credit Spread,0.0064
2025-12-09,ISS_BAC-CS,Credit Spread,0.0064
2025-12-10,ISS_BAC-CS,Credit Spread,0.0064
2025-12-11,ISS_BAC-CS,Credit Spread,0.0064
2025-12-12,ISS_BAC-CS,Credit Spread,0.006500000000000001
2025-12-15,ISS_BAC-CS,Credit Spread,0.006500000000000001
2025-12-16,ISS_BAC-CS,Credit Spread,0.0066
2025-12-17,ISS_BAC-CS,Credit Spread,0.0066
2025-12-18,ISS_BAC-CS,Credit Spread,0.0066
2025-12-19,ISS_BAC-CS,Credit Spread,0.0066
2025-12-22,ISS_BAC-CS,Credit Spread,0.006500000000000001
2025-12-23,ISS_BAC-CS,Credit Spread,0.006500000000000001
2025-12-24,ISS_BAC-CS,Credit Spread,0.0064
2025-12-26,ISS_BAC-CS,Credit Spread,0.0064
2025-12-29,ISS_BAC-CS,Credit Spread,0.0064
2025-12-30,ISS_BAC-CS,Credit Spread,0.006500000000000001
2025-12-31,ISS_BAC-CS,Credit Spread,0.006500000000000001
2026-01-02,ISS_BAC-CS,Credit Spread,0.006500000000000001
2026-01-05,ISS_BAC-CS,Credit Spread,0.006500000000000001
2026-01-06,ISS_BAC-CS,Credit Spread,0.0064
2026-01-07,ISS_BAC-CS,Credit Spread,0.006500000000000001
2026-01-08,ISS_BAC-CS,Credit Spread,0.006500000000000001
2026-01-09,ISS_BAC-CS,Credit Spread,0.0064
2026-01-12,ISS_BAC-CS,Credit Spread,0.0064
2026-01-13,ISS_BAC-CS,Credit Spread,0.0063
2026-01-14,ISS_BAC-CS,Credit Spread,0.0063
2026-01-15,ISS_BAC-CS,Credit Spread,0.0062
2026-01-16,ISS_BAC-CS,Credit Spread,0.0062
2026-01-19,ISS_BAC-CS,Credit Spread,0.0060999999999999995
2026-01-20,ISS_BAC-CS,Credit Spread,0.0062
2026-01-21,ISS_BAC-CS,Credit Spread,0.006
2026-01-22,ISS_BAC-CS,Credit Spread,0.0059
2026-01-23,ISS_BAC-CS,Credit Spread,0.006
2026-01-26,ISS_BAC-CS,Credit Spread,0.006
2026-01-27,ISS_BAC-CS,Credit Spread,0.006
2026-01-28,ISS_BAC-CS,Credit Spread,0.0059
2026-01-29,ISS_BAC-CS,Credit Spread,0.006
2026-01-30,ISS_BAC-CS,Credit Spread,0.006
2026-01-31,ISS_BAC-CS,Credit Spread,0.0060999999999999995
2026-02-02,ISS_BAC-CS,Credit Spread,0.006
2026-02-03,ISS_BAC-CS,Credit Spread,0.006
2026-02-04,ISS_BAC-CS,Credit Spread,0.0060999999999999995
2026-02-05,ISS_BAC-CS,Credit Spread,0.0062
2026-02-06,ISS_BAC-CS,Credit Spread,0.0062
2026-02-09,ISS_BAC-CS,Credit Spread,0.0062
2026-02-10,ISS_BAC-CS,Credit Spread,0.0063
2026-02-11,ISS_BAC-CS,Credit Spread,0.0063
2026-02-12,ISS_BAC-CS,Credit Spread,0.0063
2026-02-13,ISS_BAC-CS,Credit Spread,0.006500000000000001
2026-02-16,ISS_BAC-CS,Credit Spread,0.006500000000000001
2026-02-17,ISS_BAC-CS,Credit Spread,0.006500000000000001
2026-02-18,ISS_BAC-CS,Credit Spread,0.0064
2026-02-19,ISS_BAC-CS,Credit Spread,0.0064
2026-02-20,ISS_BAC-CS,Credit Spread,0.0063
2026-02-23,ISS_BAC-CS,Credit Spread,0.006500000000000001
2026-02-24,ISS_BAC-CS,Credit Spread,0.0066
2026-02-25,ISS_BAC-CS,Credit Spread,0.0066
2026-02-26,ISS_BAC-CS,Credit Spread,0.0068000000000000005
2026-02-27,ISS_BAC-CS,Credit Spread,0.0070999999999999995
2026-02-28,ISS_BAC-CS,Credit Spread,0.0070999999999999995
2026-03-02,ISS_BAC-CS,Credit Spread,0.006999999999999999
2026-03-03,ISS_BAC-CS,Credit Spread,0.0069
2026-03-04,ISS_BAC-CS,Credit Spread,0.0067
2026-03-05,ISS_BAC-CS,Credit Spread,0.0068000000000000005
2026-03-06,ISS_BAC-CS,Credit Spread,0.0069
2026-03-09,ISS_BAC-CS,Credit Spread,0.006999999999999999
2026-03-10,ISS_BAC-CS,Credit Spread,0.0069
2026-03-11,ISS_BAC-CS,Credit Spread,0.0073
2026-03-12,ISS_BAC-CS,Credit Spread,0.0076
2026-03-13,ISS_BAC-CS,Credit Spread,0.0078000000000000005
2026-03-16,ISS_BAC-CS,Credit Spread,0.0079
2026-03-17,ISS_BAC-CS,Credit Spread,0.0077
2026-03-18,ISS_BAC-CS,Credit Spread,0.0076
2026-03-19,ISS_BAC-CS,Credit Spread,0.0075
2026-03-20,ISS_BAC-CS,Credit Spread,0.0073
2026-03-23,ISS_BAC-CS,Credit Spread,0.0073
2026-03-24,ISS_BAC-CS,Credit Spread,0.0072
2026-03-25,ISS_BAC-CS,Credit Spread,0.0072
2026-03-26,ISS_BAC-CS,Credit Spread,0.0073
2026-03-27,ISS_BAC-CS,Credit Spread,0.0076
2026-03-30,ISS_BAC-CS,Credit Spread,0.0077
2026-03-31,ISS_BAC-CS,Credit Spread,0.0075
2026-04-01,ISS_BAC-CS,Credit Spread,0.0073
2026-04-02,ISS_BAC-CS,Credit Spread,0.0070999999999999995
2026-04-03,ISS_BAC-CS,Credit Spread,0.0072
2026-04-06,ISS_BAC-CS,Credit Spread,0.006999999999999999
2026-04-07,ISS_BAC-CS,Credit Spread,0.0070999999999999995
2026-04-08,ISS_BAC-CS,Credit Spread,0.0069
2026-04-09,ISS_BAC-CS,Credit Spread,0.0068000000000000005
2026-04-10,ISS_BAC-CS,Credit Spread,0.0068000000000000005
2026-04-13,ISS_BAC-CS,Credit Spread,0.0068000000000000005
2026-04-14,ISS_BAC-CS,Credit Spread,0.0067
2026-04-15,ISS_BAC-CS,Credit Spread,0.0066
2026-04-16,ISS_BAC-CS,Credit Spread,0.0067
2026-04-17,ISS_BAC-CS,Credit Spread,0.0067
2026-04-20,ISS_BAC-CS,Credit Spread,0.0067
2026-04-21,ISS_BAC-CS,Credit Spread,0.0067
2026-04-22,ISS_BAC-CS,Credit Spread,0.0066
2026-04-23,ISS_BAC-CS,Credit Spread,0.0066
2026-04-24,ISS_BAC-CS,Credit Spread,0.0067
2026-04-27,ISS_BAC-CS,Credit Spread,0.0067
2026-04-28,ISS_BAC-CS,Credit Spread,0.0068000000000000005
2026-04-29,ISS_BAC-CS,Credit Spread,0.0067
2026-04-30,ISS_BAC-CS,Credit Spread,0.0068000000000000005
2026-05-01,ISS_BAC-CS,Credit Spread,0.0067
2026-05-04,ISS_BAC-CS,Credit Spread,0.0067
2026-05-05,ISS_BAC-CS,Credit Spread,0.006500000000000001
2026-05-06,ISS_BAC-CS,Credit Spread,0.006500000000000001
2026-05-07,ISS_BAC-CS,Credit Spread,0.0066
2026-05-08,ISS_BAC-CS,Credit Spread,0.0066
2026-05-11,ISS_BAC-CS,Credit Spread,0.006500000000000001
2026-05-12,ISS_BAC-CS,Credit Spread,0.0064
2026-05-13,ISS_BAC-CS,Credit Spread,0.0063
2026-05-14,ISS_BAC-CS,Credit Spread,0.0063
2026-05-15,ISS_BAC-CS,Credit Spread,0.0062
2026-05-18,ISS_BAC-CS,Credit Spread,0.0062
2026-05-19,ISS_BAC-CS,Credit Spread,0.0063
2026-05-20,ISS_BAC-CS,Credit Spread,0.0063
2026-05-21,ISS_BAC-CS,Credit Spread,0.0062
2026-05-22,ISS_BAC-CS,Credit Spread,0.0060999999999999995
2026-05-25,ISS_BAC-CS,Credit Spread,0.0060999999999999995
2026-05-26,ISS_BAC-CS,Credit Spread,0.0060999999999999995
2026-05-27,ISS_BAC-CS,Credit Spread,0.0060999999999999995
2026-05-28,ISS_BAC-CS,Credit Spread,0.0060999999999999995
2026-05-29,ISS_BAC-CS,Credit Spread,0.0060999999999999995
2026-05-31,ISS_BAC-CS,Credit Spread,0.0062
2026-06-01,ISS_BAC-CS,Credit Spread,0.0060999999999999995
2026-06-02,ISS_BAC-CS,Credit Spread,0.0062
2026-06-03,ISS_BAC-CS,Credit Spread,0.0062
2026-06-04,ISS_BAC-CS,Credit Spread,0.0062
2026-06-05,ISS_BAC-CS,Credit Spread,0.0063
2026-06-08,ISS_BAC-CS,Credit Spread,0.0063
2026-06-09,ISS_BAC-CS,Credit Spread,0.0063
2026-06-10,ISS_BAC-CS,Credit Spread,0.0063
2026-06-11,ISS_BAC-CS,Credit Spread,0.0063
2026-06-12,ISS_BAC-CS,Credit Spread,0.0062
2026-06-15,ISS_BAC-CS,Credit Spread,0.0060999999999999995
2026-06-16,ISS_BAC-CS,Credit Spread,0.0063
2026-06-17,ISS_BAC-CS,Credit Spread,0.0062
2026-06-18,ISS_BAC-CS,Credit Spread,0.0062
2026-06-19,ISS_BAC-CS,Credit Spread,0.0062
2026-06-22,ISS_BAC-CS,Credit Spread,0.0062
2026-06-23,ISS_BAC-CS,Credit Spread,0.0062
2026-06-24,ISS_BAC-CS,Credit Spread,0.0063
2026-06-25,ISS_BAC-CS,Credit Spread,0.0063
2026-06-26,ISS_BAC-CS,Credit Spread,0.0064
2026-06-29,ISS_BAC-CS,Credit Spread,0.0064
2026-06-30,ISS_BAC-CS,Credit Spread,0.0063
2026-07-01,ISS_BAC-CS,Credit Spread,0.0063
2026-07-02,ISS_BAC-CS,Credit Spread,0.0063
2026-07-03,ISS_BAC-CS,Credit Spread,0.0063
2026-07-06,ISS_BAC-CS,Credit Spread,0.0062
2026-07-07,ISS_BAC-CS,Credit Spread,0.0063
2026-07-08,ISS_BAC-CS,Credit Spread,0.0063
2026-07-09,ISS_BAC-CS,Credit Spread,0.0063
2026-07-10,ISS_BAC-CS,Credit Spread,0.0064
2026-07-13,ISS_BAC-CS,Credit Spread,0.006500000000000001
2026-07-14,ISS_BAC-CS,Credit Spread,0.0067
2026-07-15,ISS_BAC-CS,Credit Spread,0.0066
2026-07-16,ISS_BAC-CS,Credit Spread,0.006500000000000001
2026-07-17,ISS_BAC-CS,Credit Spread,0.0066
2026-07-20,ISS_BAC-CS,Credit Spread,0.0066
2026-07-21,ISS_BAC-CS,Credit Spread,0.0066
2026-07-22,ISS_BAC-CS,Credit Spread,0.006500000000000001
2026-07-23,ISS_BAC-CS,Credit Spread,0.0066
2026-07-24,ISS_BAC-CS,Credit Spread,0.0067
2026-07-27,ISS_BAC-CS,Credit Spread,0.0067
2026-07-28,ISS_BAC-CS,Credit Spread,0.0068000000000000005
2026-07-29,ISS_BAC-CS,Credit Spread,0.0068000000000000005
2026-07-30,ISS_BAC-CS,Credit Spread,0.0067
2026-07-31,ISS_BAC-CS,Credit Spread,0.0066
2026-08-03,ISS_BAC-CS,Credit Spread,0.006500000000000001
2026-08-04,ISS_BAC-CS,Credit Spread,0.006500000000000001
2026-08-05,ISS_BAC-CS,Credit Spread,0.0064
2026-08-06,ISS_BAC-CS,Credit Spread,0.006500000000000001
2026-08-07,ISS_BAC-CS,Credit Spread,0.006500000000000001
2026-08-10,ISS_BAC-CS,Credit Spread,0.006500000000000001
2026-08-11,ISS_BAC-CS,Credit Spread,0.0066
2026-08-12,ISS_BAC-CS,Credit Spread,0.0066
2026-08-13,ISS_BAC-CS,Credit Spread,0.0066
2026-08-14,ISS_BAC-CS,Credit Spread,0.0067
2026-08-17,ISS_BAC-CS,Credit Spread,0.0068000000000000005
2026-08-18,ISS_BAC-CS,Credit Spread,0.0069
2026-08-19,ISS_BAC-CS,Credit Spread,0.0068000000000000005
2026-08-20,ISS_BAC-CS,Credit Spread,0.0069
2026-08-21,ISS_BAC-CS,Credit Spread,0.0068000000000000005
2026-08-24,ISS_BAC-CS,Credit Spread,0.0068000000000000005
2026-08-25,ISS_BAC-CS,Credit Spread,0.0068000000000000005
2026-08-26,ISS_BAC-CS,Credit Spread,0.0067
2026-08-27,ISS_BAC-CS,Credit Spread,0.0067
2026-08-28,ISS_BAC-CS,Credit Spread,0.0066
2026-08-31,ISS_BAC-CS,Credit Spread,0.0067
2026-09-01,ISS_BAC-CS,Credit Spread,0.0068000000000000005
2026-09-02,ISS_BAC-CS,Credit Spread,0.0069
2026-09-03,ISS_BAC-CS,Credit Spread,0.0069
2024-09-04,ISS_JPM-CS,Credit Spread,0.0083
2024-09-05,ISS_JPM-CS,Credit Spread,0.0083
2024-09-06,ISS_JPM-CS,Credit Spread,0.0084
2024-09-09,ISS_JPM-CS,Credit Spread,0.0083
2024-09-10,ISS_JPM-CS,Credit Spread,0.0084
2024-09-11,ISS_JPM-CS,Credit Spread,0.0084
2024-09-12,ISS_JPM-CS,Credit Spread,0.0083
2024-09-13,ISS_JPM-CS,Credit Spread,0.0083
2024-09-16,ISS_JPM-CS,Credit Spread,0.008199999999999999
2024-09-17,ISS_JPM-CS,Credit Spread,0.008100000000000001
2024-09-18,ISS_JPM-CS,Credit Spread,0.008
2024-09-19,ISS_JPM-CS,Credit Spread,0.0077
2024-09-20,ISS_JPM-CS,Credit Spread,0.0077
2024-09-23,ISS_JPM-CS,Credit Spread,0.0076
2024-09-24,ISS_JPM-CS,Credit Spread,0.0076
2024-09-25,ISS_JPM-CS,Credit Spread,0.0076
2024-09-26,ISS_JPM-CS,Credit Spread,0.0076
2024-09-27,ISS_JPM-CS,Credit Spread,0.0076
2024-09-30,ISS_JPM-CS,Credit Spread,0.0076
2024-10-01,ISS_JPM-CS,Credit Spread,0.0076
2024-10-02,ISS_JPM-CS,Credit Spread,0.0075
2024-10-03,ISS_JPM-CS,Credit Spread,0.0074
2024-10-04,ISS_JPM-CS,Credit Spread,0.0070999999999999995
2024-10-07,ISS_JPM-CS,Credit Spread,0.0070999999999999995
2024-10-08,ISS_JPM-CS,Credit Spread,0.0070999999999999995
2024-10-09,ISS_JPM-CS,Credit Spread,0.006999999999999999
2024-10-10,ISS_JPM-CS,Credit Spread,0.0069
2024-10-11,ISS_JPM-CS,Credit Spread,0.0069
2024-10-14,ISS_JPM-CS,Credit Spread,0.0069
2024-10-15,ISS_JPM-CS,Credit Spread,0.0069
2024-10-16,ISS_JPM-CS,Credit Spread,0.0068000000000000005
2024-10-17,ISS_JPM-CS,Credit Spread,0.0068000000000000005
2024-10-18,ISS_JPM-CS,Credit Spread,0.0068000000000000005
2024-10-21,ISS_JPM-CS,Credit Spread,0.006999999999999999
2024-10-22,ISS_JPM-CS,Credit Spread,0.0070999999999999995
2024-10-23,ISS_JPM-CS,Credit Spread,0.0070999999999999995
2024-10-24,ISS_JPM-CS,Credit Spread,0.0070999999999999995
2024-10-25,ISS_JPM-CS,Credit Spread,0.006999999999999999
2024-10-28,ISS_JPM-CS,Credit Spread,0.006999999999999999
2024-10-29,ISS_JPM-CS,Credit Spread,0.006999999999999999
2024-10-30,ISS_JPM-CS,Credit Spread,0.006999999999999999
2024-10-31,ISS_JPM-CS,Credit Spread,0.0070999999999999995
2024-11-01,ISS_JPM-CS,Credit Spread,0.0070999999999999995
2024-11-04,ISS_JPM-CS,Credit Spread,0.0070999999999999995
2024-11-05,ISS_JPM-CS,Credit Spread,0.006999999999999999
2024-11-06,ISS_JPM-CS,Credit Spread,0.0066
2024-11-07,ISS_JPM-CS,Credit Spread,0.0064
2024-11-08,ISS_JPM-CS,Credit Spread,0.0063
2024-11-11,ISS_JPM-CS,Credit Spread,0.0063
2024-11-12,ISS_JPM-CS,Credit Spread,0.0063
2024-11-13,ISS_JPM-CS,Credit Spread,0.006500000000000001
2024-11-14,ISS_JPM-CS,Credit Spread,0.0066
2024-11-15,ISS_JPM-CS,Credit Spread,0.0067
2024-11-18,ISS_JPM-CS,Credit Spread,0.0066
2024-11-19,ISS_JPM-CS,Credit Spread,0.0066
2024-11-20,ISS_JPM-CS,Credit Spread,0.0067
2024-11-21,ISS_JPM-CS,Credit Spread,0.0067
2024-11-22,ISS_JPM-CS,Credit Spread,0.0067
2024-11-25,ISS_JPM-CS,Credit Spread,0.0067
2024-11-26,ISS_JPM-CS,Credit Spread,0.0068000000000000005
2024-11-27,ISS_JPM-CS,Credit Spread,0.0069
2024-11-28,ISS_JPM-CS,Credit Spread,0.0069
2024-11-29,ISS_JPM-CS,Credit Spread,0.0068000000000000005
2024-11-30,ISS_JPM-CS,Credit Spread,0.0069
2024-12-02,ISS_JPM-CS,Credit Spread,0.0068000000000000005
2024-12-03,ISS_JPM-CS,Credit Spread,0.0067
2024-12-04,ISS_JPM-CS,Credit Spread,0.0067
2024-12-05,ISS_JPM-CS,Credit Spread,0.0067
2024-12-06,ISS_JPM-CS,Credit Spread,0.0068000000000000005
2024-12-09,ISS_JPM-CS,Credit Spread,0.0067
2024-12-10,ISS_JPM-CS,Credit Spread,0.0066
2024-12-11,ISS_JPM-CS,Credit Spread,0.006500000000000001
2024-12-12,ISS_JPM-CS,Credit Spread,0.0066
2024-12-13,ISS_JPM-CS,Credit Spread,0.006500000000000001
2024-12-16,ISS_JPM-CS,Credit Spread,0.006500000000000001
2024-12-17,ISS_JPM-CS,Credit Spread,0.0066
2024-12-18,ISS_JPM-CS,Credit Spread,0.0066
2024-12-19,ISS_JPM-CS,Credit Spread,0.0069
2024-12-20,ISS_JPM-CS,Credit Spread,0.0069
2024-12-23,ISS_JPM-CS,Credit Spread,0.0069
2024-12-24,ISS_JPM-CS,Credit Spread,0.0069
2024-12-26,ISS_JPM-CS,Credit Spread,0.0068000000000000005
2024-12-27,ISS_JPM-CS,Credit Spread,0.0068000000000000005
2024-12-30,ISS_JPM-CS,Credit Spread,0.0069
2024-12-31,ISS_JPM-CS,Credit Spread,0.0069
2025-01-02,ISS_JPM-CS,Credit Spread,0.006999999999999999
2025-01-03,ISS_JPM-CS,Credit Spread,0.006999999999999999
2025-01-06,ISS_JPM-CS,Credit Spread,0.0070999999999999995
2025-01-07,ISS_JPM-CS,Credit Spread,0.0070999999999999995
2025-01-08,ISS_JPM-CS,Credit Spread,0.006999999999999999
2025-01-09,ISS_JPM-CS,Credit Spread,0.006999999999999999
2025-01-10,ISS_JPM-CS,Credit Spread,0.006999999999999999
2025-01-13,ISS_JPM-CS,Credit Spread,0.0070999999999999995
2025-01-14,ISS_JPM-CS,Credit Spread,0.0070999999999999995
2025-01-15,ISS_JPM-CS,Credit Spread,0.0069
2025-01-16,ISS_JPM-CS,Credit Spread,0.006999999999999999
2025-01-17,ISS_JPM-CS,Credit Spread,0.0069
2025-01-20,ISS_JPM-CS,Credit Spread,0.0069
2025-01-21,ISS_JPM-CS,Credit Spread,0.0068000000000000005
2025-01-22,ISS_JPM-CS,Credit Spread,0.0068000000000000005
2025-01-23,ISS_JPM-CS,Credit Spread,0.0067
2025-01-24,ISS_JPM-CS,Credit Spread,0.0067
2025-01-27,ISS_JPM-CS,Credit Spread,0.0068000000000000005
2025-01-28,ISS_JPM-CS,Credit Spread,0.0067
2025-01-29,ISS_JPM-CS,Credit Spread,0.0068000000000000005
2025-01-30,ISS_JPM-CS,Credit Spread,0.0068000000000000005
2025-01-31,ISS_JPM-CS,Credit Spread,0.0069
2025-02-03,ISS_JPM-CS,Credit Spread,0.006999999999999999
2025-02-04,ISS_JPM-CS,Credit Spread,0.0069
2025-02-05,ISS_JPM-CS,Credit Spread,0.006999999999999999
2025-02-06,ISS_JPM-CS,Credit Spread,0.006999999999999999
2025-02-07,ISS_JPM-CS,Credit Spread,0.0070999999999999995
2025-02-10,ISS_JPM-CS,Credit Spread,0.0070999999999999995
2025-02-11,ISS_JPM-CS,Credit Spread,0.006999999999999999
2025-02-12,ISS_JPM-CS,Credit Spread,0.0068000000000000005
2025-02-13,ISS_JPM-CS,Credit Spread,0.0068000000000000005
2025-02-14,ISS_JPM-CS,Credit Spread,0.0067
2025-02-17,ISS_JPM-CS,Credit Spread,0.0067
2025-02-18,ISS_JPM-CS,Credit Spread,0.0066
2025-02-19,ISS_JPM-CS,Credit Spread,0.0066
2025-02-20,ISS_JPM-CS,Credit Spread,0.0067
2025-02-21,ISS_JPM-CS,Credit Spread,0.0068000000000000005
2025-02-24,ISS_JPM-CS,Credit Spread,0.0068000000000000005
2025-02-25,ISS_JPM-CS,Credit Spread,0.006999999999999999
2025-02-26,ISS_JPM-CS,Credit Spread,0.0070999999999999995
2025-02-27,ISS_JPM-CS,Credit Spread,0.0072
2025-02-28,ISS_JPM-CS,Credit Spread,0.0075
2025-03-03,ISS_JPM-CS,Credit Spread,0.0075
2025-03-04,ISS_JPM-CS,Credit Spread,0.0075
2025-03-05,ISS_JPM-CS,Credit Spread,0.0073
2025-03-06,ISS_JPM-CS,Credit Spread,0.0074
2025-03-07,ISS_JPM-CS,Credit Spread,0.0075
2025-03-10,ISS_JPM-CS,Credit Spread,0.0077
2025-03-11,ISS_JPM-CS,Credit Spread,0.008
2025-03-12,ISS_JPM-CS,Credit Spread,0.008100000000000001
2025-03-13,ISS_JPM-CS,Credit Spread,0.0083
2025-03-14,ISS_JPM-CS,Credit Spread,0.008
2025-03-17,ISS_JPM-CS,Credit Spread,0.0079
2025-03-18,ISS_JPM-CS,Credit Spread,0.0078000000000000005
2025-03-19,ISS_JPM-CS,Credit Spread,0.0076
2025-03-20,ISS_JPM-CS,Credit Spread,0.0076
2025-03-21,ISS_JPM-CS,Credit Spread,0.0077
2025-03-24,ISS_JPM-CS,Credit Spread,0.0076
2025-03-25,ISS_JPM-CS,Credit Spread,0.0075
2025-03-26,ISS_JPM-CS,Credit Spread,0.0076
2025-03-27,ISS_JPM-CS,Credit Spread,0.0077
2025-03-28,ISS_JPM-CS,Credit Spread,0.0079
2025-03-31,ISS_JPM-CS,Credit Spread,0.008100000000000001
2025-04-01,ISS_JPM-CS,Credit Spread,0.008199999999999999
2025-04-02,ISS_JPM-CS,Credit Spread,0.008100000000000001
2025-04-03,ISS_JPM-CS,Credit Spread,0.0089
2025-04-04,ISS_JPM-CS,Credit Spread,0.0097
2025-04-07,ISS_JPM-CS,Credit Spread,0.0102
2025-04-08,ISS_JPM-CS,Credit Spread,0.01
2025-04-09,ISS_JPM-CS,Credit Spread,0.0102
2025-04-10,ISS_JPM-CS,Credit Spread,0.009899999999999999
2025-04-11,ISS_JPM-CS,Credit Spread,0.009899999999999999
2025-04-14,ISS_JPM-CS,Credit Spread,0.0096
2025-04-15,ISS_JPM-CS,Credit Spread,0.0095
2025-04-16,ISS_JPM-CS,Credit Spread,0.0095
2025-04-17,ISS_JPM-CS,Credit Spread,0.009300000000000001
2025-04-21,ISS_JPM-CS,Credit Spread,0.009399999999999999
2025-04-22,ISS_JPM-CS,Credit Spread,0.009300000000000001
2025-04-23,ISS_JPM-CS,Credit Spread,0.009000000000000001
2025-04-24,ISS_JPM-CS,Credit Spread,0.0088
2025-04-25,ISS_JPM-CS,Credit Spread,0.0086
2025-04-28,ISS_JPM-CS,Credit Spread,0.0086
2025-04-29,ISS_JPM-CS,Credit Spread,0.0087
2025-04-30,ISS_JPM-CS,Credit Spread,0.009000000000000001
2025-05-01,ISS_JPM-CS,Credit Spread,0.0091
2025-05-02,ISS_JPM-CS,Credit Spread,0.0088
2025-05-05,ISS_JPM-CS,Credit Spread,0.0087
2025-05-06,ISS_JPM-CS,Credit Spread,0.0087
2025-05-07,ISS_JPM-CS,Credit Spread,0.0087
2025-05-08,ISS_JPM-CS,Credit Spread,0.0084
2025-05-09,ISS_JPM-CS,Credit Spread,0.0084
2025-05-12,ISS_JPM-CS,Credit Spread,0.008
2025-05-13,ISS_JPM-CS,Credit Spread,0.0078000000000000005
2025-05-14,ISS_JPM-CS,Credit Spread,0.0077
2025-05-15,ISS_JPM-CS,Credit Spread,0.0078000000000000005
2025-05-16,ISS_JPM-CS,Credit Spread,0.0077
2025-05-19,ISS_JPM-CS,Credit Spread,0.0076
2025-05-20,ISS_JPM-CS,Credit Spread,0.0075
2025-05-21,ISS_JPM-CS,Credit Spread,0.0075
2025-05-22,ISS_JPM-CS,Credit Spread,0.0076
2025-05-23,ISS_JPM-CS,Credit Spread,0.0077
2025-05-26,ISS_JPM-CS,Credit Spread,0.0077
2025-05-27,ISS_JPM-CS,Credit Spread,0.0075
2025-05-28,ISS_JPM-CS,Credit Spread,0.0075
2025-05-29,ISS_JPM-CS,Credit Spread,0.0075
2025-05-30,ISS_JPM-CS,Credit Spread,0.0076
2025-05-31,ISS_JPM-CS,Credit Spread,0.0077
2025-06-02,ISS_JPM-CS,Credit Spread,0.0076
2025-06-03,ISS_JPM-CS,Credit Spread,0.0074
2025-06-04,ISS_JPM-CS,Credit Spread,0.0074
2025-06-05,ISS_JPM-CS,Credit Spread,0.0075
2025-06-06,ISS_JPM-CS,Credit Spread,0.0073
2025-06-09,ISS_JPM-CS,Credit Spread,0.0072
2025-06-10,ISS_JPM-CS,Credit Spread,0.0073
2025-06-11,ISS_JPM-CS,Credit Spread,0.0073
2025-06-12,ISS_JPM-CS,Credit Spread,0.0073
2025-06-13,ISS_JPM-CS,Credit Spread,0.0074
2025-06-16,ISS_JPM-CS,Credit Spread,0.0073
2025-06-17,ISS_JPM-CS,Credit Spread,0.0074
2025-06-18,ISS_JPM-CS,Credit Spread,0.0074
2025-06-19,ISS_JPM-CS,Credit Spread,0.0074
2025-06-20,ISS_JPM-CS,Credit Spread,0.0074
2025-06-23,ISS_JPM-CS,Credit Spread,0.0075
2025-06-24,ISS_JPM-CS,Credit Spread,0.0074
2025-06-25,ISS_JPM-CS,Credit Spread,0.0074
2025-06-26,ISS_JPM-CS,Credit Spread,0.0074
2025-06-27,ISS_JPM-CS,Credit Spread,0.0074
2025-06-30,ISS_JPM-CS,Credit Spread,0.0073
2025-07-01,ISS_JPM-CS,Credit Spread,0.0070999999999999995
2025-07-02,ISS_JPM-CS,Credit Spread,0.0069
2025-07-03,ISS_JPM-CS,Credit Spread,0.0067
2025-07-04,ISS_JPM-CS,Credit Spread,0.0067
2025-07-07,ISS_JPM-CS,Credit Spread,0.0068000000000000005
2025-07-08,ISS_JPM-CS,Credit Spread,0.0069
2025-07-09,ISS_JPM-CS,Credit Spread,0.006999999999999999
2025-07-10,ISS_JPM-CS,Credit Spread,0.006999999999999999
2025-07-11,ISS_JPM-CS,Credit Spread,0.0069
2025-07-14,ISS_JPM-CS,Credit Spread,0.0069
2025-07-15,ISS_JPM-CS,Credit Spread,0.0068000000000000005
2025-07-16,ISS_JPM-CS,Credit Spread,0.0067
2025-07-17,ISS_JPM-CS,Credit Spread,0.0066
2025-07-18,ISS_JPM-CS,Credit Spread,0.0066
2025-07-21,ISS_JPM-CS,Credit Spread,0.0066
2025-07-22,ISS_JPM-CS,Credit Spread,0.0067
2025-07-23,ISS_JPM-CS,Credit Spread,0.0066
2025-07-24,ISS_JPM-CS,Credit Spread,0.006500000000000001
2025-07-25,ISS_JPM-CS,Credit Spread,0.0064
2025-07-28,ISS_JPM-CS,Credit Spread,0.0064
2025-07-29,ISS_JPM-CS,Credit Spread,0.006500000000000001
2025-07-30,ISS_JPM-CS,Credit Spread,0.006500000000000001
2025-07-31,ISS_JPM-CS,Credit Spread,0.006500000000000001
2025-08-01,ISS_JPM-CS,Credit Spread,0.0068000000000000005
2025-08-04,ISS_JPM-CS,Credit Spread,0.0069
2025-08-05,ISS_JPM-CS,Credit Spread,0.0068000000000000005
2025-08-06,ISS_JPM-CS,Credit Spread,0.0067
2025-08-07,ISS_JPM-CS,Credit Spread,0.0067
2025-08-08,ISS_JPM-CS,Credit Spread,0.0067
2025-08-11,ISS_JPM-CS,Credit Spread,0.0067
2025-08-12,ISS_JPM-CS,Credit Spread,0.006500000000000001
2025-08-13,ISS_JPM-CS,Credit Spread,0.0064
2025-08-14,ISS_JPM-CS,Credit Spread,0.0063
2025-08-15,ISS_JPM-CS,Credit Spread,0.0062
2025-08-18,ISS_JPM-CS,Credit Spread,0.0062
2025-08-19,ISS_JPM-CS,Credit Spread,0.0063
2025-08-20,ISS_JPM-CS,Credit Spread,0.0064
2025-08-21,ISS_JPM-CS,Credit Spread,0.0064
2025-08-22,ISS_JPM-CS,Credit Spread,0.0064
2025-08-25,ISS_JPM-CS,Credit Spread,0.0063
2025-08-26,ISS_JPM-CS,Credit Spread,0.0064
2025-08-27,ISS_JPM-CS,Credit Spread,0.006500000000000001
2025-08-28,ISS_JPM-CS,Credit Spread,0.006500000000000001
2025-08-29,ISS_JPM-CS,Credit Spread,0.0067
2025-08-31,ISS_JPM-CS,Credit Spread,0.0068000000000000005
2025-09-01,ISS_JPM-CS,Credit Spread,0.0068000000000000005
2025-09-02,ISS_JPM-CS,Credit Spread,0.0068000000000000005
2025-09-03,ISS_JPM-CS,Credit Spread,0.0067
2025-09-04,ISS_JPM-CS,Credit Spread,0.0066
2025-09-05,ISS_JPM-CS,Credit Spread,0.0066
2025-09-08,ISS_JPM-CS,Credit Spread,0.0066
2025-09-09,ISS_JPM-CS,Credit Spread,0.0066
2025-09-10,ISS_JPM-CS,Credit Spread,0.006500000000000001
2025-09-11,ISS_JPM-CS,Credit Spread,0.0064
2025-09-12,ISS_JPM-CS,Credit Spread,0.0063
2025-09-15,ISS_JPM-CS,Credit Spread,0.0062
2025-09-16,ISS_JPM-CS,Credit Spread,0.0063
2025-09-17,ISS_JPM-CS,Credit Spread,0.0063
2025-09-18,ISS_JPM-CS,Credit Spread,0.0062
2025-09-19,ISS_JPM-CS,Credit Spread,0.0060999999999999995
2025-09-22,ISS_JPM-CS,Credit Spread,0.0060999999999999995
2025-09-23,ISS_JPM-CS,Credit Spread,0.0062
2025-09-24,ISS_JPM-CS,Credit Spread,0.0063
2025-09-25,ISS_JPM-CS,Credit Spread,0.0063
2025-09-26,ISS_JPM-CS,Credit Spread,0.0062
2025-09-29,ISS_JPM-CS,Credit Spread,0.0062
2025-09-30,ISS_JPM-CS,Credit Spread,0.0063
2025-10-01,ISS_JPM-CS,Credit Spread,0.0063
2025-10-02,ISS_JPM-CS,Credit Spread,0.0062
2025-10-03,ISS_JPM-CS,Credit Spread,0.0060999999999999995
2025-10-06,ISS_JPM-CS,Credit Spread,0.0060999999999999995
2025-10-07,ISS_JPM-CS,Credit Spread,0.0062
2025-10-08,ISS_JPM-CS,Credit Spread,0.0062
2025-10-09,ISS_JPM-CS,Credit Spread,0.0063
2025-10-10,ISS_JPM-CS,Credit Spread,0.0066
2025-10-13,ISS_JPM-CS,Credit Spread,0.0066
2025-10-14,ISS_JPM-CS,Credit Spread,0.0066
2025-10-15,ISS_JPM-CS,Credit Spread,0.0064
2025-10-16,ISS_JPM-CS,Credit Spread,0.006500000000000001
2025-10-17,ISS_JPM-CS,Credit Spread,0.006500000000000001
2025-10-20,ISS_JPM-CS,Credit Spread,0.0064
2025-10-21,ISS_JPM-CS,Credit Spread,0.006500000000000001
2025-10-22,ISS_JPM-CS,Credit Spread,0.0066
2025-10-23,ISS_JPM-CS,Credit Spread,0.0064
2025-10-24,ISS_JPM-CS,Credit Spread,0.0063
2025-10-27,ISS_JPM-CS,Credit Spread,0.0062
2025-10-28,ISS_JPM-CS,Credit Spread,0.0062
2025-10-29,ISS_JPM-CS,Credit Spread,0.0060999999999999995
2025-10-30,ISS_JPM-CS,Credit Spread,0.0063
2025-10-31,ISS_JPM-CS,Credit Spread,0.0066
2025-11-03,ISS_JPM-CS,Credit Spread,0.0068000000000000005
2025-11-04,ISS_JPM-CS,Credit Spread,0.0068000000000000005
2025-11-05,ISS_JPM-CS,Credit Spread,0.0066
2025-11-06,ISS_JPM-CS,Credit Spread,0.0067
2025-11-07,ISS_JPM-CS,Credit Spread,0.0069
2025-11-10,ISS_JPM-CS,Credit Spread,0.0068000000000000005
2025-11-11,ISS_JPM-CS,Credit Spread,0.0068000000000000005
2025-11-12,ISS_JPM-CS,Credit Spread,0.0068000000000000005
2025-11-13,ISS_JPM-CS,Credit Spread,0.0069
2025-11-14,ISS_JPM-CS,Credit Spread,0.0068000000000000005
2025-11-17,ISS_JPM-CS,Credit Spread,0.0069
2025-11-18,ISS_JPM-CS,Credit Spread,0.0069
2025-11-19,ISS_JPM-CS,Credit Spread,0.0069
2025-11-20,ISS_JPM-CS,Credit Spread,0.006999999999999999
2025-11-21,ISS_JPM-CS,Credit Spread,0.006999999999999999
2025-11-24,ISS_JPM-CS,Credit Spread,0.0069
2025-11-25,ISS_JPM-CS,Credit Spread,0.0068000000000000005
2025-11-26,ISS_JPM-CS,Credit Spread,0.0067
2025-11-27,ISS_JPM-CS,Credit Spread,0.0067
2025-11-28,ISS_JPM-CS,Credit Spread,0.0066
2025-11-30,ISS_JPM-CS,Credit Spread,0.0067
2025-12-01,ISS_JPM-CS,Credit Spread,0.0067
2025-12-02,ISS_JPM-CS,Credit Spread,0.0066
2025-12-03,ISS_JPM-CS,Credit Spread,0.0066
2025-12-04,ISS_JPM-CS,Credit Spread,0.006500000000000001
2025-12-05,ISS_JPM-CS,Credit Spread,0.0064
2025-12-08,ISS_JPM-CS,Credit Spread,0.0064
2025-12-09,ISS_JPM-CS,Credit Spread,0.0064
2025-12-10,ISS_JPM-CS,Credit Spread,0.0064
2025-12-11,ISS_JPM-CS,Credit Spread,0.0064
2025-12-12,ISS_JPM-CS,Credit Spread,0.006500000000000001
2025-12-15,ISS_JPM-CS,Credit Spread,0.006500000000000001
2025-12-16,ISS_JPM-CS,Credit Spread,0.0066
2025-12-17,ISS_JPM-CS,Credit Spread,0.0066
2025-12-18,ISS_JPM-CS,Credit Spread,0.0066
2025-12-19,ISS_JPM-CS,Credit Spread,0.0066
2025-12-22,ISS_JPM-CS,Credit Spread,0.006500000000000001
2025-12-23,ISS_JPM-CS,Credit Spread,0.006500000000000001
2025-12-24,ISS_JPM-CS,Credit Spread,0.0064
2025-12-26,ISS_JPM-CS,Credit Spread,0.0064
2025-12-29,ISS_JPM-CS,Credit Spread,0.0064
2025-12-30,ISS_JPM-CS,Credit Spread,0.006500000000000001
2025-12-31,ISS_JPM-CS,Credit Spread,0.006500000000000001
2026-01-02,ISS_JPM-CS,Credit Spread,0.006500000000000001
2026-01-05,ISS_JPM-CS,Credit Spread,0.006500000000000001
2026-01-06,ISS_JPM-CS,Credit Spread,0.0064
2026-01-07,ISS_JPM-CS,Credit Spread,0.006500000000000001
2026-01-08,ISS_JPM-CS,Credit Spread,0.006500000000000001
2026-01-09,ISS_JPM-CS,Credit Spread,0.0064
2026-01-12,ISS_JPM-CS,Credit Spread,0.0064
2026-01-13,ISS_JPM-CS,Credit Spread,0.0063
2026-01-14,ISS_JPM-CS,Credit Spread,0.0063
2026-01-15,ISS_JPM-CS,Credit Spread,0.0062
2026-01-16,ISS_JPM-CS,Credit Spread,0.0062
2026-01-19,ISS_JPM-CS,Credit Spread,0.0060999999999999995
2026-01-20,ISS_JPM-CS,Credit Spread,0.0062
2026-01-21,ISS_JPM-CS,Credit Spread,0.006
2026-01-22,ISS_JPM-CS,Credit Spread,0.0059
2026-01-23,ISS_JPM-CS,Credit Spread,0.006
2026-01-26,ISS_JPM-CS,Credit Spread,0.006
2026-01-27,ISS_JPM-CS,Credit Spread,0.006
2026-01-28,ISS_JPM-CS,Credit Spread,0.0059
2026-01-29,ISS_JPM-CS,Credit Spread,0.006
2026-01-30,ISS_JPM-CS,Credit Spread,0.006
2026-01-31,ISS_JPM-CS,Credit Spread,0.0060999999999999995
2026-02-02,ISS_JPM-CS,Credit Spread,0.006
2026-02-03,ISS_JPM-CS,Credit Spread,0.006
2026-02-04,ISS_JPM-CS,Credit Spread,0.0060999999999999995
2026-02-05,ISS_JPM-CS,Credit Spread,0.0062
2026-02-06,ISS_JPM-CS,Credit Spread,0.0062
2026-02-09,ISS_JPM-CS,Credit Spread,0.0062
2026-02-10,ISS_JPM-CS,Credit Spread,0.0063
2026-02-11,ISS_JPM-CS,Credit Spread,0.0063
2026-02-12,ISS_JPM-CS,Credit Spread,0.0063
2026-02-13,ISS_JPM-CS,Credit Spread,0.006500000000000001
2026-02-16,ISS_JPM-CS,Credit Spread,0.006500000000000001
2026-02-17,ISS_JPM-CS,Credit Spread,0.006500000000000001
2026-02-18,ISS_JPM-CS,Credit Spread,0.0064
2026-02-19,ISS_JPM-CS,Credit Spread,0.0064
2026-02-20,ISS_JPM-CS,Credit Spread,0.0063
2026-02-23,ISS_JPM-CS,Credit Spread,0.006500000000000001
2026-02-24,ISS_JPM-CS,Credit Spread,0.0066
2026-02-25,ISS_JPM-CS,Credit Spread,0.0066
2026-02-26,ISS_JPM-CS,Credit Spread,0.0068000000000000005
2026-02-27,ISS_JPM-CS,Credit Spread,0.0070999999999999995
2026-02-28,ISS_JPM-CS,Credit Spread,0.0070999999999999995
2026-03-02,ISS_JPM-CS,Credit Spread,0.006999999999999999
2026-03-03,ISS_JPM-CS,Credit Spread,0.0069
2026-03-04,ISS_JPM-CS,Credit Spread,0.0067
2026-03-05,ISS_JPM-CS,Credit Spread,0.0068000000000000005
2026-03-06,ISS_JPM-CS,Credit Spread,0.0069
2026-03-09,ISS_JPM-CS,Credit Spread,0.006999999999999999
2026-03-10,ISS_JPM-CS,Credit Spread,0.0069
2026-03-11,ISS_JPM-CS,Credit Spread,0.0073
2026-03-12,ISS_JPM-CS,Credit Spread,0.0076
2026-03-13,ISS_JPM-CS,Credit Spread,0.0078000000000000005
2026-03-16,ISS_JPM-CS,Credit Spread,0.0079
2026-03-17,ISS_JPM-CS,Credit Spread,0.0077
2026-03-18,ISS_JPM-CS,Credit Spread,0.0076
2026-03-19,ISS_JPM-CS,Credit Spread,0.0075
2026-03-20,ISS_JPM-CS,Credit Spread,0.0073
2026-03-23,ISS_JPM-CS,Credit Spread,0.0073
2026-03-24,ISS_JPM-CS,Credit Spread,0.0072
2026-03-25,ISS_JPM-CS,Credit Spread,0.0072
2026-03-26,ISS_JPM-CS,Credit Spread,0.0073
2026-03-27,ISS_JPM-CS,Credit Spread,0.0076
2026-03-30,ISS_JPM-CS,Credit Spread,0.0077
2026-03-31,ISS_JPM-CS,Credit Spread,0.0075
2026-04-01,ISS_JPM-CS,Credit Spread,0.0073
2026-04-02,ISS_JPM-CS,Credit Spread,0.0070999999999999995
2026-04-03,ISS_JPM-CS,Credit Spread,0.0072
2026-04-06,ISS_JPM-CS,Credit Spread,0.006999999999999999
2026-04-07,ISS_JPM-CS,Credit Spread,0.0070999999999999995
2026-04-08,ISS_JPM-CS,Credit Spread,0.0069
2026-04-09,ISS_JPM-CS,Credit Spread,0.0068000000000000005
2026-04-10,ISS_JPM-CS,Credit Spread,0.0068000000000000005
2026-04-13,ISS_JPM-CS,Credit Spread,0.0068000000000000005
2026-04-14,ISS_JPM-CS,Credit Spread,0.0067
2026-04-15,ISS_JPM-CS,Credit Spread,0.0066
2026-04-16,ISS_JPM-CS,Credit Spread,0.0067
2026-04-17,ISS_JPM-CS,Credit Spread,0.0067
2026-04-20,ISS_JPM-CS,Credit Spread,0.0067
2026-04-21,ISS_JPM-CS,Credit Spread,0.0067
2026-04-22,ISS_JPM-CS,Credit Spread,0.0066
2026-04-23,ISS_JPM-CS,Credit Spread,0.0066
2026-04-24,ISS_JPM-CS,Credit Spread,0.0067
2026-04-27,ISS_JPM-CS,Credit Spread,0.0067
2026-04-28,ISS_JPM-CS,Credit Spread,0.0068000000000000005
2026-04-29,ISS_JPM-CS,Credit Spread,0.0067
2026-04-30,ISS_JPM-CS,Credit Spread,0.0068000000000000005
2026-05-01,ISS_JPM-CS,Credit Spread,0.0067
2026-05-04,ISS_JPM-CS,Credit Spread,0.0067
2026-05-05,ISS_JPM-CS,Credit Spread,0.006500000000000001
2026-05-06,ISS_JPM-CS,Credit Spread,0.006500000000000001
2026-05-07,ISS_JPM-CS,Credit Spread,0.0066
2026-05-08,ISS_JPM-CS,Credit Spread,0.0066
2026-05-11,ISS_JPM-CS,Credit Spread,0.006500000000000001
2026-05-12,ISS_JPM-CS,Credit Spread,0.0064
2026-05-13,ISS_JPM-CS,Credit Spread,0.0063
2026-05-14,ISS_JPM-CS,Credit Spread,0.0063
2026-05-15,ISS_JPM-CS,Credit Spread,0.0062
2026-05-18,ISS_JPM-CS,Credit Spread,0.0062
2026-05-19,ISS_JPM-CS,Credit Spread,0.0063
2026-05-20,ISS_JPM-CS,Credit Spread,0.0063
2026-05-21,ISS_JPM-CS,Credit Spread,0.0062
2026-05-22,ISS_JPM-CS,Credit Spread,0.0060999999999999995
2026-05-25,ISS_JPM-CS,Credit Spread,0.0060999999999999995
2026-05-26,ISS_JPM-CS,Credit Spread,0.0060999999999999995
2026-05-27,ISS_JPM-CS,Credit Spread,0.0060999999999999995
2026-05-28,ISS_JPM-CS,Credit Spread,0.0060999999999999995
2026-05-29,ISS_JPM-CS,Credit Spread,0.0060999999999999995
2026-05-31,ISS_JPM-CS,Credit Spread,0.0062
2026-06-01,ISS_JPM-CS,Credit Spread,0.0060999999999999995
2026-06-02,ISS_JPM-CS,Credit Spread,0.0062
2026-06-03,ISS_JPM-CS,Credit Spread,0.0062
2026-06-04,ISS_JPM-CS,Credit Spread,0.0062
2026-06-05,ISS_JPM-CS,Credit Spread,0.0063
2026-06-08,ISS_JPM-CS,Credit Spread,0.0063
2026-06-09,ISS_JPM-CS,Credit Spread,0.0063
2026-06-10,ISS_JPM-CS,Credit Spread,0.0063
2026-06-11,ISS_JPM-CS,Credit Spread,0.0063
2026-06-12,ISS_JPM-CS,Credit Spread,0.0062
2026-06-15,ISS_JPM-CS,Credit Spread,0.0060999999999999995
2026-06-16,ISS_JPM-CS,Credit Spread,0.0063
2026-06-17,ISS_JPM-CS,Credit Spread,0.0062
2026-06-18,ISS_JPM-CS,Credit Spread,0.0062
2026-06-19,ISS_JPM-CS,Credit Spread,0.0062
2026-06-22,ISS_JPM-CS,Credit Spread,0.0062
2026-06-23,ISS_JPM-CS,Credit Spread,0.0062
2026-06-24,ISS_JPM-CS,Credit Spread,0.0063
2026-06-25,ISS_JPM-CS,Credit Spread,0.0063
2026-06-26,ISS_JPM-CS,Credit Spread,0.0064
2026-06-29,ISS_JPM-CS,Credit Spread,0.0064
2026-06-30,ISS_JPM-CS,Credit Spread,0.0063
2026-07-01,ISS_JPM-CS,Credit Spread,0.0063
2026-07-02,ISS_JPM-CS,Credit Spread,0.0063
2026-07-03,ISS_JPM-CS,Credit Spread,0.0063
2026-07-06,ISS_JPM-CS,Credit Spread,0.0062
2026-07-07,ISS_JPM-CS,Credit Spread,0.0063
2026-07-08,ISS_JPM-CS,Credit Spread,0.0063
2026-07-09,ISS_JPM-CS,Credit Spread,0.0063
2026-07-10,ISS_JPM-CS,Credit Spread,0.0064
2026-07-13,ISS_JPM-CS,Credit Spread,0.006500000000000001
2026-07-14,ISS_JPM-CS,Credit Spread,0.0067
2026-07-15,ISS_JPM-CS,Credit Spread,0.0066
2026-07-16,ISS_JPM-CS,Credit Spread,0.006500000000000001
2026-07-17,ISS_JPM-CS,Credit Spread,0.0066
2026-07-20,ISS_JPM-CS,Credit Spread,0.0066
2026-07-21,ISS_JPM-CS,Credit Spread,0.0066
2026-07-22,ISS_JPM-CS,Credit Spread,0.006500000000000001
2026-07-23,ISS_JPM-CS,Credit Spread,0.0066
2026-07-24,ISS_JPM-CS,Credit Spread,0.0067
2026-07-27,ISS_JPM-CS,Credit Spread,0.0067
2026-07-28,ISS_JPM-CS,Credit Spread,0.0068000000000000005
2026-07-29,ISS_JPM-CS,Credit Spread,0.0068000000000000005
2026-07-30,ISS_JPM-CS,Credit Spread,0.0067
2026-07-31,ISS_JPM-CS,Credit Spread,0.0066
2026-08-03,ISS_JPM-CS,Credit Spread,0.006500000000000001
2026-08-04,ISS_JPM-CS,Credit Spread,0.006500000000000001
2026-08-05,ISS_JPM-CS,Credit Spread,0.0064
2026-08-06,ISS_JPM-CS,Credit Spread,0.006500000000000001
2026-08-07,ISS_JPM-CS,Credit Spread,0.006500000000000001
2026-08-10,ISS_JPM-CS,Credit Spread,0.006500000000000001
2026-08-11,ISS_JPM-CS,Credit Spread,0.0066
2026-08-12,ISS_JPM-CS,Credit Spread,0.0066
2026-08-13,ISS_JPM-CS,Credit Spread,0.0066
2026-08-14,ISS_JPM-CS,Credit Spread,0.0067
2026-08-17,ISS_JPM-CS,Credit Spread,0.0068000000000000005
2026-08-18,ISS_JPM-CS,Credit Spread,0.0069
2026-08-19,ISS_JPM-CS,Credit Spread,0.0068000000000000005
2026-08-20,ISS_JPM-CS,Credit Spread,0.0069
2026-08-21,ISS_JPM-CS,Credit Spread,0.0068000000000000005
2026-08-24,ISS_JPM-CS,Credit Spread,0.0068000000000000005
2026-08-25,ISS_JPM-CS,Credit Spread,0.0068000000000000005
2026-08-26,ISS_JPM-CS,Credit Spread,0.0067
2026-08-27,ISS_JPM-CS,Credit Spread,0.0067
2026-08-28,ISS_JPM-CS,Credit Spread,0.0066
2026-08-31,ISS_JPM-CS,Credit Spread,0.0067
2026-09-01,ISS_JPM-CS,Credit Spread,0.0068000000000000005
2026-09-02,ISS_JPM-CS,Credit Spread,0.0069
2026-09-03,ISS_JPM-CS,Credit Spread,0.0069
2024-09-04,ISS_MSFT-CS,Credit Spread,0.004
2024-09-05,ISS_MSFT-CS,Credit Spread,0.004
2024-09-06,ISS_MSFT-CS,Credit Spread,0.004
2024-09-09,ISS_MSFT-CS,Credit Spread,0.004
2024-09-10,ISS_MSFT-CS,Credit Spread,0.0040999999999999995
2024-09-11,ISS_MSFT-CS,Credit Spread,0.0040999999999999995
2024-09-12,ISS_MSFT-CS,Credit Spread,0.004
2024-09-13,ISS_MSFT-CS,Credit Spread,0.0038
2024-09-16,ISS_MSFT-CS,Credit Spread,0.0038
2024-09-17,ISS_MSFT-CS,Credit Spread,0.0037
2024-09-18,ISS_MSFT-CS,Credit Spread,0.0036
2024-09-19,ISS_MSFT-CS,Credit Spread,0.0034000000000000002
2024-09-20,ISS_MSFT-CS,Credit Spread,0.0034000000000000002
2024-09-23,ISS_MSFT-CS,Credit Spread,0.0034000000000000002
2024-09-24,ISS_MSFT-CS,Credit Spread,0.0033
2024-09-25,ISS_MSFT-CS,Credit Spread,0.0034000000000000002
2024-09-26,ISS_MSFT-CS,Credit Spread,0.0034999999999999996
2024-09-27,ISS_MSFT-CS,Credit Spread,0.0034000000000000002
2024-09-30,ISS_MSFT-CS,Credit Spread,0.0034000000000000002
2024-10-01,ISS_MSFT-CS,Credit Spread,0.0034999999999999996
2024-10-02,ISS_MSFT-CS,Credit Spread,0.0034000000000000002
2024-10-03,ISS_MSFT-CS,Credit Spread,0.0033
2024-10-04,ISS_MSFT-CS,Credit Spread,0.0031
2024-10-07,ISS_MSFT-CS,Credit Spread,0.0032
2024-10-08,ISS_MSFT-CS,Credit Spread,0.0032
2024-10-09,ISS_MSFT-CS,Credit Spread,0.0032
2024-10-10,ISS_MSFT-CS,Credit Spread,0.0031
2024-10-11,ISS_MSFT-CS,Credit Spread,0.003
2024-10-14,ISS_MSFT-CS,Credit Spread,0.003
2024-10-15,ISS_MSFT-CS,Credit Spread,0.0031
2024-10-16,ISS_MSFT-CS,Credit Spread,0.003
2024-10-17,ISS_MSFT-CS,Credit Spread,0.003
2024-10-18,ISS_MSFT-CS,Credit Spread,0.003
2024-10-21,ISS_MSFT-CS,Credit Spread,0.0032
2024-10-22,ISS_MSFT-CS,Credit Spread,0.0033
2024-10-23,ISS_MSFT-CS,Credit Spread,0.0033
2024-10-24,ISS_MSFT-CS,Credit Spread,0.0034000000000000002
2024-10-25,ISS_MSFT-CS,Credit Spread,0.0033
2024-10-28,ISS_MSFT-CS,Credit Spread,0.0032
2024-10-29,ISS_MSFT-CS,Credit Spread,0.0032
2024-10-30,ISS_MSFT-CS,Credit Spread,0.0033
2024-10-31,ISS_MSFT-CS,Credit Spread,0.0034999999999999996
2024-11-01,ISS_MSFT-CS,Credit Spread,0.0034999999999999996
2024-11-04,ISS_MSFT-CS,Credit Spread,0.0034000000000000002
2024-11-05,ISS_MSFT-CS,Credit Spread,0.0034000000000000002
2024-11-06,ISS_MSFT-CS,Credit Spread,0.0031
2024-11-07,ISS_MSFT-CS,Credit Spread,0.0029
2024-11-08,ISS_MSFT-CS,Credit Spread,0.003
2024-11-11,ISS_MSFT-CS,Credit Spread,0.003
2024-11-12,ISS_MSFT-CS,Credit Spread,0.003
2024-11-13,ISS_MSFT-CS,Credit Spread,0.0031
2024-11-14,ISS_MSFT-CS,Credit Spread,0.0033
2024-11-15,ISS_MSFT-CS,Credit Spread,0.0032
2024-11-18,ISS_MSFT-CS,Credit Spread,0.0031
2024-11-19,ISS_MSFT-CS,Credit Spread,0.0032
2024-11-20,ISS_MSFT-CS,Credit Spread,0.0033
2024-11-21,ISS_MSFT-CS,Credit Spread,0.0032
2024-11-22,ISS_MSFT-CS,Credit Spread,0.0033
2024-11-25,ISS_MSFT-CS,Credit Spread,0.0033
2024-11-26,ISS_MSFT-CS,Credit Spread,0.0034000000000000002
2024-11-27,ISS_MSFT-CS,Credit Spread,0.0034999999999999996
2024-11-28,ISS_MSFT-CS,Credit Spread,0.0034999999999999996
2024-11-29,ISS_MSFT-CS,Credit Spread,0.0034000000000000002
2024-11-30,ISS_MSFT-CS,Credit Spread,0.0034999999999999996
2024-12-02,ISS_MSFT-CS,Credit Spread,0.0034000000000000002
2024-12-03,ISS_MSFT-CS,Credit Spread,0.0034000000000000002
2024-12-04,ISS_MSFT-CS,Credit Spread,0.0033
2024-12-05,ISS_MSFT-CS,Credit Spread,0.0033
2024-12-06,ISS_MSFT-CS,Credit Spread,0.0034000000000000002
2024-12-09,ISS_MSFT-CS,Credit Spread,0.0034000000000000002
2024-12-10,ISS_MSFT-CS,Credit Spread,0.0033
2024-12-11,ISS_MSFT-CS,Credit Spread,0.0032
2024-12-12,ISS_MSFT-CS,Credit Spread,0.0033
2024-12-13,ISS_MSFT-CS,Credit Spread,0.0032
2024-12-16,ISS_MSFT-CS,Credit Spread,0.0032
2024-12-17,ISS_MSFT-CS,Credit Spread,0.0033
2024-12-18,ISS_MSFT-CS,Credit Spread,0.0033
2024-12-19,ISS_MSFT-CS,Credit Spread,0.0034999999999999996
2024-12-20,ISS_MSFT-CS,Credit Spread,0.0034999999999999996
2024-12-23,ISS_MSFT-CS,Credit Spread,0.0034000000000000002
2024-12-24,ISS_MSFT-CS,Credit Spread,0.0034000000000000002
2024-12-26,ISS_MSFT-CS,Credit Spread,0.0033
2024-12-27,ISS_MSFT-CS,Credit Spread,0.0033
2024-12-30,ISS_MSFT-CS,Credit Spread,0.0034000000000000002
2024-12-31,ISS_MSFT-CS,Credit Spread,0.0034000000000000002
2025-01-02,ISS_MSFT-CS,Credit Spread,0.0034000000000000002
2025-01-03,ISS_MSFT-CS,Credit Spread,0.0034000000000000002
2025-01-06,ISS_MSFT-CS,Credit Spread,0.0034000000000000002
2025-01-07,ISS_MSFT-CS,Credit Spread,0.0034000000000000002
2025-01-08,ISS_MSFT-CS,Credit Spread,0.0034000000000000002
2025-01-09,ISS_MSFT-CS,Credit Spread,0.0033
2025-01-10,ISS_MSFT-CS,Credit Spread,0.0034000000000000002
2025-01-13,ISS_MSFT-CS,Credit Spread,0.0034000000000000002
2025-01-14,ISS_MSFT-CS,Credit Spread,0.0034000000000000002
2025-01-15,ISS_MSFT-CS,Credit Spread,0.0033
2025-01-16,ISS_MSFT-CS,Credit Spread,0.0033
2025-01-17,ISS_MSFT-CS,Credit Spread,0.0033
2025-01-20,ISS_MSFT-CS,Credit Spread,0.0033
2025-01-21,ISS_MSFT-CS,Credit Spread,0.0033
2025-01-22,ISS_MSFT-CS,Credit Spread,0.0033
2025-01-23,ISS_MSFT-CS,Credit Spread,0.0032
2025-01-24,ISS_MSFT-CS,Credit Spread,0.0032
2025-01-27,ISS_MSFT-CS,Credit Spread,0.0033
2025-01-28,ISS_MSFT-CS,Credit Spread,0.0033
2025-01-29,ISS_MSFT-CS,Credit Spread,0.0033
2025-01-30,ISS_MSFT-CS,Credit Spread,0.0034000000000000002
2025-01-31,ISS_MSFT-CS,Credit Spread,0.0034999999999999996
2025-02-03,ISS_MSFT-CS,Credit Spread,0.0036
2025-02-04,ISS_MSFT-CS,Credit Spread,0.0036
2025-02-05,ISS_MSFT-CS,Credit Spread,0.0036
2025-02-06,ISS_MSFT-CS,Credit Spread,0.0037
2025-02-07,ISS_MSFT-CS,Credit Spread,0.0037
2025-02-10,ISS_MSFT-CS,Credit Spread,0.0037
2025-02-11,ISS_MSFT-CS,Credit Spread,0.0036
2025-02-12,ISS_MSFT-CS,Credit Spread,0.0034999999999999996
2025-02-13,ISS_MSFT-CS,Credit Spread,0.0034000000000000002
2025-02-14,ISS_MSFT-CS,Credit Spread,0.0034000000000000002
2025-02-17,ISS_MSFT-CS,Credit Spread,0.0034000000000000002
2025-02-18,ISS_MSFT-CS,Credit Spread,0.0033
2025-02-19,ISS_MSFT-CS,Credit Spread,0.0033
2025-02-20,ISS_MSFT-CS,Credit Spread,0.0034000000000000002
2025-02-21,ISS_MSFT-CS,Credit Spread,0.0034999999999999996
2025-02-24,ISS_MSFT-CS,Credit Spread,0.0034999999999999996
2025-02-25,ISS_MSFT-CS,Credit Spread,0.0037
2025-02-26,ISS_MSFT-CS,Credit Spread,0.0037
2025-02-27,ISS_MSFT-CS,Credit Spread,0.0038
2025-02-28,ISS_MSFT-CS,Credit Spread,0.004
2025-03-03,ISS_MSFT-CS,Credit Spread,0.004
2025-03-04,ISS_MSFT-CS,Credit Spread,0.004
2025-03-05,ISS_MSFT-CS,Credit Spread,0.0039000000000000003
2025-03-06,ISS_MSFT-CS,Credit Spread,0.004
2025-03-07,ISS_MSFT-CS,Credit Spread,0.004
2025-03-10,ISS_MSFT-CS,Credit Spread,0.0042
2025-03-11,ISS_MSFT-CS,Credit Spread,0.0044
2025-03-12,ISS_MSFT-CS,Credit Spread,0.0045000000000000005
2025-03-13,ISS_MSFT-CS,Credit Spread,0.0045000000000000005
2025-03-14,ISS_MSFT-CS,Credit Spread,0.0043
2025-03-17,ISS_MSFT-CS,Credit Spread,0.0042
2025-03-18,ISS_MSFT-CS,Credit Spread,0.0040999999999999995
2025-03-19,ISS_MSFT-CS,Credit Spread,0.004
2025-03-20,ISS_MSFT-CS,Credit Spread,0.004
2025-03-21,ISS_MSFT-CS,Credit Spread,0.004
2025-03-24,ISS_MSFT-CS,Credit Spread,0.0039000000000000003
2025-03-25,ISS_MSFT-CS,Credit Spread,0.004
2025-03-26,ISS_MSFT-CS,Credit Spread,0.004
2025-03-27,ISS_MSFT-CS,Credit Spread,0.004
2025-03-28,ISS_MSFT-CS,Credit Spread,0.0042
2025-03-31,ISS_MSFT-CS,Credit Spread,0.0044
2025-04-01,ISS_MSFT-CS,Credit Spread,0.0045000000000000005
2025-04-02,ISS_MSFT-CS,Credit Spread,0.0044
2025-04-03,ISS_MSFT-CS,Credit Spread,0.005
2025-04-04,ISS_MSFT-CS,Credit Spread,0.005600000000000001
2025-04-07,ISS_MSFT-CS,Credit Spread,0.0059
2025-04-08,ISS_MSFT-CS,Credit Spread,0.005600000000000001
2025-04-09,ISS_MSFT-CS,Credit Spread,0.005699999999999999
2025-04-10,ISS_MSFT-CS,Credit Spread,0.0052
2025-04-11,ISS_MSFT-CS,Credit Spread,0.0051
2025-04-14,ISS_MSFT-CS,Credit Spread,0.0048
2025-04-15,ISS_MSFT-CS,Credit Spread,0.004699999999999999
2025-04-16,ISS_MSFT-CS,Credit Spread,0.004699999999999999
2025-04-17,ISS_MSFT-CS,Credit Spread,0.0045000000000000005
2025-04-21,ISS_MSFT-CS,Credit Spread,0.0046
2025-04-22,ISS_MSFT-CS,Credit Spread,0.0046
2025-04-23,ISS_MSFT-CS,Credit Spread,0.0044
2025-04-24,ISS_MSFT-CS,Credit Spread,0.0043
2025-04-25,ISS_MSFT-CS,Credit Spread,0.0042
2025-04-28,ISS_MSFT-CS,Credit Spread,0.0042
2025-04-29,ISS_MSFT-CS,Credit Spread,0.0044
2025-04-30,ISS_MSFT-CS,Credit Spread,0.0046
2025-05-01,ISS_MSFT-CS,Credit Spread,0.0046
2025-05-02,ISS_MSFT-CS,Credit Spread,0.0044
2025-05-05,ISS_MSFT-CS,Credit Spread,0.0043
2025-05-06,ISS_MSFT-CS,Credit Spread,0.0043
2025-05-07,ISS_MSFT-CS,Credit Spread,0.0043
2025-05-08,ISS_MSFT-CS,Credit Spread,0.0040999999999999995
2025-05-09,ISS_MSFT-CS,Credit Spread,0.0040999999999999995
2025-05-12,ISS_MSFT-CS,Credit Spread,0.0039000000000000003
2025-05-13,ISS_MSFT-CS,Credit Spread,0.0037
2025-05-14,ISS_MSFT-CS,Credit Spread,0.0037
2025-05-15,ISS_MSFT-CS,Credit Spread,0.0037
2025-05-16,ISS_MSFT-CS,Credit Spread,0.0037
2025-05-19,ISS_MSFT-CS,Credit Spread,0.0036
2025-05-20,ISS_MSFT-CS,Credit Spread,0.0036
2025-05-21,ISS_MSFT-CS,Credit Spread,0.0036
2025-05-22,ISS_MSFT-CS,Credit Spread,0.0036
2025-05-23,ISS_MSFT-CS,Credit Spread,0.0037
2025-05-26,ISS_MSFT-CS,Credit Spread,0.0037
2025-05-27,ISS_MSFT-CS,Credit Spread,0.0036
2025-05-28,ISS_MSFT-CS,Credit Spread,0.0036
2025-05-29,ISS_MSFT-CS,Credit Spread,0.0036
2025-05-30,ISS_MSFT-CS,Credit Spread,0.0037
2025-05-31,ISS_MSFT-CS,Credit Spread,0.0034000000000000002
2025-06-02,ISS_MSFT-CS,Credit Spread,0.0033
2025-06-03,ISS_MSFT-CS,Credit Spread,0.0032
2025-06-04,ISS_MSFT-CS,Credit Spread,0.0033
2025-06-05,ISS_MSFT-CS,Credit Spread,0.0034000000000000002
2025-06-06,ISS_MSFT-CS,Credit Spread,0.0033
2025-06-09,ISS_MSFT-CS,Credit Spread,0.0033
2025-06-10,ISS_MSFT-CS,Credit Spread,0.0033
2025-06-11,ISS_MSFT-CS,Credit Spread,0.0033
2025-06-12,ISS_MSFT-CS,Credit Spread,0.0034000000000000002
2025-06-13,ISS_MSFT-CS,Credit Spread,0.0034999999999999996
2025-06-16,ISS_MSFT-CS,Credit Spread,0.0033
2025-06-17,ISS_MSFT-CS,Credit Spread,0.0034000000000000002
2025-06-18,ISS_MSFT-CS,Credit Spread,0.0034999999999999996
2025-06-19,ISS_MSFT-CS,Credit Spread,0.0034999999999999996
2025-06-20,ISS_MSFT-CS,Credit Spread,0.0034000000000000002
2025-06-23,ISS_MSFT-CS,Credit Spread,0.0036
2025-06-24,ISS_MSFT-CS,Credit Spread,0.0034999999999999996
2025-06-25,ISS_MSFT-CS,Credit Spread,0.0036
2025-06-26,ISS_MSFT-CS,Credit Spread,0.0037
2025-06-27,ISS_MSFT-CS,Credit Spread,0.0036
2025-06-30,ISS_MSFT-CS,Credit Spread,0.0034999999999999996
2025-07-01,ISS_MSFT-CS,Credit Spread,0.0033
2025-07-02,ISS_MSFT-CS,Credit Spread,0.0032
2025-07-03,ISS_MSFT-CS,Credit Spread,0.0031
2025-07-04,ISS_MSFT-CS,Credit Spread,0.0031
2025-07-07,ISS_MSFT-CS,Credit Spread,0.0031
2025-07-08,ISS_MSFT-CS,Credit Spread,0.0031
2025-07-09,ISS_MSFT-CS,Credit Spread,0.0033
2025-07-10,ISS_MSFT-CS,Credit Spread,0.0033
2025-07-11,ISS_MSFT-CS,Credit Spread,0.0033
2025-07-14,ISS_MSFT-CS,Credit Spread,0.0033
2025-07-15,ISS_MSFT-CS,Credit Spread,0.0032
2025-07-16,ISS_MSFT-CS,Credit Spread,0.0032
2025-07-17,ISS_MSFT-CS,Credit Spread,0.0032
2025-07-18,ISS_MSFT-CS,Credit Spread,0.0031
2025-07-21,ISS_MSFT-CS,Credit Spread,0.0031
2025-07-22,ISS_MSFT-CS,Credit Spread,0.0032
2025-07-23,ISS_MSFT-CS,Credit Spread,0.0031
2025-07-24,ISS_MSFT-CS,Credit Spread,0.0031
2025-07-25,ISS_MSFT-CS,Credit Spread,0.0031
2025-07-28,ISS_MSFT-CS,Credit Spread,0.0031
2025-07-29,ISS_MSFT-CS,Credit Spread,0.0032
2025-07-30,ISS_MSFT-CS,Credit Spread,0.0032
2025-07-31,ISS_MSFT-CS,Credit Spread,0.0031
2025-08-01,ISS_MSFT-CS,Credit Spread,0.0034000000000000002
2025-08-04,ISS_MSFT-CS,Credit Spread,0.0033
2025-08-05,ISS_MSFT-CS,Credit Spread,0.0033
2025-08-06,ISS_MSFT-CS,Credit Spread,0.0032
2025-08-07,ISS_MSFT-CS,Credit Spread,0.0031
2025-08-08,ISS_MSFT-CS,Credit Spread,0.0031
2025-08-11,ISS_MSFT-CS,Credit Spread,0.0032
2025-08-12,ISS_MSFT-CS,Credit Spread,0.003
2025-08-13,ISS_MSFT-CS,Credit Spread,0.003
2025-08-14,ISS_MSFT-CS,Credit Spread,0.0029
2025-08-15,ISS_MSFT-CS,Credit Spread,0.0027
2025-08-18,ISS_MSFT-CS,Credit Spread,0.0028000000000000004
2025-08-19,ISS_MSFT-CS,Credit Spread,0.0029
2025-08-20,ISS_MSFT-CS,Credit Spread,0.003
2025-08-21,ISS_MSFT-CS,Credit Spread,0.0029
2025-08-22,ISS_MSFT-CS,Credit Spread,0.0029
2025-08-25,ISS_MSFT-CS,Credit Spread,0.0028000000000000004
2025-08-26,ISS_MSFT-CS,Credit Spread,0.0029
2025-08-27,ISS_MSFT-CS,Credit Spread,0.0029
2025-08-28,ISS_MSFT-CS,Credit Spread,0.003
2025-08-29,ISS_MSFT-CS,Credit Spread,0.0031
2025-08-31,ISS_MSFT-CS,Credit Spread,0.0033
2025-09-01,ISS_MSFT-CS,Credit Spread,0.0033
2025-09-02,ISS_MSFT-CS,Credit Spread,0.0033
2025-09-03,ISS_MSFT-CS,Credit Spread,0.0032
2025-09-04,ISS_MSFT-CS,Credit Spread,0.0031
2025-09-05,ISS_MSFT-CS,Credit Spread,0.0031
2025-09-08,ISS_MSFT-CS,Credit Spread,0.0032
2025-09-09,ISS_MSFT-CS,Credit Spread,0.0032
2025-09-10,ISS_MSFT-CS,Credit Spread,0.0031
2025-09-11,ISS_MSFT-CS,Credit Spread,0.0031
2025-09-12,ISS_MSFT-CS,Credit Spread,0.003
2025-09-15,ISS_MSFT-CS,Credit Spread,0.0029
2025-09-16,ISS_MSFT-CS,Credit Spread,0.003
2025-09-17,ISS_MSFT-CS,Credit Spread,0.0031
2025-09-18,ISS_MSFT-CS,Credit Spread,0.0029
2025-09-19,ISS_MSFT-CS,Credit Spread,0.0029
2025-09-22,ISS_MSFT-CS,Credit Spread,0.0029
2025-09-23,ISS_MSFT-CS,Credit Spread,0.003
2025-09-24,ISS_MSFT-CS,Credit Spread,0.0031
2025-09-25,ISS_MSFT-CS,Credit Spread,0.0032
2025-09-26,ISS_MSFT-CS,Credit Spread,0.0031
2025-09-29,ISS_MSFT-CS,Credit Spread,0.0031
2025-09-30,ISS_MSFT-CS,Credit Spread,0.0031
2025-10-01,ISS_MSFT-CS,Credit Spread,0.0031
2025-10-02,ISS_MSFT-CS,Credit Spread,0.003
2025-10-03,ISS_MSFT-CS,Credit Spread,0.003
2025-10-06,ISS_MSFT-CS,Credit Spread,0.0029
2025-10-07,ISS_MSFT-CS,Credit Spread,0.003
2025-10-08,ISS_MSFT-CS,Credit Spread,0.003
2025-10-09,ISS_MSFT-CS,Credit Spread,0.0032
2025-10-10,ISS_MSFT-CS,Credit Spread,0.0034000000000000002
2025-10-13,ISS_MSFT-CS,Credit Spread,0.0034000000000000002
2025-10-14,ISS_MSFT-CS,Credit Spread,0.0034000000000000002
2025-10-15,ISS_MSFT-CS,Credit Spread,0.0032
2025-10-16,ISS_MSFT-CS,Credit Spread,0.0033
2025-10-17,ISS_MSFT-CS,Credit Spread,0.0032
2025-10-20,ISS_MSFT-CS,Credit Spread,0.0031
2025-10-21,ISS_MSFT-CS,Credit Spread,0.0032
2025-10-22,ISS_MSFT-CS,Credit Spread,0.0033
2025-10-23,ISS_MSFT-CS,Credit Spread,0.0031
2025-10-24,ISS_MSFT-CS,Credit Spread,0.0031
2025-10-27,ISS_MSFT-CS,Credit Spread,0.003
2025-10-28,ISS_MSFT-CS,Credit Spread,0.003
2025-10-29,ISS_MSFT-CS,Credit Spread,0.003
2025-10-30,ISS_MSFT-CS,Credit Spread,0.0033
2025-10-31,ISS_MSFT-CS,Credit Spread,0.0034999999999999996
2025-11-03,ISS_MSFT-CS,Credit Spread,0.0038
2025-11-04,ISS_MSFT-CS,Credit Spread,0.0038
2025-11-05,ISS_MSFT-CS,Credit Spread,0.0036
2025-11-06,ISS_MSFT-CS,Credit Spread,0.0036
2025-11-07,ISS_MSFT-CS,Credit Spread,0.0037
2025-11-10,ISS_MSFT-CS,Credit Spread,0.0036
2025-11-11,ISS_MSFT-CS,Credit Spread,0.0036
2025-11-12,ISS_MSFT-CS,Credit Spread,0.0036
2025-11-13,ISS_MSFT-CS,Credit Spread,0.0036
2025-11-14,ISS_MSFT-CS,Credit Spread,0.0036
2025-11-17,ISS_MSFT-CS,Credit Spread,0.0036
2025-11-18,ISS_MSFT-CS,Credit Spread,0.0037
2025-11-19,ISS_MSFT-CS,Credit Spread,0.0036
2025-11-20,ISS_MSFT-CS,Credit Spread,0.0037
2025-11-21,ISS_MSFT-CS,Credit Spread,0.0037
2025-11-24,ISS_MSFT-CS,Credit Spread,0.0036
2025-11-25,ISS_MSFT-CS,Credit Spread,0.0034999999999999996
2025-11-26,ISS_MSFT-CS,Credit Spread,0.0034000000000000002
2025-11-27,ISS_MSFT-CS,Credit Spread,0.0034000000000000002
2025-11-28,ISS_MSFT-CS,Credit Spread,0.0033
2025-11-30,ISS_MSFT-CS,Credit Spread,0.0034000000000000002
2025-12-01,ISS_MSFT-CS,Credit Spread,0.0033
2025-12-02,ISS_MSFT-CS,Credit Spread,0.0033
2025-12-03,ISS_MSFT-CS,Credit Spread,0.0033
2025-12-04,ISS_MSFT-CS,Credit Spread,0.0033
2025-12-05,ISS_MSFT-CS,Credit Spread,0.0033
2025-12-08,ISS_MSFT-CS,Credit Spread,0.0032
2025-12-09,ISS_MSFT-CS,Credit Spread,0.0033
2025-12-10,ISS_MSFT-CS,Credit Spread,0.0032
2025-12-11,ISS_MSFT-CS,Credit Spread,0.0033
2025-12-12,ISS_MSFT-CS,Credit Spread,0.0034000000000000002
2025-12-15,ISS_MSFT-CS,Credit Spread,0.0034999999999999996
2025-12-16,ISS_MSFT-CS,Credit Spread,0.0036
2025-12-17,ISS_MSFT-CS,Credit Spread,0.0036
2025-12-18,ISS_MSFT-CS,Credit Spread,0.0034999999999999996
2025-12-19,ISS_MSFT-CS,Credit Spread,0.0034999999999999996
2025-12-22,ISS_MSFT-CS,Credit Spread,0.0034999999999999996
2025-12-23,ISS_MSFT-CS,Credit Spread,0.0034999999999999996
2025-12-24,ISS_MSFT-CS,Credit Spread,0.0034999999999999996
2025-12-26,ISS_MSFT-CS,Credit Spread,0.0034999999999999996
2025-12-29,ISS_MSFT-CS,Credit Spread,0.0034999999999999996
2025-12-30,ISS_MSFT-CS,Credit Spread,0.0034999999999999996
2025-12-31,ISS_MSFT-CS,Credit Spread,0.0034000000000000002
2026-01-02,ISS_MSFT-CS,Credit Spread,0.0034999999999999996
2026-01-05,ISS_MSFT-CS,Credit Spread,0.0034999999999999996
2026-01-06,ISS_MSFT-CS,Credit Spread,0.0034000000000000002
2026-01-07,ISS_MSFT-CS,Credit Spread,0.0034999999999999996
2026-01-08,ISS_MSFT-CS,Credit Spread,0.0034000000000000002
2026-01-09,ISS_MSFT-CS,Credit Spread,0.0034000000000000002
2026-01-12,ISS_MSFT-CS,Credit Spread,0.0034000000000000002
2026-01-13,ISS_MSFT-CS,Credit Spread,0.0034000000000000002
2026-01-14,ISS_MSFT-CS,Credit Spread,0.0034999999999999996
2026-01-15,ISS_MSFT-CS,Credit Spread,0.0034000000000000002
2026-01-16,ISS_MSFT-CS,Credit Spread,0.0034000000000000002
2026-01-19,ISS_MSFT-CS,Credit Spread,0.0034000000000000002
2026-01-20,ISS_MSFT-CS,Credit Spread,0.0033
2026-01-21,ISS_MSFT-CS,Credit Spread,0.0033
2026-01-22,ISS_MSFT-CS,Credit Spread,0.0032
2026-01-23,ISS_MSFT-CS,Credit Spread,0.0032
2026-01-26,ISS_MSFT-CS,Credit Spread,0.0033
2026-01-27,ISS_MSFT-CS,Credit Spread,0.0032
2026-01-28,ISS_MSFT-CS,Credit Spread,0.0031
2026-01-29,ISS_MSFT-CS,Credit Spread,0.0033
2026-01-30,ISS_MSFT-CS,Credit Spread,0.0033
2026-01-31,ISS_MSFT-CS,Credit Spread,0.0033
2026-02-02,ISS_MSFT-CS,Credit Spread,0.0033
2026-02-03,ISS_MSFT-CS,Credit Spread,0.0033
2026-02-04,ISS_MSFT-CS,Credit Spread,0.0034000000000000002
2026-02-05,ISS_MSFT-CS,Credit Spread,0.0034999999999999996
2026-02-06,ISS_MSFT-CS,Credit Spread,0.0034999999999999996
2026-02-09,ISS_MSFT-CS,Credit Spread,0.0034999999999999996
2026-02-10,ISS_MSFT-CS,Credit Spread,0.0037
2026-02-11,ISS_MSFT-CS,Credit Spread,0.0036
2026-02-12,ISS_MSFT-CS,Credit Spread,0.0037
2026-02-13,ISS_MSFT-CS,Credit Spread,0.0037
2026-02-16,ISS_MSFT-CS,Credit Spread,0.0037
2026-02-17,ISS_MSFT-CS,Credit Spread,0.0038
2026-02-18,ISS_MSFT-CS,Credit Spread,0.0036
2026-02-19,ISS_MSFT-CS,Credit Spread,0.0037
2026-02-20,ISS_MSFT-CS,Credit Spread,0.0036
2026-02-23,ISS_MSFT-CS,Credit Spread,0.0038
2026-02-24,ISS_MSFT-CS,Credit Spread,0.0038
2026-02-25,ISS_MSFT-CS,Credit Spread,0.0038
2026-02-26,ISS_MSFT-CS,Credit Spread,0.0039000000000000003
2026-02-27,ISS_MSFT-CS,Credit Spread,0.0040999999999999995
2026-02-28,ISS_MSFT-CS,Credit Spread,0.0043
2026-03-02,ISS_MSFT-CS,Credit Spread,0.0042
2026-03-03,ISS_MSFT-CS,Credit Spread,0.004
2026-03-04,ISS_MSFT-CS,Credit Spread,0.0038
2026-03-05,ISS_MSFT-CS,Credit Spread,0.0039000000000000003
2026-03-06,ISS_MSFT-CS,Credit Spread,0.004
2026-03-09,ISS_MSFT-CS,Credit Spread,0.004
2026-03-10,ISS_MSFT-CS,Credit Spread,0.0040999999999999995
2026-03-11,ISS_MSFT-CS,Credit Spread,0.0042
2026-03-12,ISS_MSFT-CS,Credit Spread,0.0045000000000000005
2026-03-13,ISS_MSFT-CS,Credit Spread,0.0045000000000000005
2026-03-16,ISS_MSFT-CS,Credit Spread,0.0045000000000000005
2026-03-17,ISS_MSFT-CS,Credit Spread,0.0043
2026-03-18,ISS_MSFT-CS,Credit Spread,0.0040999999999999995
2026-03-19,ISS_MSFT-CS,Credit Spread,0.0040999999999999995
2026-03-20,ISS_MSFT-CS,Credit Spread,0.0040999999999999995
2026-03-23,ISS_MSFT-CS,Credit Spread,0.0039000000000000003
2026-03-24,ISS_MSFT-CS,Credit Spread,0.0038
2026-03-25,ISS_MSFT-CS,Credit Spread,0.0038
2026-03-26,ISS_MSFT-CS,Credit Spread,0.004
2026-03-27,ISS_MSFT-CS,Credit Spread,0.0042
2026-03-30,ISS_MSFT-CS,Credit Spread,0.0043
2026-03-31,ISS_MSFT-CS,Credit Spread,0.004
2026-04-01,ISS_MSFT-CS,Credit Spread,0.0038
2026-04-02,ISS_MSFT-CS,Credit Spread,0.0037
2026-04-03,ISS_MSFT-CS,Credit Spread,0.0037
2026-04-06,ISS_MSFT-CS,Credit Spread,0.0034999999999999996
2026-04-07,ISS_MSFT-CS,Credit Spread,0.0037
2026-04-08,ISS_MSFT-CS,Credit Spread,0.0034999999999999996
2026-04-09,ISS_MSFT-CS,Credit Spread,0.0034999999999999996
2026-04-10,ISS_MSFT-CS,Credit Spread,0.0034999999999999996
2026-04-13,ISS_MSFT-CS,Credit Spread,0.0034000000000000002
2026-04-14,ISS_MSFT-CS,Credit Spread,0.0033
2026-04-15,ISS_MSFT-CS,Credit Spread,0.0033
2026-04-16,ISS_MSFT-CS,Credit Spread,0.0033
2026-04-17,ISS_MSFT-CS,Credit Spread,0.0033
2026-04-20,ISS_MSFT-CS,Credit Spread,0.0034000000000000002
2026-04-21,ISS_MSFT-CS,Credit Spread,0.0034000000000000002
2026-04-22,ISS_MSFT-CS,Credit Spread,0.0033
2026-04-23,ISS_MSFT-CS,Credit Spread,0.0034999999999999996
2026-04-24,ISS_MSFT-CS,Credit Spread,0.0036
2026-04-27,ISS_MSFT-CS,Credit Spread,0.0036
2026-04-28,ISS_MSFT-CS,Credit Spread,0.0037
2026-04-29,ISS_MSFT-CS,Credit Spread,0.0036
2026-04-30,ISS_MSFT-CS,Credit Spread,0.0037
2026-05-01,ISS_MSFT-CS,Credit Spread,0.0037
2026-05-04,ISS_MSFT-CS,Credit Spread,0.0037
2026-05-05,ISS_MSFT-CS,Credit Spread,0.0036
2026-05-06,ISS_MSFT-CS,Credit Spread,0.0037
2026-05-07,ISS_MSFT-CS,Credit Spread,0.0038
2026-05-08,ISS_MSFT-CS,Credit Spread,0.0038
2026-05-11,ISS_MSFT-CS,Credit Spread,0.0037
2026-05-12,ISS_MSFT-CS,Credit Spread,0.0036
2026-05-13,ISS_MSFT-CS,Credit Spread,0.0034999999999999996
2026-05-14,ISS_MSFT-CS,Credit Spread,0.0034999999999999996
2026-05-15,ISS_MSFT-CS,Credit Spread,0.0033
2026-05-18,ISS_MSFT-CS,Credit Spread,0.0033
2026-05-19,ISS_MSFT-CS,Credit Spread,0.0034000000000000002
2026-05-20,ISS_MSFT-CS,Credit Spread,0.0033
2026-05-21,ISS_MSFT-CS,Credit Spread,0.0033
2026-05-22,ISS_MSFT-CS,Credit Spread,0.0032
2026-05-25,ISS_MSFT-CS,Credit Spread,0.0032
2026-05-26,ISS_MSFT-CS,Credit Spread,0.0033
2026-05-27,ISS_MSFT-CS,Credit Spread,0.0033
2026-05-28,ISS_MSFT-CS,Credit Spread,0.0033
2026-05-29,ISS_MSFT-CS,Credit Spread,0.0032
2026-05-31,ISS_MSFT-CS,Credit Spread,0.0032
2026-06-01,ISS_MSFT-CS,Credit Spread,0.0032
2026-06-02,ISS_MSFT-CS,Credit Spread,0.0032
2026-06-03,ISS_MSFT-CS,Credit Spread,0.0032
2026-06-04,ISS_MSFT-CS,Credit Spread,0.0032
2026-06-05,ISS_MSFT-CS,Credit Spread,0.0033
2026-06-08,ISS_MSFT-CS,Credit Spread,0.0033
2026-06-09,ISS_MSFT-CS,Credit Spread,0.0033
2026-06-10,ISS_MSFT-CS,Credit Spread,0.0034000000000000002
2026-06-11,ISS_MSFT-CS,Credit Spread,0.0034000000000000002
2026-06-12,ISS_MSFT-CS,Credit Spread,0.0033
2026-06-15,ISS_MSFT-CS,Credit Spread,0.0034000000000000002
2026-06-16,ISS_MSFT-CS,Credit Spread,0.0034999999999999996
2026-06-17,ISS_MSFT-CS,Credit Spread,0.0036
2026-06-18,ISS_MSFT-CS,Credit Spread,0.0036
2026-06-19,ISS_MSFT-CS,Credit Spread,0.0036
2026-06-22,ISS_MSFT-CS,Credit Spread,0.0036
2026-06-23,ISS_MSFT-CS,Credit Spread,0.0036
2026-06-24,ISS_MSFT-CS,Credit Spread,0.0037
2026-06-25,ISS_MSFT-CS,Credit Spread,0.0038
2026-06-26,ISS_MSFT-CS,Credit Spread,0.0039000000000000003
2026-06-29,ISS_MSFT-CS,Credit Spread,0.0038
2026-06-30,ISS_MSFT-CS,Credit Spread,0.0038
2026-07-01,ISS_MSFT-CS,Credit Spread,0.0037
2026-07-02,ISS_MSFT-CS,Credit Spread,0.0037
2026-07-03,ISS_MSFT-CS,Credit Spread,0.0037
2026-07-06,ISS_MSFT-CS,Credit Spread,0.0037
2026-07-07,ISS_MSFT-CS,Credit Spread,0.0039000000000000003
2026-07-08,ISS_MSFT-CS,Credit Spread,0.0038
2026-07-09,ISS_MSFT-CS,Credit Spread,0.0039000000000000003
2026-07-10,ISS_MSFT-CS,Credit Spread,0.004
2026-07-13,ISS_MSFT-CS,Credit Spread,0.0040999999999999995
2026-07-14,ISS_MSFT-CS,Credit Spread,0.0042
2026-07-15,ISS_MSFT-CS,Credit Spread,0.0040999999999999995
2026-07-16,ISS_MSFT-CS,Credit Spread,0.004
2026-07-17,ISS_MSFT-CS,Credit Spread,0.0040999999999999995
2026-07-20,ISS_MSFT-CS,Credit Spread,0.0040999999999999995
2026-07-21,ISS_MSFT-CS,Credit Spread,0.0040999999999999995
2026-07-22,ISS_MSFT-CS,Credit Spread,0.0040999999999999995
2026-07-23,ISS_MSFT-CS,Credit Spread,0.0043
2026-07-24,ISS_MSFT-CS,Credit Spread,0.0045000000000000005
2026-07-27,ISS_MSFT-CS,Credit Spread,0.0046
2026-07-28,ISS_MSFT-CS,Credit Spread,0.0046
2026-07-29,ISS_MSFT-CS,Credit Spread,0.0046
2026-07-30,ISS_MSFT-CS,Credit Spread,0.0043
2026-07-31,ISS_MSFT-CS,Credit Spread,0.0040999999999999995
2026-08-03,ISS_MSFT-CS,Credit Spread,0.0039000000000000003
2026-08-04,ISS_MSFT-CS,Credit Spread,0.0039000000000000003
2026-08-05,ISS_MSFT-CS,Credit Spread,0.0038
2026-08-06,ISS_MSFT-CS,Credit Spread,0.0039000000000000003
2026-08-07,ISS_MSFT-CS,Credit Spread,0.0039000000000000003
2026-08-10,ISS_MSFT-CS,Credit Spread,0.004
2026-08-11,ISS_MSFT-CS,Credit Spread,0.0040999999999999995
2026-08-12,ISS_MSFT-CS,Credit Spread,0.004
2026-08-13,ISS_MSFT-CS,Credit Spread,0.0040999999999999995
2026-08-14,ISS_MSFT-CS,Credit Spread,0.0040999999999999995
2026-08-17,ISS_MSFT-CS,Credit Spread,0.0042
2026-08-18,ISS_MSFT-CS,Credit Spread,0.0042
2026-08-19,ISS_MSFT-CS,Credit Spread,0.0042
2026-08-20,ISS_MSFT-CS,Credit Spread,0.0042
2026-08-21,ISS_MSFT-CS,Credit Spread,0.0043
2026-08-24,ISS_MSFT-CS,Credit Spread,0.0042
2026-08-25,ISS_MSFT-CS,Credit Spread,0.0042
2026-08-26,ISS_MSFT-CS,Credit Spread,0.0042
2026-08-27,ISS_MSFT-CS,Credit Spread,0.0042
2026-08-28,ISS_MSFT-CS,Credit Spread,0.0040999999999999995
2026-08-31,ISS_MSFT-CS,Credit Spread,0.0042
2026-09-01,ISS_MSFT-CS,Credit Spread,0.0042
2026-09-02,ISS_MSFT-CS,Credit Spread,0.0043
2026-09-03,ISS_MSFT-CS,Credit Spread,0.0044
2024-09-04,ISS_XOM-CS,Credit Spread,0.005699999999999999
2024-09-05,ISS_XOM-CS,Credit Spread,0.005699999999999999
2024-09-06,ISS_XOM-CS,Credit Spread,0.005699999999999999
2024-09-09,ISS_XOM-CS,Credit Spread,0.005699999999999999
2024-09-10,ISS_XOM-CS,Credit Spread,0.0058
2024-09-11,ISS_XOM-CS,Credit Spread,0.0058
2024-09-12,ISS_XOM-CS,Credit Spread,0.005699999999999999
2024-09-13,ISS_XOM-CS,Credit Spread,0.005600000000000001
2024-09-16,ISS_XOM-CS,Credit Spread,0.005600000000000001
2024-09-17,ISS_XOM-CS,Credit Spread,0.0055000000000000005
2024-09-18,ISS_XOM-CS,Credit Spread,0.0054
2024-09-19,ISS_XOM-CS,Credit Spread,0.0052
2024-09-20,ISS_XOM-CS,Credit Spread,0.0052
2024-09-23,ISS_XOM-CS,Credit Spread,0.0051
2024-09-24,ISS_XOM-CS,Credit Spread,0.0051
2024-09-25,ISS_XOM-CS,Credit Spread,0.0051
2024-09-26,ISS_XOM-CS,Credit Spread,0.0051
2024-09-27,ISS_XOM-CS,Credit Spread,0.0052
2024-09-30,ISS_XOM-CS,Credit Spread,0.0052
2024-10-01,ISS_XOM-CS,Credit Spread,0.0052
2024-10-02,ISS_XOM-CS,Credit Spread,0.0052
2024-10-03,ISS_XOM-CS,Credit Spread,0.0051
2024-10-04,ISS_XOM-CS,Credit Spread,0.0048
2024-10-07,ISS_XOM-CS,Credit Spread,0.0048
2024-10-08,ISS_XOM-CS,Credit Spread,0.0049
2024-10-09,ISS_XOM-CS,Credit Spread,0.0048
2024-10-10,ISS_XOM-CS,Credit Spread,0.004699999999999999
2024-10-11,ISS_XOM-CS,Credit Spread,0.0046
2024-10-14,ISS_XOM-CS,Credit Spread,0.0046
2024-10-15,ISS_XOM-CS,Credit Spread,0.0046
2024-10-16,ISS_XOM-CS,Credit Spread,0.0046
2024-10-17,ISS_XOM-CS,Credit Spread,0.0046
2024-10-18,ISS_XOM-CS,Credit Spread,0.0046
2024-10-21,ISS_XOM-CS,Credit Spread,0.004699999999999999
2024-10-22,ISS_XOM-CS,Credit Spread,0.0048
2024-10-23,ISS_XOM-CS,Credit Spread,0.0048
2024-10-24,ISS_XOM-CS,Credit Spread,0.0049
2024-10-25,ISS_XOM-CS,Credit Spread,0.0048
2024-10-28,ISS_XOM-CS,Credit Spread,0.0048
2024-10-29,ISS_XOM-CS,Credit Spread,0.0048
2024-10-30,ISS_XOM-CS,Credit Spread,0.0048
2024-10-31,ISS_XOM-CS,Credit Spread,0.0049
2024-11-01,ISS_XOM-CS,Credit Spread,0.0049
2024-11-04,ISS_XOM-CS,Credit Spread,0.0049
2024-11-05,ISS_XOM-CS,Credit Spread,0.0048
2024-11-06,ISS_XOM-CS,Credit Spread,0.0045000000000000005
2024-11-07,ISS_XOM-CS,Credit Spread,0.0043
2024-11-08,ISS_XOM-CS,Credit Spread,0.0043
2024-11-11,ISS_XOM-CS,Credit Spread,0.0043
2024-11-12,ISS_XOM-CS,Credit Spread,0.0043
2024-11-13,ISS_XOM-CS,Credit Spread,0.0044
2024-11-14,ISS_XOM-CS,Credit Spread,0.0045000000000000005
2024-11-15,ISS_XOM-CS,Credit Spread,0.0046
2024-11-18,ISS_XOM-CS,Credit Spread,0.0045000000000000005
2024-11-19,ISS_XOM-CS,Credit Spread,0.0045000000000000005
2024-11-20,ISS_XOM-CS,Credit Spread,0.0046
2024-11-21,ISS_XOM-CS,Credit Spread,0.0046
2024-11-22,ISS_XOM-CS,Credit Spread,0.0046
2024-11-25,ISS_XOM-CS,Credit Spread,0.0046
2024-11-26,ISS_XOM-CS,Credit Spread,0.004699999999999999
2024-11-27,ISS_XOM-CS,Credit Spread,0.0048
2024-11-28,ISS_XOM-CS,Credit Spread,0.0048
2024-11-29,ISS_XOM-CS,Credit Spread,0.004699999999999999
2024-11-30,ISS_XOM-CS,Credit Spread,0.0048
2024-12-02,ISS_XOM-CS,Credit Spread,0.004699999999999999
2024-12-03,ISS_XOM-CS,Credit Spread,0.0046
2024-12-04,ISS_XOM-CS,Credit Spread,0.0046
2024-12-05,ISS_XOM-CS,Credit Spread,0.004699999999999999
2024-12-06,ISS_XOM-CS,Credit Spread,0.004699999999999999
2024-12-09,ISS_XOM-CS,Credit Spread,0.004699999999999999
2024-12-10,ISS_XOM-CS,Credit Spread,0.0046
2024-12-11,ISS_XOM-CS,Credit Spread,0.0045000000000000005
2024-12-12,ISS_XOM-CS,Credit Spread,0.0045000000000000005
2024-12-13,ISS_XOM-CS,Credit Spread,0.0045000000000000005
2024-12-16,ISS_XOM-CS,Credit Spread,0.0045000000000000005
2024-12-17,ISS_XOM-CS,Credit Spread,0.0045000000000000005
2024-12-18,ISS_XOM-CS,Credit Spread,0.0045000000000000005
2024-12-19,ISS_XOM-CS,Credit Spread,0.004699999999999999
2024-12-20,ISS_XOM-CS,Credit Spread,0.0048
2024-12-23,ISS_XOM-CS,Credit Spread,0.0048
2024-12-24,ISS_XOM-CS,Credit Spread,0.004699999999999999
2024-12-26,ISS_XOM-CS,Credit Spread,0.004699999999999999
2024-12-27,ISS_XOM-CS,Credit Spread,0.0046
2024-12-30,ISS_XOM-CS,Credit Spread,0.004699999999999999
2024-12-31,ISS_XOM-CS,Credit Spread,0.0048
2025-01-02,ISS_XOM-CS,Credit Spread,0.0048
2025-01-03,ISS_XOM-CS,Credit Spread,0.0048
2025-01-06,ISS_XOM-CS,Credit Spread,0.0048
2025-01-07,ISS_XOM-CS,Credit Spread,0.0048
2025-01-08,ISS_XOM-CS,Credit Spread,0.0048
2025-01-09,ISS_XOM-CS,Credit Spread,0.0048
2025-01-10,ISS_XOM-CS,Credit Spread,0.0048
2025-01-13,ISS_XOM-CS,Credit Spread,0.0048
2025-01-14,ISS_XOM-CS,Credit Spread,0.0048
2025-01-15,ISS_XOM-CS,Credit Spread,0.004699999999999999
2025-01-16,ISS_XOM-CS,Credit Spread,0.004699999999999999
2025-01-17,ISS_XOM-CS,Credit Spread,0.004699999999999999
2025-01-20,ISS_XOM-CS,Credit Spread,0.004699999999999999
2025-01-21,ISS_XOM-CS,Credit Spread,0.004699999999999999
2025-01-22,ISS_XOM-CS,Credit Spread,0.0046
2025-01-23,ISS_XOM-CS,Credit Spread,0.0046
2025-01-24,ISS_XOM-CS,Credit Spread,0.0045000000000000005
2025-01-27,ISS_XOM-CS,Credit Spread,0.0046
2025-01-28,ISS_XOM-CS,Credit Spread,0.0046
2025-01-29,ISS_XOM-CS,Credit Spread,0.0046
2025-01-30,ISS_XOM-CS,Credit Spread,0.004699999999999999
2025-01-31,ISS_XOM-CS,Credit Spread,0.0046
2025-02-03,ISS_XOM-CS,Credit Spread,0.004699999999999999
2025-02-04,ISS_XOM-CS,Credit Spread,0.004699999999999999
2025-02-05,ISS_XOM-CS,Credit Spread,0.004699999999999999
2025-02-06,ISS_XOM-CS,Credit Spread,0.0048
2025-02-07,ISS_XOM-CS,Credit Spread,0.0048
2025-02-10,ISS_XOM-CS,Credit Spread,0.0048
2025-02-11,ISS_XOM-CS,Credit Spread,0.004699999999999999
2025-02-12,ISS_XOM-CS,Credit Spread,0.0046
2025-02-13,ISS_XOM-CS,Credit Spread,0.0046
2025-02-14,ISS_XOM-CS,Credit Spread,0.0045000000000000005
2025-02-17,ISS_XOM-CS,Credit Spread,0.0045000000000000005
2025-02-18,ISS_XOM-CS,Credit Spread,0.0044
2025-02-19,ISS_XOM-CS,Credit Spread,0.0045000000000000005
2025-02-20,ISS_XOM-CS,Credit Spread,0.0045000000000000005
2025-02-21,ISS_XOM-CS,Credit Spread,0.0046
2025-02-24,ISS_XOM-CS,Credit Spread,0.0046
2025-02-25,ISS_XOM-CS,Credit Spread,0.0048
2025-02-26,ISS_XOM-CS,Credit Spread,0.0049
2025-02-27,ISS_XOM-CS,Credit Spread,0.0049
2025-02-28,ISS_XOM-CS,Credit Spread,0.0051
2025-03-03,ISS_XOM-CS,Credit Spread,0.0052
2025-03-04,ISS_XOM-CS,Credit Spread,0.0052
2025-03-05,ISS_XOM-CS,Credit Spread,0.005
2025-03-06,ISS_XOM-CS,Credit Spread,0.0051
2025-03-07,ISS_XOM-CS,Credit Spread,0.0051
2025-03-10,ISS_XOM-CS,Credit Spread,0.0053
2025-03-11,ISS_XOM-CS,Credit Spread,0.0055000000000000005
2025-03-12,ISS_XOM-CS,Credit Spread,0.005699999999999999
2025-03-13,ISS_XOM-CS,Credit Spread,0.0058
2025-03-14,ISS_XOM-CS,Credit Spread,0.0055000000000000005
2025-03-17,ISS_XOM-CS,Credit Spread,0.0054
2025-03-18,ISS_XOM-CS,Credit Spread,0.0054
2025-03-19,ISS_XOM-CS,Credit Spread,0.0052
2025-03-20,ISS_XOM-CS,Credit Spread,0.0052
2025-03-21,ISS_XOM-CS,Credit Spread,0.0053
2025-03-24,ISS_XOM-CS,Credit Spread,0.0052
2025-03-25,ISS_XOM-CS,Credit Spread,0.0051
2025-03-26,ISS_XOM-CS,Credit Spread,0.0052
2025-03-27,ISS_XOM-CS,Credit Spread,0.0052
2025-03-28,ISS_XOM-CS,Credit Spread,0.0054
2025-03-31,ISS_XOM-CS,Credit Spread,0.005600000000000001
2025-04-01,ISS_XOM-CS,Credit Spread,0.005699999999999999
2025-04-02,ISS_XOM-CS,Credit Spread,0.005600000000000001
2025-04-03,ISS_XOM-CS,Credit Spread,0.0063
2025-04-04,ISS_XOM-CS,Credit Spread,0.006999999999999999
2025-04-07,ISS_XOM-CS,Credit Spread,0.0073
2025-04-08,ISS_XOM-CS,Credit Spread,0.006999999999999999
2025-04-09,ISS_XOM-CS,Credit Spread,0.0073
2025-04-10,ISS_XOM-CS,Credit Spread,0.0068000000000000005
2025-04-11,ISS_XOM-CS,Credit Spread,0.0068000000000000005
2025-04-14,ISS_XOM-CS,Credit Spread,0.006500000000000001
2025-04-15,ISS_XOM-CS,Credit Spread,0.0064
2025-04-16,ISS_XOM-CS,Credit Spread,0.0063
2025-04-17,ISS_XOM-CS,Credit Spread,0.0062
2025-04-21,ISS_XOM-CS,Credit Spread,0.0062
2025-04-22,ISS_XOM-CS,Credit Spread,0.0062
2025-04-23,ISS_XOM-CS,Credit Spread,0.006
2025-04-24,ISS_XOM-CS,Credit Spread,0.0059
2025-04-25,ISS_XOM-CS,Credit Spread,0.005699999999999999
2025-04-28,ISS_XOM-CS,Credit Spread,0.005699999999999999
2025-04-29,ISS_XOM-CS,Credit Spread,0.0059
2025-04-30,ISS_XOM-CS,Credit Spread,0.0060999999999999995
2025-05-01,ISS_XOM-CS,Credit Spread,0.0060999999999999995
2025-05-02,ISS_XOM-CS,Credit Spread,0.0059
2025-05-05,ISS_XOM-CS,Credit Spread,0.0058
2025-05-06,ISS_XOM-CS,Credit Spread,0.0059
2025-05-07,ISS_XOM-CS,Credit Spread,0.0058
2025-05-08,ISS_XOM-CS,Credit Spread,0.005600000000000001
2025-05-09,ISS_XOM-CS,Credit Spread,0.005600000000000001
2025-05-12,ISS_XOM-CS,Credit Spread,0.0052
2025-05-13,ISS_XOM-CS,Credit Spread,0.005
2025-05-14,ISS_XOM-CS,Credit Spread,0.005
2025-05-15,ISS_XOM-CS,Credit Spread,0.005
2025-05-16,ISS_XOM-CS,Credit Spread,0.005
2025-05-19,ISS_XOM-CS,Credit Spread,0.0049
2025-05-20,ISS_XOM-CS,Credit Spread,0.0048
2025-05-21,ISS_XOM-CS,Credit Spread,0.0049
2025-05-22,ISS_XOM-CS,Credit Spread,0.0049
2025-05-23,ISS_XOM-CS,Credit Spread,0.005
2025-05-26,ISS_XOM-CS,Credit Spread,0.005
2025-05-27,ISS_XOM-CS,Credit Spread,0.0049
2025-05-28,ISS_XOM-CS,Credit Spread,0.0048
2025-05-29,ISS_XOM-CS,Credit Spread,0.0048
2025-05-30,ISS_XOM-CS,Credit Spread,0.0049
2025-05-31,ISS_XOM-CS,Credit Spread,0.005
2025-06-02,ISS_XOM-CS,Credit Spread,0.0049
2025-06-03,ISS_XOM-CS,Credit Spread,0.0048
2025-06-04,ISS_XOM-CS,Credit Spread,0.0048
2025-06-05,ISS_XOM-CS,Credit Spread,0.0049
2025-06-06,ISS_XOM-CS,Credit Spread,0.0048
2025-06-09,ISS_XOM-CS,Credit Spread,0.004699999999999999
2025-06-10,ISS_XOM-CS,Credit Spread,0.0048
2025-06-11,ISS_XOM-CS,Credit Spread,0.0048
2025-06-12,ISS_XOM-CS,Credit Spread,0.0049
2025-06-13,ISS_XOM-CS,Credit Spread,0.0049
2025-06-16,ISS_XOM-CS,Credit Spread,0.0048
2025-06-17,ISS_XOM-CS,Credit Spread,0.0049
2025-06-18,ISS_XOM-CS,Credit Spread,0.005
2025-06-19,ISS_XOM-CS,Credit Spread,0.005
2025-06-20,ISS_XOM-CS,Credit Spread,0.005
2025-06-23,ISS_XOM-CS,Credit Spread,0.005
2025-06-24,ISS_XOM-CS,Credit Spread,0.0049
2025-06-25,ISS_XOM-CS,Credit Spread,0.005
2025-06-26,ISS_XOM-CS,Credit Spread,0.005
2025-06-27,ISS_XOM-CS,Credit Spread,0.005
2025-06-30,ISS_XOM-CS,Credit Spread,0.0049
2025-07-01,ISS_XOM-CS,Credit Spread,0.0048
2025-07-02,ISS_XOM-CS,Credit Spread,0.0046
2025-07-03,ISS_XOM-CS,Credit Spread,0.0045000000000000005
2025-07-04,ISS_XOM-CS,Credit Spread,0.0045000000000000005
2025-07-07,ISS_XOM-CS,Credit Spread,0.0045000000000000005
2025-07-08,ISS_XOM-CS,Credit Spread,0.0046
2025-07-09,ISS_XOM-CS,Credit Spread,0.004699999999999999
2025-07-10,ISS_XOM-CS,Credit Spread,0.004699999999999999
2025-07-11,ISS_XOM-CS,Credit Spread,0.004699999999999999
2025-07-14,ISS_XOM-CS,Credit Spread,0.004699999999999999
2025-07-15,ISS_XOM-CS,Credit Spread,0.0046
2025-07-16,ISS_XOM-CS,Credit Spread,0.0045000000000000005
2025-07-17,ISS_XOM-CS,Credit Spread,0.0044
2025-07-18,ISS_XOM-CS,Credit Spread,0.0044
2025-07-21,ISS_XOM-CS,Credit Spread,0.0044
2025-07-22,ISS_XOM-CS,Credit Spread,0.0045000000000000005
2025-07-23,ISS_XOM-CS,Credit Spread,0.0044
2025-07-24,ISS_XOM-CS,Credit Spread,0.0044
2025-07-25,ISS_XOM-CS,Credit Spread,0.0043
2025-07-28,ISS_XOM-CS,Credit Spread,0.0043
2025-07-29,ISS_XOM-CS,Credit Spread,0.0044
2025-07-30,ISS_XOM-CS,Credit Spread,0.0044
2025-07-31,ISS_XOM-CS,Credit Spread,0.0044
2025-08-01,ISS_XOM-CS,Credit Spread,0.004699999999999999
2025-08-04,ISS_XOM-CS,Credit Spread,0.004699999999999999
2025-08-05,ISS_XOM-CS,Credit Spread,0.004699999999999999
2025-08-06,ISS_XOM-CS,Credit Spread,0.0046
2025-08-07,ISS_XOM-CS,Credit Spread,0.0045000000000000005
2025-08-08,ISS_XOM-CS,Credit Spread,0.0045000000000000005
2025-08-11,ISS_XOM-CS,Credit Spread,0.0046
2025-08-12,ISS_XOM-CS,Credit Spread,0.0044
2025-08-13,ISS_XOM-CS,Credit Spread,0.0043
2025-08-14,ISS_XOM-CS,Credit Spread,0.0042
2025-08-15,ISS_XOM-CS,Credit Spread,0.0042
2025-08-18,ISS_XOM-CS,Credit Spread,0.0040999999999999995
2025-08-19,ISS_XOM-CS,Credit Spread,0.0042
2025-08-20,ISS_XOM-CS,Credit Spread,0.0043
2025-08-21,ISS_XOM-CS,Credit Spread,0.0043
2025-08-22,ISS_XOM-CS,Credit Spread,0.0043
2025-08-25,ISS_XOM-CS,Credit Spread,0.0042
2025-08-26,ISS_XOM-CS,Credit Spread,0.0043
2025-08-27,ISS_XOM-CS,Credit Spread,0.0044
2025-08-28,ISS_XOM-CS,Credit Spread,0.0044
2025-08-29,ISS_XOM-CS,Credit Spread,0.0045000000000000005
2025-08-31,ISS_XOM-CS,Credit Spread,0.0045000000000000005
2025-09-01,ISS_XOM-CS,Credit Spread,0.0045000000000000005
2025-09-02,ISS_XOM-CS,Credit Spread,0.0046
2025-09-03,ISS_XOM-CS,Credit Spread,0.0045000000000000005
2025-09-04,ISS_XOM-CS,Credit Spread,0.0044
2025-09-05,ISS_XOM-CS,Credit Spread,0.0044
2025-09-08,ISS_XOM-CS,Credit Spread,0.0045000000000000005
2025-09-09,ISS_XOM-CS,Credit Spread,0.0045000000000000005
2025-09-10,ISS_XOM-CS,Credit Spread,0.0045000000000000005
2025-09-11,ISS_XOM-CS,Credit Spread,0.0044
2025-09-12,ISS_XOM-CS,Credit Spread,0.0043
2025-09-15,ISS_XOM-CS,Credit Spread,0.0042
2025-09-16,ISS_XOM-CS,Credit Spread,0.0043
2025-09-17,ISS_XOM-CS,Credit Spread,0.0043
2025-09-18,ISS_XOM-CS,Credit Spread,0.0042
2025-09-19,ISS_XOM-CS,Credit Spread,0.0040999999999999995
2025-09-22,ISS_XOM-CS,Credit Spread,0.0040999999999999995
2025-09-23,ISS_XOM-CS,Credit Spread,0.0042
2025-09-24,ISS_XOM-CS,Credit Spread,0.0043
2025-09-25,ISS_XOM-CS,Credit Spread,0.0044
2025-09-26,ISS_XOM-CS,Credit Spread,0.0043
2025-09-29,ISS_XOM-CS,Credit Spread,0.0042
2025-09-30,ISS_XOM-CS,Credit Spread,0.0043
2025-10-01,ISS_XOM-CS,Credit Spread,0.0043
2025-10-02,ISS_XOM-CS,Credit Spread,0.0043
2025-10-03,ISS_XOM-CS,Credit Spread,0.0042
2025-10-06,ISS_XOM-CS,Credit Spread,0.0042
2025-10-07,ISS_XOM-CS,Credit Spread,0.0043
2025-10-08,ISS_XOM-CS,Credit Spread,0.0043
2025-10-09,ISS_XOM-CS,Credit Spread,0.0044
2025-10-10,ISS_XOM-CS,Credit Spread,0.004699999999999999
2025-10-13,ISS_XOM-CS,Credit Spread,0.004699999999999999
2025-10-14,ISS_XOM-CS,Credit Spread,0.004699999999999999
2025-10-15,ISS_XOM-CS,Credit Spread,0.0045000000000000005
2025-10-16,ISS_XOM-CS,Credit Spread,0.0046
2025-10-17,ISS_XOM-CS,Credit Spread,0.0046
2025-10-20,ISS_XOM-CS,Credit Spread,0.0045000000000000005
2025-10-21,ISS_XOM-CS,Credit Spread,0.0045000000000000005
2025-10-22,ISS_XOM-CS,Credit Spread,0.0046
2025-10-23,ISS_XOM-CS,Credit Spread,0.0045000000000000005
2025-10-24,ISS_XOM-CS,Credit Spread,0.0044
2025-10-27,ISS_XOM-CS,Credit Spread,0.0043
2025-10-28,ISS_XOM-CS,Credit Spread,0.0043
2025-10-29,ISS_XOM-CS,Credit Spread,0.0043
2025-10-30,ISS_XOM-CS,Credit Spread,0.0045000000000000005
2025-10-31,ISS_XOM-CS,Credit Spread,0.004699999999999999
2025-11-03,ISS_XOM-CS,Credit Spread,0.0049
2025-11-04,ISS_XOM-CS,Credit Spread,0.0049
2025-11-05,ISS_XOM-CS,Credit Spread,0.004699999999999999
2025-11-06,ISS_XOM-CS,Credit Spread,0.0048
2025-11-07,ISS_XOM-CS,Credit Spread,0.0049
2025-11-10,ISS_XOM-CS,Credit Spread,0.0048
2025-11-11,ISS_XOM-CS,Credit Spread,0.0048
2025-11-12,ISS_XOM-CS,Credit Spread,0.0049
2025-11-13,ISS_XOM-CS,Credit Spread,0.0049
2025-11-14,ISS_XOM-CS,Credit Spread,0.0048
2025-11-17,ISS_XOM-CS,Credit Spread,0.0049
2025-11-18,ISS_XOM-CS,Credit Spread,0.0049
2025-11-19,ISS_XOM-CS,Credit Spread,0.0049
2025-11-20,ISS_XOM-CS,Credit Spread,0.005
2025-11-21,ISS_XOM-CS,Credit Spread,0.005
2025-11-24,ISS_XOM-CS,Credit Spread,0.005
2025-11-25,ISS_XOM-CS,Credit Spread,0.0049
2025-11-26,ISS_XOM-CS,Credit Spread,0.0048
2025-11-27,ISS_XOM-CS,Credit Spread,0.0048
2025-11-28,ISS_XOM-CS,Credit Spread,0.004699999999999999
2025-11-30,ISS_XOM-CS,Credit Spread,0.0049
2025-12-01,ISS_XOM-CS,Credit Spread,0.0049
2025-12-02,ISS_XOM-CS,Credit Spread,0.0048
2025-12-03,ISS_XOM-CS,Credit Spread,0.0048
2025-12-04,ISS_XOM-CS,Credit Spread,0.0048
2025-12-05,ISS_XOM-CS,Credit Spread,0.004699999999999999
2025-12-08,ISS_XOM-CS,Credit Spread,0.004699999999999999
2025-12-09,ISS_XOM-CS,Credit Spread,0.004699999999999999
2025-12-10,ISS_XOM-CS,Credit Spread,0.004699999999999999
2025-12-11,ISS_XOM-CS,Credit Spread,0.004699999999999999
2025-12-12,ISS_XOM-CS,Credit Spread,0.0048
2025-12-15,ISS_XOM-CS,Credit Spread,0.0049
2025-12-16,ISS_XOM-CS,Credit Spread,0.0049
2025-12-17,ISS_XOM-CS,Credit Spread,0.0049
2025-12-18,ISS_XOM-CS,Credit Spread,0.0049
2025-12-19,ISS_XOM-CS,Credit Spread,0.0049
2025-12-22,ISS_XOM-CS,Credit Spread,0.0049
2025-12-23,ISS_XOM-CS,Credit Spread,0.0048
2025-12-24,ISS_XOM-CS,Credit Spread,0.0048
2025-12-26,ISS_XOM-CS,Credit Spread,0.0048
2025-12-29,ISS_XOM-CS,Credit Spread,0.0048
2025-12-30,ISS_XOM-CS,Credit Spread,0.0048
2025-12-31,ISS_XOM-CS,Credit Spread,0.0049
2026-01-02,ISS_XOM-CS,Credit Spread,0.0049
2026-01-05,ISS_XOM-CS,Credit Spread,0.0049
2026-01-06,ISS_XOM-CS,Credit Spread,0.0048
2026-01-07,ISS_XOM-CS,Credit Spread,0.0049
2026-01-08,ISS_XOM-CS,Credit Spread,0.0049
2026-01-09,ISS_XOM-CS,Credit Spread,0.0048
2026-01-12,ISS_XOM-CS,Credit Spread,0.0048
2026-01-13,ISS_XOM-CS,Credit Spread,0.0048
2026-01-14,ISS_XOM-CS,Credit Spread,0.0048
2026-01-15,ISS_XOM-CS,Credit Spread,0.004699999999999999
2026-01-16,ISS_XOM-CS,Credit Spread,0.0046
2026-01-19,ISS_XOM-CS,Credit Spread,0.0046
2026-01-20,ISS_XOM-CS,Credit Spread,0.0046
2026-01-21,ISS_XOM-CS,Credit Spread,0.0045000000000000005
2026-01-22,ISS_XOM-CS,Credit Spread,0.0044
2026-01-23,ISS_XOM-CS,Credit Spread,0.0045000000000000005
2026-01-26,ISS_XOM-CS,Credit Spread,0.0046
2026-01-27,ISS_XOM-CS,Credit Spread,0.0045000000000000005
2026-01-28,ISS_XOM-CS,Credit Spread,0.0045000000000000005
2026-01-29,ISS_XOM-CS,Credit Spread,0.0045000000000000005
2026-01-30,ISS_XOM-CS,Credit Spread,0.0045000000000000005
2026-01-31,ISS_XOM-CS,Credit Spread,0.0046
2026-02-02,ISS_XOM-CS,Credit Spread,0.0045000000000000005
2026-02-03,ISS_XOM-CS,Credit Spread,0.0045000000000000005
2026-02-04,ISS_XOM-CS,Credit Spread,0.0046
2026-02-05,ISS_XOM-CS,Credit Spread,0.004699999999999999
2026-02-06,ISS_XOM-CS,Credit Spread,0.0048
2026-02-09,ISS_XOM-CS,Credit Spread,0.0048
2026-02-10,ISS_XOM-CS,Credit Spread,0.0049
2026-02-11,ISS_XOM-CS,Credit Spread,0.0048
2026-02-12,ISS_XOM-CS,Credit Spread,0.0049
2026-02-13,ISS_XOM-CS,Credit Spread,0.005
2026-02-16,ISS_XOM-CS,Credit Spread,0.005
2026-02-17,ISS_XOM-CS,Credit Spread,0.005
2026-02-18,ISS_XOM-CS,Credit Spread,0.0049
2026-02-19,ISS_XOM-CS,Credit Spread,0.0049
2026-02-20,ISS_XOM-CS,Credit Spread,0.0048
2026-02-23,ISS_XOM-CS,Credit Spread,0.005
2026-02-24,ISS_XOM-CS,Credit Spread,0.0051
2026-02-25,ISS_XOM-CS,Credit Spread,0.005
2026-02-26,ISS_XOM-CS,Credit Spread,0.0051
2026-02-27,ISS_XOM-CS,Credit Spread,0.0054
2026-02-28,ISS_XOM-CS,Credit Spread,0.0055000000000000005
2026-03-02,ISS_XOM-CS,Credit Spread,0.0053
2026-03-03,ISS_XOM-CS,Credit Spread,0.0053
2026-03-04,ISS_XOM-CS,Credit Spread,0.0051
2026-03-05,ISS_XOM-CS,Credit Spread,0.0051
2026-03-06,ISS_XOM-CS,Credit Spread,0.0053
2026-03-09,ISS_XOM-CS,Credit Spread,0.0053
2026-03-10,ISS_XOM-CS,Credit Spread,0.0054
2026-03-11,ISS_XOM-CS,Credit Spread,0.005600000000000001
2026-03-12,ISS_XOM-CS,Credit Spread,0.0058
2026-03-13,ISS_XOM-CS,Credit Spread,0.006
2026-03-16,ISS_XOM-CS,Credit Spread,0.006
2026-03-17,ISS_XOM-CS,Credit Spread,0.0058
2026-03-18,ISS_XOM-CS,Credit Spread,0.005699999999999999
2026-03-19,ISS_XOM-CS,Credit Spread,0.005600000000000001
2026-03-20,ISS_XOM-CS,Credit Spread,0.0055000000000000005
2026-03-23,ISS_XOM-CS,Credit Spread,0.0054
2026-03-24,ISS_XOM-CS,Credit Spread,0.0054
2026-03-25,ISS_XOM-CS,Credit Spread,0.0054
2026-03-26,ISS_XOM-CS,Credit Spread,0.0055000000000000005
2026-03-27,ISS_XOM-CS,Credit Spread,0.005699999999999999
2026-03-30,ISS_XOM-CS,Credit Spread,0.0058
2026-03-31,ISS_XOM-CS,Credit Spread,0.005600000000000001
2026-04-01,ISS_XOM-CS,Credit Spread,0.0054
2026-04-02,ISS_XOM-CS,Credit Spread,0.0053
2026-04-03,ISS_XOM-CS,Credit Spread,0.0053
2026-04-06,ISS_XOM-CS,Credit Spread,0.0052
2026-04-07,ISS_XOM-CS,Credit Spread,0.0053
2026-04-08,ISS_XOM-CS,Credit Spread,0.0051
2026-04-09,ISS_XOM-CS,Credit Spread,0.0051
2026-04-10,ISS_XOM-CS,Credit Spread,0.005
2026-04-13,ISS_XOM-CS,Credit Spread,0.005
2026-04-14,ISS_XOM-CS,Credit Spread,0.0049
2026-04-15,ISS_XOM-CS,Credit Spread,0.0049
2026-04-16,ISS_XOM-CS,Credit Spread,0.0049
2026-04-17,ISS_XOM-CS,Credit Spread,0.0049
2026-04-20,ISS_XOM-CS,Credit Spread,0.005
2026-04-21,ISS_XOM-CS,Credit Spread,0.005
2026-04-22,ISS_XOM-CS,Credit Spread,0.0049
2026-04-23,ISS_XOM-CS,Credit Spread,0.0049
2026-04-24,ISS_XOM-CS,Credit Spread,0.005
2026-04-27,ISS_XOM-CS,Credit Spread,0.0051
2026-04-28,ISS_XOM-CS,Credit Spread,0.0051
2026-04-29,ISS_XOM-CS,Credit Spread,0.0051
2026-04-30,ISS_XOM-CS,Credit Spread,0.0052
2026-05-01,ISS_XOM-CS,Credit Spread,0.0052
2026-05-04,ISS_XOM-CS,Credit Spread,0.0051
2026-05-05,ISS_XOM-CS,Credit Spread,0.005
2026-05-06,ISS_XOM-CS,Credit Spread,0.005
2026-05-07,ISS_XOM-CS,Credit Spread,0.0051
2026-05-08,ISS_XOM-CS,Credit Spread,0.0051
2026-05-11,ISS_XOM-CS,Credit Spread,0.0051
2026-05-12,ISS_XOM-CS,Credit Spread,0.005
2026-05-13,ISS_XOM-CS,Credit Spread,0.0049
2026-05-14,ISS_XOM-CS,Credit Spread,0.0048
2026-05-15,ISS_XOM-CS,Credit Spread,0.004699999999999999
2026-05-18,ISS_XOM-CS,Credit Spread,0.004699999999999999
2026-05-19,ISS_XOM-CS,Credit Spread,0.0048
2026-05-20,ISS_XOM-CS,Credit Spread,0.0048
2026-05-21,ISS_XOM-CS,Credit Spread,0.004699999999999999
2026-05-22,ISS_XOM-CS,Credit Spread,0.0046
2026-05-25,ISS_XOM-CS,Credit Spread,0.0046
2026-05-26,ISS_XOM-CS,Credit Spread,0.0046
2026-05-27,ISS_XOM-CS,Credit Spread,0.0046
2026-05-28,ISS_XOM-CS,Credit Spread,0.0046
2026-05-29,ISS_XOM-CS,Credit Spread,0.0045000000000000005
2026-05-31,ISS_XOM-CS,Credit Spread,0.004699999999999999
2026-06-01,ISS_XOM-CS,Credit Spread,0.004699999999999999
2026-06-02,ISS_XOM-CS,Credit Spread,0.0048
2026-06-03,ISS_XOM-CS,Credit Spread,0.0048
2026-06-04,ISS_XOM-CS,Credit Spread,0.0048
2026-06-05,ISS_XOM-CS,Credit Spread,0.0048
2026-06-08,ISS_XOM-CS,Credit Spread,0.0049
2026-06-09,ISS_XOM-CS,Credit Spread,0.0049
2026-06-10,ISS_XOM-CS,Credit Spread,0.0049
2026-06-11,ISS_XOM-CS,Credit Spread,0.0049
2026-06-12,ISS_XOM-CS,Credit Spread,0.0048
2026-06-15,ISS_XOM-CS,Credit Spread,0.0048
2026-06-16,ISS_XOM-CS,Credit Spread,0.005
2026-06-17,ISS_XOM-CS,Credit Spread,0.005
2026-06-18,ISS_XOM-CS,Credit Spread,0.005
2026-06-19,ISS_XOM-CS,Credit Spread,0.005
2026-06-22,ISS_XOM-CS,Credit Spread,0.005
2026-06-23,ISS_XOM-CS,Credit Spread,0.005
2026-06-24,ISS_XOM-CS,Credit Spread,0.0051
2026-06-25,ISS_XOM-CS,Credit Spread,0.0052
2026-06-26,ISS_XOM-CS,Credit Spread,0.0053
2026-06-29,ISS_XOM-CS,Credit Spread,0.0052
2026-06-30,ISS_XOM-CS,Credit Spread,0.0052
2026-07-01,ISS_XOM-CS,Credit Spread,0.0052
2026-07-02,ISS_XOM-CS,Credit Spread,0.0051
2026-07-03,ISS_XOM-CS,Credit Spread,0.0051
2026-07-06,ISS_XOM-CS,Credit Spread,0.0051
2026-07-07,ISS_XOM-CS,Credit Spread,0.0053
2026-07-08,ISS_XOM-CS,Credit Spread,0.0053
2026-07-09,ISS_XOM-CS,Credit Spread,0.0054
2026-07-10,ISS_XOM-CS,Credit Spread,0.0055000000000000005
2026-07-13,ISS_XOM-CS,Credit Spread,0.005600000000000001
2026-07-14,ISS_XOM-CS,Credit Spread,0.005600000000000001
2026-07-15,ISS_XOM-CS,Credit Spread,0.005600000000000001
2026-07-16,ISS_XOM-CS,Credit Spread,0.0055000000000000005
2026-07-17,ISS_XOM-CS,Credit Spread,0.005600000000000001
2026-07-20,ISS_XOM-CS,Credit Spread,0.0055000000000000005
2026-07-21,ISS_XOM-CS,Credit Spread,0.005600000000000001
2026-07-22,ISS_XOM-CS,Credit Spread,0.005600000000000001
2026-07-23,ISS_XOM-CS,Credit Spread,0.005699999999999999
2026-07-24,ISS_XOM-CS,Credit Spread,0.0059
2026-07-27,ISS_XOM-CS,Credit Spread,0.006
2026-07-28,ISS_XOM-CS,Credit Spread,0.0060999999999999995
2026-07-29,ISS_XOM-CS,Credit Spread,0.006
2026-07-30,ISS_XOM-CS,Credit Spread,0.0059
2026-07-31,ISS_XOM-CS,Credit Spread,0.0058
2026-08-03,ISS_XOM-CS,Credit Spread,0.005699999999999999
2026-08-04,ISS_XOM-CS,Credit Spread,0.005600000000000001
2026-08-05,ISS_XOM-CS,Credit Spread,0.005600000000000001
2026-08-06,ISS_XOM-CS,Credit Spread,0.005699999999999999
2026-08-07,ISS_XOM-CS,Credit Spread,0.005699999999999999
2026-08-10,ISS_XOM-CS,Credit Spread,0.0058
2026-08-11,ISS_XOM-CS,Credit Spread,0.0059
2026-08-12,ISS_XOM-CS,Credit Spread,0.0058
2026-08-13,ISS_XOM-CS,Credit Spread,0.0058
2026-08-14,ISS_XOM-CS,Credit Spread,0.0059
2026-08-17,ISS_XOM-CS,Credit Spread,0.0059
2026-08-18,ISS_XOM-CS,Credit Spread,0.006
2026-08-19,ISS_XOM-CS,Credit Spread,0.006
2026-08-20,ISS_XOM-CS,Credit Spread,0.0060999999999999995
2026-08-21,ISS_XOM-CS,Credit Spread,0.006
2026-08-24,ISS_XOM-CS,Credit Spread,0.0060999999999999995
2026-08-25,ISS_XOM-CS,Credit Spread,0.006
2026-08-26,ISS_XOM-CS,Credit Spread,0.0059
2026-08-27,ISS_XOM-CS,Credit Spread,0.0059
2026-08-28,ISS_XOM-CS,Credit Spread,0.0058
2026-08-31,ISS_XOM-CS,Credit Spread,0.0059
2026-09-01,ISS_XOM-CS,Credit Spread,0.006
2026-09-02,ISS_XOM-CS,Credit Spread,0.0060999999999999995
2026-09-03,ISS_XOM-CS,Credit Spread,0.0060999999999999995
2024-09-04,JPM-EQ,Equity Price,219.3300018310547
2024-09-05,JPM-EQ,Equity Price,217.6300048828125
2024-09-06,JPM-EQ,Equity Price,212.4600067138672
2024-09-09,JPM-EQ,Equity Price,216.80999755859375
2024-09-10,JPM-EQ,Equity Price,205.55999755859375
2024-09-11,JPM-EQ,Equity Price,207.22999572753906
2024-09-12,JPM-EQ,Equity Price,206.60000610351562
2024-09-13,JPM-EQ,Equity Price,204.32000732421875
2024-09-16,JPM-EQ,Equity Price,207.86000061035156
2024-09-17,JPM-EQ,Equity Price,209.25
2024-09-18,JPM-EQ,Equity Price,207.52999877929688
2024-09-19,JPM-EQ,Equity Price,210.47999572753906
2024-09-20,JPM-EQ,Equity Price,211.08999633789062
2024-09-23,JPM-EQ,Equity Price,211.44000244140625
2024-09-24,JPM-EQ,Equity Price,211.58999633789062
2024-09-25,JPM-EQ,Equity Price,210.19000244140625
2024-09-26,JPM-EQ,Equity Price,209.77999877929688
2024-09-27,JPM-EQ,Equity Price,210.5
2024-09-30,JPM-EQ,Equity Price,210.86000061035156
2024-10-01,JPM-EQ,Equity Price,207.0399932861328
2024-10-02,JPM-EQ,Equity Price,207.2899932861328
2024-10-03,JPM-EQ,Equity Price,205.22999572753906
2024-10-04,JPM-EQ,Equity Price,211.22000122070312
2024-10-07,JPM-EQ,Equity Price,210.92999267578125
2024-10-08,JPM-EQ,Equity Price,210.75
2024-10-09,JPM-EQ,Equity Price,213.4199981689453
2024-10-10,JPM-EQ,Equity Price,212.83999633789062
2024-10-11,JPM-EQ,Equity Price,222.2899932861328
2024-10-14,JPM-EQ,Equity Price,221.47999572753906
2024-10-15,JPM-EQ,Equity Price,222.38999938964844
2024-10-16,JPM-EQ,Equity Price,223.63999938964844
2024-10-17,JPM-EQ,Equity Price,224.4199981689453
2024-10-18,JPM-EQ,Equity Price,225.3699951171875
2024-10-21,JPM-EQ,Equity Price,223.0
2024-10-22,JPM-EQ,Equity Price,224.1199951171875
2024-10-23,JPM-EQ,Equity Price,223.41000366210938
2024-10-24,JPM-EQ,Equity Price,224.97999572753906
2024-10-25,JPM-EQ,Equity Price,222.30999755859375
2024-10-28,JPM-EQ,Equity Price,225.5
2024-10-29,JPM-EQ,Equity Price,222.89999389648438
2024-10-30,JPM-EQ,Equity Price,224.41000366210938
2024-10-31,JPM-EQ,Equity Price,221.9199981689453
2024-11-01,JPM-EQ,Equity Price,222.94000244140625
2024-11-04,JPM-EQ,Equity Price,219.77999877929688
2024-11-05,JPM-EQ,Equity Price,221.49000549316406
2024-11-06,JPM-EQ,Equity Price,247.05999755859375
2024-11-07,JPM-EQ,Equity Price,236.3800048828125
2024-11-08,JPM-EQ,Equity Price,236.97999572753906
2024-11-11,JPM-EQ,Equity Price,239.2899932861328
2024-11-12,JPM-EQ,Equity Price,239.55999755859375
2024-11-13,JPM-EQ,Equity Price,241.16000366210938
2024-11-14,JPM-EQ,Equity Price,241.8699951171875
2024-11-15,JPM-EQ,Equity Price,245.30999755859375
2024-11-18,JPM-EQ,Equity Price,245.02999877929688
2024-11-19,JPM-EQ,Equity Price,243.08999633789062
2024-11-20,JPM-EQ,Equity Price,240.77999877929688
2024-11-21,JPM-EQ,Equity Price,244.75999450683594
2024-11-22,JPM-EQ,Equity Price,248.5500030517578
2024-11-25,JPM-EQ,Equity Price,250.2899932861328
2024-11-26,JPM-EQ,Equity Price,249.97000122070312
2024-11-27,JPM-EQ,Equity Price,249.7899932861328
2024-11-29,JPM-EQ,Equity Price,249.72000122070312
2024-12-02,JPM-EQ,Equity Price,246.25
2024-12-03,JPM-EQ,Equity Price,244.82000732421875
2024-12-04,JPM-EQ,Equity Price,243.39999389648438
2024-12-05,JPM-EQ,Equity Price,245.47999572753906
2024-12-06,JPM-EQ,Equity Price,247.36000061035156
2024-12-09,JPM-EQ,Equity Price,243.80999755859375
2024-12-10,JPM-EQ,Equity Price,242.86000061035156
2024-12-11,JPM-EQ,Equity Price,243.52999877929688
2024-12-12,JPM-EQ,Equity Price,241.52999877929688
2024-12-13,JPM-EQ,Equity Price,239.94000244140625
2024-12-16,JPM-EQ,Equity Price,239.5800018310547
2024-12-17,JPM-EQ,Equity Price,238.36000061035156
2024-12-18,JPM-EQ,Equity Price,230.3699951171875
2024-12-19,JPM-EQ,Equity Price,232.9600067138672
2024-12-20,JPM-EQ,Equity Price,237.60000610351562
2024-12-23,JPM-EQ,Equity Price,238.38999938964844
2024-12-24,JPM-EQ,Equity Price,242.30999755859375
2024-12-26,JPM-EQ,Equity Price,243.13999938964844
2024-12-27,JPM-EQ,Equity Price,241.1699981689453
2024-12-30,JPM-EQ,Equity Price,239.32000732421875
2024-12-31,JPM-EQ,Equity Price,239.7100067138672
2025-01-02,JPM-EQ,Equity Price,240.0
2025-01-03,JPM-EQ,Equity Price,243.27999877929688
2025-01-06,JPM-EQ,Equity Price,240.85000610351562
2025-01-07,JPM-EQ,Equity Price,243.1699981689453
2025-01-08,JPM-EQ,Equity Price,243.1300048828125
2025-01-10,JPM-EQ,Equity Price,239.8699951171875
2025-01-13,JPM-EQ,Equity Price,244.2100067138672
2025-01-14,JPM-EQ,Equity Price,247.47000122070312
2025-01-15,JPM-EQ,Equity Price,252.35000610351562
2025-01-16,JPM-EQ,Equity Price,254.27000427246094
2025-01-17,JPM-EQ,Equity Price,259.1600036621094
2025-01-21,JPM-EQ,Equity Price,263.0299987792969
2025-01-22,JPM-EQ,Equity Price,262.8399963378906
2025-01-23,JPM-EQ,Equity Price,265.95001220703125
2025-01-24,JPM-EQ,Equity Price,264.8399963378906
2025-01-27,JPM-EQ,Equity Price,265.8500061035156
2025-01-28,JPM-EQ,Equity Price,267.1400146484375
2025-01-29,JPM-EQ,Equity Price,266.5799865722656
2025-01-30,JPM-EQ,Equity Price,268.2300109863281
2025-01-31,JPM-EQ,Equity Price,267.29998779296875
2025-02-03,JPM-EQ,Equity Price,266.80999755859375
2025-02-04,JPM-EQ,Equity Price,267.94000244140625
2025-02-05,JPM-EQ,Equity Price,270.42999267578125
2025-02-06,JPM-EQ,Equity Price,276.8999938964844
2025-02-07,JPM-EQ,Equity Price,275.79998779296875
2025-02-10,JPM-EQ,Equity Price,271.0400085449219
2025-02-11,JPM-EQ,Equity Price,274.989990234375
2025-02-12,JPM-EQ,Equity Price,275.45001220703125
2025-02-13,JPM-EQ,Equity Price,276.32000732421875
2025-02-14,JPM-EQ,Equity Price,276.5899963378906
2025-02-18,JPM-EQ,Equity Price,279.95001220703125
2025-02-19,JPM-EQ,Equity Price,279.25
2025-02-20,JPM-EQ,Equity Price,266.79998779296875
2025-02-21,JPM-EQ,Equity Price,264.239990234375
2025-02-24,JPM-EQ,Equity Price,261.3399963378906
2025-02-25,JPM-EQ,Equity Price,257.3999938964844
2025-02-26,JPM-EQ,Equity Price,258.7900085449219
2025-02-27,JPM-EQ,Equity Price,259.04998779296875
2025-02-28,JPM-EQ,Equity Price,264.6499938964844
2025-03-03,JPM-EQ,Equity Price,260.6199951171875
2025-03-04,JPM-EQ,Equity Price,250.25
2025-03-05,JPM-EQ,Equity Price,251.52999877929688
2025-03-06,JPM-EQ,Equity Price,246.5399932861328
2025-03-07,JPM-EQ,Equity Price,242.27999877929688
2025-03-10,JPM-EQ,Equity Price,232.22000122070312
2025-03-11,JPM-EQ,Equity Price,229.13999938964844
2025-03-12,JPM-EQ,Equity Price,227.89999389648438
2025-03-13,JPM-EQ,Equity Price,225.19000244140625
2025-03-14,JPM-EQ,Equity Price,232.44000244140625
2025-03-17,JPM-EQ,Equity Price,233.92999267578125
2025-03-18,JPM-EQ,Equity Price,234.97000122070312
2025-03-19,JPM-EQ,Equity Price,239.11000061035156
2025-03-20,JPM-EQ,Equity Price,239.00999450683594
2025-03-21,JPM-EQ,Equity Price,241.6300048828125
2025-03-24,JPM-EQ,Equity Price,248.05999755859375
2025-03-25,JPM-EQ,Equity Price,251.1300048828125
2025-03-26,JPM-EQ,Equity Price,251.02999877929688
2025-03-27,JPM-EQ,Equity Price,248.1199951171875
2025-03-28,JPM-EQ,Equity Price,242.85000610351562
2025-03-31,JPM-EQ,Equity Price,245.3000030517578
2025-04-01,JPM-EQ,Equity Price,243.66000366210938
2025-04-02,JPM-EQ,Equity Price,245.82000732421875
2025-04-03,JPM-EQ,Equity Price,228.69000244140625
2025-04-04,JPM-EQ,Equity Price,210.27999877929688
2025-04-07,JPM-EQ,Equity Price,214.44000244140625
2025-04-08,JPM-EQ,Equity Price,216.8699951171875
2025-04-09,JPM-EQ,Equity Price,234.33999633789062
2025-04-10,JPM-EQ,Equity Price,227.11000061035156
2025-04-11,JPM-EQ,Equity Price,236.1999969482422
2025-04-14,JPM-EQ,Equity Price,234.72000122070312
2025-04-15,JPM-EQ,Equity Price,233.1300048828125
2025-04-16,JPM-EQ,Equity Price,229.61000061035156
2025-04-17,JPM-EQ,Equity Price,231.9600067138672
2025-04-21,JPM-EQ,Equity Price,228.99000549316406
2025-04-22,JPM-EQ,Equity Price,235.58999633789062
2025-04-23,JPM-EQ,Equity Price,240.8800048828125
2025-04-24,JPM-EQ,Equity Price,244.63999938964844
2025-04-25,JPM-EQ,Equity Price,243.5500030517578
2025-04-28,JPM-EQ,Equity Price,243.22000122070312
2025-04-29,JPM-EQ,Equity Price,244.6199951171875
2025-04-30,JPM-EQ,Equity Price,244.6199951171875
2025-05-01,JPM-EQ,Equity Price,246.88999938964844
2025-05-02,JPM-EQ,Equity Price,252.50999450683594
2025-05-05,JPM-EQ,Equity Price,252.55999755859375
2025-05-06,JPM-EQ,Equity Price,249.25
2025-05-07,JPM-EQ,Equity Price,249.38999938964844
2025-05-08,JPM-EQ,Equity Price,253.47000122070312
2025-05-09,JPM-EQ,Equity Price,253.0800018310547
2025-05-12,JPM-EQ,Equity Price,260.04998779296875
2025-05-13,JPM-EQ,Equity Price,263.010009765625
2025-05-14,JPM-EQ,Equity Price,265.6400146484375
2025-05-15,JPM-EQ,Equity Price,267.489990234375
2025-05-16,JPM-EQ,Equity Price,267.55999755859375
2025-05-19,JPM-EQ,Equity Price,264.8800048828125
2025-05-20,JPM-EQ,Equity Price,265.67999267578125
2025-05-21,JPM-EQ,Equity Price,261.0400085449219
2025-05-22,JPM-EQ,Equity Price,260.6700134277344
2025-05-23,JPM-EQ,Equity Price,260.7099914550781
2025-05-27,JPM-EQ,Equity Price,265.2900085449219
2025-05-28,JPM-EQ,Equity Price,263.489990234375
2025-05-29,JPM-EQ,Equity Price,264.3699951171875
2025-05-30,JPM-EQ,Equity Price,264.0
2025-06-02,JPM-EQ,Equity Price,264.6600036621094
2025-06-03,JPM-EQ,Equity Price,266.2699890136719
2025-06-04,JPM-EQ,Equity Price,264.2200012207031
2025-06-05,JPM-EQ,Equity Price,261.95001220703125
2025-06-06,JPM-EQ,Equity Price,265.7300109863281
2025-06-09,JPM-EQ,Equity Price,266.739990234375
2025-06-10,JPM-EQ,Equity Price,268.6000061035156
2025-06-11,JPM-EQ,Equity Price,268.1499938964844
2025-06-12,JPM-EQ,Equity Price,268.239990234375
2025-06-13,JPM-EQ,Equity Price,264.95001220703125
2025-06-16,JPM-EQ,Equity Price,270.3599853515625
2025-06-17,JPM-EQ,Equity Price,269.5199890136719
2025-06-18,JPM-EQ,Equity Price,273.9599914550781
2025-06-20,JPM-EQ,Equity Price,275.0
2025-06-23,JPM-EQ,Equity Price,278.2699890136719
2025-06-24,JPM-EQ,Equity Price,281.260009765625
2025-06-25,JPM-EQ,Equity Price,284.05999755859375
2025-06-26,JPM-EQ,Equity Price,288.75
2025-06-27,JPM-EQ,Equity Price,287.1099853515625
2025-06-30,JPM-EQ,Equity Price,289.9100036621094
2025-07-01,JPM-EQ,Equity Price,290.4100036621094
2025-07-02,JPM-EQ,Equity Price,292.0
2025-07-03,JPM-EQ,Equity Price,296.0
2025-07-07,JPM-EQ,Equity Price,291.9700012207031
2025-07-08,JPM-EQ,Equity Price,282.7799987792969
2025-07-09,JPM-EQ,Equity Price,283.1600036621094
2025-07-10,JPM-EQ,Equity Price,288.19000244140625
2025-07-11,JPM-EQ,Equity Price,286.8599853515625
2025-07-14,JPM-EQ,Equity Price,288.70001220703125
2025-07-15,JPM-EQ,Equity Price,286.54998779296875
2025-07-16,JPM-EQ,Equity Price,285.82000732421875
2025-07-17,JPM-EQ,Equity Price,289.8999938964844
2025-07-18,JPM-EQ,Equity Price,291.2699890136719
2025-07-21,JPM-EQ,Equity Price,290.9700012207031
2025-07-22,JPM-EQ,Equity Price,291.42999267578125
2025-07-23,JPM-EQ,Equity Price,296.760009765625
2025-07-24,JPM-EQ,Equity Price,296.54998779296875
2025-07-25,JPM-EQ,Equity Price,298.6199951171875
2025-07-28,JPM-EQ,Equity Price,298.2799987792969
2025-07-29,JPM-EQ,Equity Price,297.0400085449219
2025-07-30,JPM-EQ,Equity Price,299.6300048828125
2025-07-31,JPM-EQ,Equity Price,296.239990234375
2025-08-01,JPM-EQ,Equity Price,289.3699951171875
2025-08-04,JPM-EQ,Equity Price,294.260009765625
2025-08-05,JPM-EQ,Equity Price,291.3699951171875
2025-08-06,JPM-EQ,Equity Price,291.3500061035156
2025-08-07,JPM-EQ,Equity Price,286.94000244140625
2025-08-08,JPM-EQ,Equity Price,288.760009765625
2025-08-11,JPM-EQ,Equity Price,289.55999755859375
2025-08-12,JPM-EQ,Equity Price,292.8500061035156
2025-08-13,JPM-EQ,Equity Price,290.5299987792969
2025-08-14,JPM-EQ,Equity Price,294.1600036621094
2025-08-15,JPM-EQ,Equity Price,290.489990234375
2025-08-18,JPM-EQ,Equity Price,291.5299987792969
2025-08-19,JPM-EQ,Equity Price,290.6600036621094
2025-08-20,JPM-EQ,Equity Price,292.239990234375
2025-08-21,JPM-EQ,Equity Price,291.4700012207031
2025-08-22,JPM-EQ,Equity Price,296.239990234375
2025-08-25,JPM-EQ,Equity Price,294.8999938964844
2025-08-26,JPM-EQ,Equity Price,298.57000732421875
2025-08-27,JPM-EQ,Equity Price,299.2799987792969
2025-08-28,JPM-EQ,Equity Price,301.07000732421875
2025-08-29,JPM-EQ,Equity Price,301.4200134277344
2025-09-02,JPM-EQ,Equity Price,299.70001220703125
2025-09-03,JPM-EQ,Equity Price,299.510009765625
2025-09-04,JPM-EQ,Equity Price,303.82000732421875
2025-09-05,JPM-EQ,Equity Price,294.3800048828125
2025-09-08,JPM-EQ,Equity Price,292.9100036621094
2025-09-09,JPM-EQ,Equity Price,297.8500061035156
2025-09-10,JPM-EQ,Equity Price,300.5400085449219
2025-09-11,JPM-EQ,Equity Price,305.55999755859375
2025-09-12,JPM-EQ,Equity Price,306.9100036621094
2025-09-15,JPM-EQ,Equity Price,308.8999938964844
2025-09-16,JPM-EQ,Equity Price,309.19000244140625
2025-09-17,JPM-EQ,Equity Price,311.75
2025-09-18,JPM-EQ,Equity Price,313.2300109863281
2025-09-19,JPM-EQ,Equity Price,314.7799987792969
2025-09-22,JPM-EQ,Equity Price,312.44000244140625
2025-09-23,JPM-EQ,Equity Price,312.739990234375
2025-09-24,JPM-EQ,Equity Price,313.4200134277344
2025-09-25,JPM-EQ,Equity Price,313.45001220703125
2025-09-26,JPM-EQ,Equity Price,316.05999755859375
2025-09-29,JPM-EQ,Equity Price,315.69000244140625
2025-09-30,JPM-EQ,Equity Price,315.42999267578125
2025-10-01,JPM-EQ,Equity Price,310.7099914550781
2025-10-02,JPM-EQ,Equity Price,307.54998779296875
2025-10-03,JPM-EQ,Equity Price,310.0299987792969
2025-10-06,JPM-EQ,Equity Price,309.17999267578125
2025-10-07,JPM-EQ,Equity Price,307.69000244140625
2025-10-08,JPM-EQ,Equity Price,304.0299987792969
2025-10-09,JPM-EQ,Equity Price,305.5299987792969
2025-10-10,JPM-EQ,Equity Price,300.8900146484375
2025-10-13,JPM-EQ,Equity Price,307.9700012207031
2025-10-14,JPM-EQ,Equity Price,302.0799865722656
2025-10-15,JPM-EQ,Equity Price,305.69000244140625
2025-10-16,JPM-EQ,Equity Price,298.5400085449219
2025-10-17,JPM-EQ,Equity Price,297.55999755859375
2025-10-20,JPM-EQ,Equity Price,302.3599853515625
2025-10-21,JPM-EQ,Equity Price,297.0899963378906
2025-10-22,JPM-EQ,Equity Price,294.1099853515625
2025-10-23,JPM-EQ,Equity Price,294.5400085449219
2025-10-24,JPM-EQ,Equity Price,300.44000244140625
2025-10-27,JPM-EQ,Equity Price,304.1499938964844
2025-10-28,JPM-EQ,Equity Price,305.3599853515625
2025-10-29,JPM-EQ,Equity Price,305.510009765625
2025-10-30,JPM-EQ,Equity Price,309.44000244140625
2025-10-31,JPM-EQ,Equity Price,311.1199951171875
2025-11-03,JPM-EQ,Equity Price,309.3500061035156
2025-11-04,JPM-EQ,Equity Price,309.25
2025-11-05,JPM-EQ,Equity Price,311.67999267578125
2025-11-06,JPM-EQ,Equity Price,313.4200134277344
2025-11-07,JPM-EQ,Equity Price,314.2099914550781
2025-11-10,JPM-EQ,Equity Price,316.8900146484375
2025-11-11,JPM-EQ,Equity Price,315.6199951171875
2025-11-12,JPM-EQ,Equity Price,320.4100036621094
2025-11-13,JPM-EQ,Equity Price,309.4800109863281
2025-11-14,JPM-EQ,Equity Price,303.6099853515625
2025-11-17,JPM-EQ,Equity Price,300.3699951171875
2025-11-18,JPM-EQ,Equity Price,299.4100036621094
2025-11-19,JPM-EQ,Equity Price,303.2699890136719
2025-11-20,JPM-EQ,Equity Price,298.3800048828125
2025-11-21,JPM-EQ,Equity Price,298.0199890136719
2025-11-24,JPM-EQ,Equity Price,298.0
2025-11-25,JPM-EQ,Equity Price,303.0
2025-11-26,JPM-EQ,Equity Price,307.6400146484375
2025-11-28,JPM-EQ,Equity Price,313.0799865722656
2025-12-01,JPM-EQ,Equity Price,308.9200134277344
2025-12-02,JPM-EQ,Equity Price,307.8800048828125
2025-12-03,JPM-EQ,Equity Price,312.1300048828125
2025-12-04,JPM-EQ,Equity Price,316.1000061035156
2025-12-05,JPM-EQ,Equity Price,315.0400085449219
2025-12-08,JPM-EQ,Equity Price,315.2099914550781
2025-12-09,JPM-EQ,Equity Price,300.510009765625
2025-12-10,JPM-EQ,Equity Price,310.1099853515625
2025-12-11,JPM-EQ,Equity Price,317.3800048828125
2025-12-12,JPM-EQ,Equity Price,318.5199890136719
2025-12-15,JPM-EQ,Equity Price,320.0199890136719
2025-12-16,JPM-EQ,Equity Price,315.54998779296875
2025-12-17,JPM-EQ,Equity Price,314.9800109863281
2025-12-18,JPM-EQ,Equity Price,313.0
2025-12-19,JPM-EQ,Equity Price,317.2099914550781
2025-12-22,JPM-EQ,Equity Price,323.0899963378906
2025-12-23,JPM-EQ,Equity Price,325.92999267578125
2025-12-24,JPM-EQ,Equity Price,329.1700134277344
2025-12-26,JPM-EQ,Equity Price,327.9100036621094
2025-12-29,JPM-EQ,Equity Price,323.75
2025-12-30,JPM-EQ,Equity Price,323.4200134277344
2025-12-31,JPM-EQ,Equity Price,322.2200012207031
2026-01-02,JPM-EQ,Equity Price,325.4800109863281
2026-01-05,JPM-EQ,Equity Price,334.0400085449219
2026-01-06,JPM-EQ,Equity Price,334.6099853515625
2026-01-07,JPM-EQ,Equity Price,326.989990234375
2026-01-08,JPM-EQ,Equity Price,329.7900085449219
2026-01-09,JPM-EQ,Equity Price,329.19000244140625
2026-01-12,JPM-EQ,Equity Price,324.489990234375
2026-01-13,JPM-EQ,Equity Price,310.8999938964844
2026-01-14,JPM-EQ,Equity Price,307.8699951171875
2026-01-15,JPM-EQ,Equity Price,309.260009765625
2026-01-16,JPM-EQ,Equity Price,312.4700012207031
2026-01-20,JPM-EQ,Equity Price,302.739990234375
2026-01-21,JPM-EQ,Equity Price,302.0400085449219
2026-01-22,JPM-EQ,Equity Price,303.6300048828125
2026-01-23,JPM-EQ,Equity Price,297.7200012207031
2026-01-26,JPM-EQ,Equity Price,301.0400085449219
2026-01-27,JPM-EQ,Equity Price,300.30999755859375
2026-01-28,JPM-EQ,Equity Price,300.7699890136719
2026-01-29,JPM-EQ,Equity Price,306.4200134277344
2026-01-30,JPM-EQ,Equity Price,305.8900146484375
2026-02-02,JPM-EQ,Equity Price,308.1400146484375
2026-02-03,JPM-EQ,Equity Price,314.8500061035156
2026-02-04,JPM-EQ,Equity Price,317.2699890136719
2026-02-05,JPM-EQ,Equity Price,310.1600036621094
2026-02-06,JPM-EQ,Equity Price,322.3999938964844
2026-02-09,JPM-EQ,Equity Price,322.1000061035156
2026-02-10,JPM-EQ,Equity Price,318.2799987792969
2026-02-11,JPM-EQ,Equity Price,310.82000732421875
2026-02-12,JPM-EQ,Equity Price,302.6400146484375
2026-02-13,JPM-EQ,Equity Price,302.54998779296875
2026-02-17,JPM-EQ,Equity Price,307.1300048828125
2026-02-18,JPM-EQ,Equity Price,308.7799987792969
2026-02-19,JPM-EQ,Equity Price,308.04998779296875
2026-02-20,JPM-EQ,Equity Price,310.7900085449219
2026-02-23,JPM-EQ,Equity Price,297.6700134277344
2026-02-24,JPM-EQ,Equity Price,297.29998779296875
2026-02-25,JPM-EQ,Equity Price,303.29998779296875
2026-02-26,JPM-EQ,Equity Price,306.1300048828125
2026-02-27,JPM-EQ,Equity Price,300.29998779296875
2026-03-02,JPM-EQ,Equity Price,297.55999755859375
2026-03-03,JPM-EQ,Equity Price,300.260009765625
2026-03-04,JPM-EQ,Equity Price,299.3900146484375
2026-03-05,JPM-EQ,Equity Price,293.54998779296875
2026-03-06,JPM-EQ,Equity Price,289.4800109863281
2026-03-09,JPM-EQ,Equity Price,289.9200134277344
2026-03-10,JPM-EQ,Equity Price,288.7300109863281
2026-03-11,JPM-EQ,Equity Price,287.5199890136719
2026-03-12,JPM-EQ,Equity Price,282.8900146484375
2026-03-13,JPM-EQ,Equity Price,283.44000244140625
2026-03-16,JPM-EQ,Equity Price,286.1600036621094
2026-03-17,JPM-EQ,Equity Price,286.8900146484375
2026-03-18,JPM-EQ,Equity Price,287.739990234375
2026-03-19,JPM-EQ,Equity Price,287.9700012207031
2026-03-20,JPM-EQ,Equity Price,286.55999755859375
2026-03-23,JPM-EQ,Equity Price,289.9100036621094
2026-03-24,JPM-EQ,Equity Price,292.3999938964844
2026-03-25,JPM-EQ,Equity Price,295.4200134277344
2026-03-26,JPM-EQ,Equity Price,291.6600036621094
2026-03-27,JPM-EQ,Equity Price,282.8399963378906
2026-03-30,JPM-EQ,Equity Price,283.7699890136719
2026-03-31,JPM-EQ,Equity Price,294.1600036621094
2026-04-01,JPM-EQ,Equity Price,295.3800048828125
2026-04-02,JPM-EQ,Equity Price,294.6000061035156
2026-04-06,JPM-EQ,Equity Price,295.45001220703125
2026-04-07,JPM-EQ,Equity Price,297.3999938964844
2026-04-08,JPM-EQ,Equity Price,307.9700012207031
2026-04-09,JPM-EQ,Equity Price,310.3299865722656
2026-04-10,JPM-EQ,Equity Price,309.8699951171875
2026-04-13,JPM-EQ,Equity Price,313.67999267578125
2026-04-14,JPM-EQ,Equity Price,311.1199951171875
2026-04-15,JPM-EQ,Equity Price,305.92999267578125
2026-04-16,JPM-EQ,Equity Price,309.95001220703125
2026-04-17,JPM-EQ,Equity Price,310.2900085449219
2026-04-20,JPM-EQ,Equity Price,316.989990234375
2026-04-21,JPM-EQ,Equity Price,313.0
2026-04-22,JPM-EQ,Equity Price,313.0199890136719
2026-04-23,JPM-EQ,Equity Price,311.69000244140625
2026-04-24,JPM-EQ,Equity Price,308.2799987792969
2026-04-27,JPM-EQ,Equity Price,311.6300048828125
2026-04-28,JPM-EQ,Equity Price,311.45001220703125
2026-04-29,JPM-EQ,Equity Price,309.25
2026-04-30,JPM-EQ,Equity Price,313.2300109863281
2026-05-01,JPM-EQ,Equity Price,312.4700012207031
2026-05-04,JPM-EQ,Equity Price,307.6499938964844
2026-05-05,JPM-EQ,Equity Price,309.3999938964844
2026-05-06,JPM-EQ,Equity Price,314.8999938964844
2026-05-07,JPM-EQ,Equity Price,306.2699890136719
2026-05-08,JPM-EQ,Equity Price,302.1000061035156
2026-05-11,JPM-EQ,Equity Price,300.0
2026-05-12,JPM-EQ,Equity Price,304.8800048828125
2026-05-13,JPM-EQ,Equity Price,300.25
2026-05-14,JPM-EQ,Equity Price,299.9100036621094
2026-05-15,JPM-EQ,Equity Price,297.80999755859375
2026-05-18,JPM-EQ,Equity Price,300.7300109863281
2026-05-19,JPM-EQ,Equity Price,295.70001220703125
2026-05-20,JPM-EQ,Equity Price,301.9800109863281
2026-05-21,JPM-EQ,Equity Price,303.0
2026-05-22,JPM-EQ,Equity Price,306.3800048828125
2026-05-26,JPM-EQ,Equity Price,306.739990234375
2026-05-27,JPM-EQ,Equity Price,299.2799987792969
2026-05-28,JPM-EQ,Equity Price,296.7300109863281
2026-05-29,JPM-EQ,Equity Price,299.30999755859375
2026-06-01,JPM-EQ,Equity Price,296.5799865722656
2026-06-02,JPM-EQ,Equity Price,300.9599914550781
2026-06-03,JPM-EQ,Equity Price,300.8500061035156
2026-06-04,JPM-EQ,Equity Price,310.8900146484375
2026-06-05,JPM-EQ,Equity Price,312.3699951171875
2026-06-08,JPM-EQ,Equity Price,311.1099853515625
2026-06-09,JPM-EQ,Equity Price,312.70001220703125
2026-06-10,JPM-EQ,Equity Price,309.1400146484375
2026-06-11,JPM-EQ,Equity Price,313.489990234375
2026-06-12,JPM-EQ,Equity Price,320.7200012207031
2026-06-15,JPM-EQ,Equity Price,319.3999938964844
2026-06-16,JPM-EQ,Equity Price,331.1400146484375
2026-06-17,JPM-EQ,Equity Price,333.4599914550781
2026-06-18,JPM-EQ,Equity Price,325.2200012207031
2026-06-22,JPM-EQ,Equity Price,331.4800109863281
2026-06-23,JPM-EQ,Equity Price,334.1400146484375
2026-06-24,JPM-EQ,Equity Price,333.45001220703125
2026-06-25,JPM-EQ,Equity Price,335.1199951171875
2026-06-26,JPM-EQ,Equity Price,329.04998779296875
2026-06-29,JPM-EQ,Equity Price,329.3900146484375
2026-06-30,JPM-EQ,Equity Price,327.3299865722656
2026-07-01,JPM-EQ,Equity Price,334.07000732421875
2026-07-02,JPM-EQ,Equity Price,334.4700012207031
2026-07-06,JPM-EQ,Equity Price,337.7200012207031
2026-07-07,JPM-EQ,Equity Price,339.2200012207031
2026-07-08,JPM-EQ,Equity Price,330.6199951171875
2026-07-09,JPM-EQ,Equity Price,335.4700012207031
2026-07-10,JPM-EQ,Equity Price,336.4700012207031
2026-07-13,JPM-EQ,Equity Price,334.5299987792969
2026-07-14,JPM-EQ,Equity Price,342.8900146484375
2026-07-15,JPM-EQ,Equity Price,346.9100036621094
2026-07-16,JPM-EQ,Equity Price,343.1499938964844
2026-07-17,JPM-EQ,Equity Price,341.1000061035156
2026-07-20,JPM-EQ,Equity Price,338.8699951171875
2026-07-21,JPM-EQ,Equity Price,345.2300109863281
2026-07-22,JPM-EQ,Equity Price,348.2099914550781
2026-07-23,JPM-EQ,Equity Price,349.8999938964844
2026-07-24,JPM-EQ,Equity Price,353.2099914550781
2026-07-27,JPM-EQ,Equity Price,356.20001220703125
2026-07-28,JPM-EQ,Equity Price,357.30999755859375
2026-07-29,JPM-EQ,Equity Price,344.7099914550781
2026-07-30,JPM-EQ,Equity Price,350.8500061035156
2026-07-31,JPM-EQ,Equity Price,351.7900085449219
2026-08-03,JPM-EQ,Equity Price,352.6400146484375
2026-08-04,JPM-EQ,Equity Price,357.5199890136719
2026-08-05,JPM-EQ,Equity Price,359.239990234375
2026-08-06,JPM-EQ,Equity Price,356.29998779296875
2026-08-07,JPM-EQ,Equity Price,357.5199890136719
2026-08-10,JPM-EQ,Equity Price,359.7900085449219
2026-08-11,JPM-EQ,Equity Price,362.0400085449219
2026-08-12,JPM-EQ,Equity Price,365.17999267578125
2026-08-13,JPM-EQ,Equity Price,363.1099853515625
2026-08-14,JPM-EQ,Equity Price,362.8399963378906
2026-08-17,JPM-EQ,Equity Price,360.9599914550781
2026-08-18,JPM-EQ,Equity Price,363.25
2026-08-19,JPM-EQ,Equity Price,357.260009765625
2026-08-20,JPM-EQ,Equity Price,351.54998779296875
2026-08-21,JPM-EQ,Equity Price,351.5799865722656
2026-08-24,JPM-EQ,Equity Price,356.3900146484375
2026-08-25,JPM-EQ,Equity Price,356.69000244140625
2026-08-26,JPM-EQ,Equity Price,356.5
2026-08-27,JPM-EQ,Equity Price,354.2200012207031
2026-08-28,JPM-EQ,Equity Price,357.6199951171875
2026-08-31,JPM-EQ,Equity Price,356.0199890136719
2026-09-01,JPM-EQ,Equity Price,354.95001220703125
2026-09-02,JPM-EQ,Equity Price,356.2200012207031
2026-09-03,JPM-EQ,Equity Price,362.05999755859375
2024-10-03,JPM-VOL,Implied Vol (Realized Proxy),0.2508118907940667
2024-10-04,JPM-VOL,Implied Vol (Realized Proxy),0.27328549789440176
2024-10-07,JPM-VOL,Implied Vol (Realized Proxy),0.26063436148325225
2024-10-08,JPM-VOL,Implied Vol (Realized Proxy),0.2496253634918326
2024-10-09,JPM-VOL,Implied Vol (Realized Proxy),0.16785184685594043
2024-10-10,JPM-VOL,Implied Vol (Realized Proxy),0.1669112793946766
2024-10-11,JPM-VOL,Implied Vol (Realized Proxy),0.22075964579717047
2024-10-14,JPM-VOL,Implied Vol (Realized Proxy),0.2160178593875798
2024-10-15,JPM-VOL,Implied Vol (Realized Proxy),0.21052479693992707
2024-10-16,JPM-VOL,Implied Vol (Realized Proxy),0.2103380408092512
2024-10-17,JPM-VOL,Implied Vol (Realized Proxy),0.20619702788666214
2024-10-18,JPM-VOL,Implied Vol (Realized Proxy),0.20273568253108462
2024-10-21,JPM-VOL,Implied Vol (Realized Proxy),0.20832696601029518
2024-10-22,JPM-VOL,Implied Vol (Realized Proxy),0.20845667062920353
2024-10-23,JPM-VOL,Implied Vol (Realized Proxy),0.20937279621431207
2024-10-24,JPM-VOL,Implied Vol (Realized Proxy),0.2071185841018512
2024-10-25,JPM-VOL,Implied Vol (Realized Proxy),0.21307513370454936
2024-10-28,JPM-VOL,Implied Vol (Realized Proxy),0.21676521446782243
2024-10-29,JPM-VOL,Implied Vol (Realized Proxy),0.22279536835249691
2024-10-30,JPM-VOL,Implied Vol (Realized Proxy),0.20965796599043873
2024-10-31,JPM-VOL,Implied Vol (Realized Proxy),0.2158943953212634
2024-11-01,JPM-VOL,Implied Vol (Realized Proxy),0.21047195852621262
2024-11-04,JPM-VOL,Implied Vol (Realized Proxy),0.19900137810917032
2024-11-05,JPM-VOL,Implied Vol (Realized Proxy),0.19962390041477707
2024-11-06,JPM-VOL,Implied Vol (Realized Proxy),0.42013102288083637
2024-11-07,JPM-VOL,Implied Vol (Realized Proxy),0.4560863562886251
2024-11-08,JPM-VOL,Implied Vol (Realized Proxy),0.4553474914291052
2024-11-11,JPM-VOL,Implied Vol (Realized Proxy),0.4340679546178985
2024-11-12,JPM-VOL,Implied Vol (Realized Proxy),0.43338995271173963
2024-11-13,JPM-VOL,Implied Vol (Realized Proxy),0.4335074349062369
2024-11-14,JPM-VOL,Implied Vol (Realized Proxy),0.4334704535785397
2024-11-15,JPM-VOL,Implied Vol (Realized Proxy),0.43495782858739784
2024-11-18,JPM-VOL,Implied Vol (Realized Proxy),0.43535706579131744
2024-11-19,JPM-VOL,Implied Vol (Realized Proxy),0.4343458985903176
2024-11-20,JPM-VOL,Implied Vol (Realized Proxy),0.43688507398651016
2024-11-21,JPM-VOL,Implied Vol (Realized Proxy),0.4384232767501075
2024-11-22,JPM-VOL,Implied Vol (Realized Proxy),0.44001608992653307
2024-11-25,JPM-VOL,Implied Vol (Realized Proxy),0.43583867032020324
2024-11-26,JPM-VOL,Implied Vol (Realized Proxy),0.43529582560319235
2024-11-27,JPM-VOL,Implied Vol (Realized Proxy),0.4317161527201227
2024-11-29,JPM-VOL,Implied Vol (Realized Proxy),0.4321306406106917
2024-12-02,JPM-VOL,Implied Vol (Realized Proxy),0.4335828991638046
2024-12-03,JPM-VOL,Implied Vol (Realized Proxy),0.4351908107272856
2024-12-04,JPM-VOL,Implied Vol (Realized Proxy),0.43157433589694294
2024-12-05,JPM-VOL,Implied Vol (Realized Proxy),0.43164635584467254
2024-12-06,JPM-VOL,Implied Vol (Realized Proxy),0.20735979493015838
2024-12-09,JPM-VOL,Implied Vol (Realized Proxy),0.14301019323458825
2024-12-10,JPM-VOL,Implied Vol (Realized Proxy),0.1441431559927657
2024-12-11,JPM-VOL,Implied Vol (Realized Proxy),0.14093463391984545
2024-12-12,JPM-VOL,Implied Vol (Realized Proxy),0.14438922532593115
2024-12-13,JPM-VOL,Implied Vol (Realized Proxy),0.1444450689008485
2024-12-16,JPM-VOL,Implied Vol (Realized Proxy),0.1440313506372872
2024-12-17,JPM-VOL,Implied Vol (Realized Proxy),0.13460746495846254
2024-12-18,JPM-VOL,Implied Vol (Realized Proxy),0.1759606642725305
2024-12-19,JPM-VOL,Implied Vol (Realized Proxy),0.18148712449059415
2024-12-20,JPM-VOL,Implied Vol (Realized Proxy),0.19408932989596106
2024-12-23,JPM-VOL,Implied Vol (Realized Proxy),0.1846935629752537
2024-12-24,JPM-VOL,Implied Vol (Realized Proxy),0.18578967521625045
2024-12-26,JPM-VOL,Implied Vol (Realized Proxy),0.18421678523403148
2024-12-27,JPM-VOL,Implied Vol (Realized Proxy),0.18569454848077815
2024-12-30,JPM-VOL,Implied Vol (Realized Proxy),0.18679841814952866
2024-12-31,JPM-VOL,Implied Vol (Realized Proxy),0.18714151376706545
2025-01-02,JPM-VOL,Implied Vol (Realized Proxy),0.18215617816905819
2025-01-03,JPM-VOL,Implied Vol (Realized Proxy),0.18827582710782906
2025-01-06,JPM-VOL,Implied Vol (Realized Proxy),0.19039044978790307
2025-01-07,JPM-VOL,Implied Vol (Realized Proxy),0.19106812723134797
2025-01-08,JPM-VOL,Implied Vol (Realized Proxy),0.188809690098858
2025-01-10,JPM-VOL,Implied Vol (Realized Proxy),0.18796673954982487
2025-01-13,JPM-VOL,Implied Vol (Realized Proxy),0.19832204998097952
2025-01-14,JPM-VOL,Implied Vol (Realized Proxy),0.20326238657946546
2025-01-15,JPM-VOL,Implied Vol (Realized Proxy),0.21039429593328213
2025-01-16,JPM-VOL,Implied Vol (Realized Proxy),0.2087422929014781
2025-01-17,JPM-VOL,Implied Vol (Realized Proxy),0.21548341575061775
2025-01-21,JPM-VOL,Implied Vol (Realized Proxy),0.21623165952202789
2025-01-22,JPM-VOL,Implied Vol (Realized Proxy),0.16583987155559787
2025-01-23,JPM-VOL,Implied Vol (Realized Proxy),0.16606901822403866
2025-01-24,JPM-VOL,Implied Vol (Realized Proxy),0.1623416950140253
2025-01-27,JPM-VOL,Implied Vol (Realized Proxy),0.16228055418333154
2025-01-28,JPM-VOL,Implied Vol (Realized Proxy),0.15716247465197122
2025-01-29,JPM-VOL,Implied Vol (Realized Proxy),0.15885815751260013
2025-01-30,JPM-VOL,Implied Vol (Realized Proxy),0.15224636008343814
2025-01-31,JPM-VOL,Implied Vol (Realized Proxy),0.14843736955049602
2025-02-03,JPM-VOL,Implied Vol (Realized Proxy),0.1499832088362395
2025-02-04,JPM-VOL,Implied Vol (Realized Proxy),0.14935975000373575
2025-02-05,JPM-VOL,Implied Vol (Realized Proxy),0.14705446739876787
2025-02-06,JPM-VOL,Implied Vol (Realized Proxy),0.14980553600603172
2025-02-07,JPM-VOL,Implied Vol (Realized Proxy),0.15376532367778806
2025-02-10,JPM-VOL,Implied Vol (Realized Proxy),0.1728861494497282
2025-02-11,JPM-VOL,Implied Vol (Realized Proxy),0.16160049746737773
2025-02-12,JPM-VOL,Implied Vol (Realized Proxy),0.15686298408411675
2025-02-13,JPM-VOL,Implied Vol (Realized Proxy),0.15464260284560888
2025-02-14,JPM-VOL,Implied Vol (Realized Proxy),0.14618435943352606
2025-02-18,JPM-VOL,Implied Vol (Realized Proxy),0.14824371467244102
2025-02-19,JPM-VOL,Implied Vol (Realized Proxy),0.14033106516451896
2025-02-20,JPM-VOL,Implied Vol (Realized Proxy),0.21530667825789085
2025-02-21,JPM-VOL,Implied Vol (Realized Proxy),0.2182343996006378
2025-02-24,JPM-VOL,Implied Vol (Realized Proxy),0.2173724416543601
2025-02-25,JPM-VOL,Implied Vol (Realized Proxy),0.22278755950579218
2025-02-26,JPM-VOL,Implied Vol (Realized Proxy),0.2233152784532816
2025-02-27,JPM-VOL,Implied Vol (Realized Proxy),0.22238351503386194
2025-02-28,JPM-VOL,Implied Vol (Realized Proxy),0.23600428410471844
2025-03-03,JPM-VOL,Implied Vol (Realized Proxy),0.24024935689849722
2025-03-04,JPM-VOL,Implied Vol (Realized Proxy),0.27609886223445695
2025-03-05,JPM-VOL,Implied Vol (Realized Proxy),0.27755341682618767
2025-03-06,JPM-VOL,Implied Vol (Realized Proxy),0.2824882368740961
2025-03-07,JPM-VOL,Implied Vol (Realized Proxy),0.2818818395751686
2025-03-10,JPM-VOL,Implied Vol (Realized Proxy),0.2893873955278855
2025-03-11,JPM-VOL,Implied Vol (Realized Proxy),0.28941332449011486
2025-03-12,JPM-VOL,Implied Vol (Realized Proxy),0.28790828786847195
2025-03-13,JPM-VOL,Implied Vol (Realized Proxy),0.27593316650329575
2025-03-14,JPM-VOL,Implied Vol (Realized Proxy),0.30888734289945474
2025-03-17,JPM-VOL,Implied Vol (Realized Proxy),0.31056976138101045
2025-03-18,JPM-VOL,Implied Vol (Realized Proxy),0.3120475161536561
2025-03-19,JPM-VOL,Implied Vol (Realized Proxy),0.3168877096353264
2025-03-20,JPM-VOL,Implied Vol (Realized Proxy),0.31738466717883695
2025-03-21,JPM-VOL,Implied Vol (Realized Proxy),0.29095884261198474
2025-03-24,JPM-VOL,Implied Vol (Realized Proxy),0.3093096698490561
2025-03-25,JPM-VOL,Implied Vol (Realized Proxy),0.31222905182207594
2025-03-26,JPM-VOL,Implied Vol (Realized Proxy),0.30847602202020297
2025-03-27,JPM-VOL,Implied Vol (Realized Proxy),0.30954500767368515
2025-03-28,JPM-VOL,Implied Vol (Realized Proxy),0.31650316212181007
2025-03-31,JPM-VOL,Implied Vol (Realized Proxy),0.3077721962069491
2025-04-01,JPM-VOL,Implied Vol (Realized Proxy),0.30506725338867374
2025-04-02,JPM-VOL,Implied Vol (Realized Proxy),0.2753188063196985
2025-04-03,JPM-VOL,Implied Vol (Realized Proxy),0.3687370899115746
2025-04-04,JPM-VOL,Implied Vol (Realized Proxy),0.45816201297166864
2025-04-07,JPM-VOL,Implied Vol (Realized Proxy),0.4660094492581911
2025-04-08,JPM-VOL,Implied Vol (Realized Proxy),0.4497077624739213
2025-04-09,JPM-VOL,Implied Vol (Realized Proxy),0.5273751945999267
2025-04-10,JPM-VOL,Implied Vol (Realized Proxy),0.5389090954850122
2025-04-11,JPM-VOL,Implied Vol (Realized Proxy),0.5537739701280935
2025-04-14,JPM-VOL,Implied Vol (Realized Proxy),0.5438948898096106
2025-04-15,JPM-VOL,Implied Vol (Realized Proxy),0.5440031744423072
2025-04-16,JPM-VOL,Implied Vol (Realized Proxy),0.5461643969657269
2025-04-17,JPM-VOL,Implied Vol (Realized Proxy),0.5436219445124189
2025-04-21,JPM-VOL,Implied Vol (Realized Proxy),0.5450390167913854
2025-04-22,JPM-VOL,Implied Vol (Realized Proxy),0.5535874096095496
2025-04-23,JPM-VOL,Implied Vol (Realized Proxy),0.5512242820502266
2025-04-24,JPM-VOL,Implied Vol (Realized Proxy),0.5523323282795507
2025-04-25,JPM-VOL,Implied Vol (Realized Proxy),0.5524332874694001
2025-04-28,JPM-VOL,Implied Vol (Realized Proxy),0.5511832778973731
2025-04-29,JPM-VOL,Implied Vol (Realized Proxy),0.546459387503687
2025-04-30,JPM-VOL,Implied Vol (Realized Proxy),0.5453212756595567
2025-05-01,JPM-VOL,Implied Vol (Realized Proxy),0.5456958088716332
2025-05-02,JPM-VOL,Implied Vol (Realized Proxy),0.5503245982107074
2025-05-05,JPM-VOL,Implied Vol (Realized Proxy),0.48128554368827675
2025-05-06,JPM-VOL,Implied Vol (Realized Proxy),0.3655781598399784
2025-05-07,JPM-VOL,Implied Vol (Realized Proxy),0.36397913958224015
2025-05-08,JPM-VOL,Implied Vol (Realized Proxy),0.36508307778064264
2025-05-09,JPM-VOL,Implied Vol (Realized Proxy),0.2621569129776647
2025-05-12,JPM-VOL,Implied Vol (Realized Proxy),0.24124017059237415
2025-05-13,JPM-VOL,Implied Vol (Realized Proxy),0.21089379874044598
2025-05-14,JPM-VOL,Implied Vol (Realized Proxy),0.20729933664917152
2025-05-15,JPM-VOL,Implied Vol (Realized Proxy),0.20210046952598779
2025-05-16,JPM-VOL,Implied Vol (Realized Proxy),0.1877020181041769
2025-05-19,JPM-VOL,Implied Vol (Realized Proxy),0.19665546203873943
2025-05-20,JPM-VOL,Implied Vol (Realized Proxy),0.18442155020967113
2025-05-21,JPM-VOL,Implied Vol (Realized Proxy),0.1862459455035375
2025-05-22,JPM-VOL,Implied Vol (Realized Proxy),0.17627541300324642
2025-05-23,JPM-VOL,Implied Vol (Realized Proxy),0.17135466645772912
2025-05-27,JPM-VOL,Implied Vol (Realized Proxy),0.17599657434538582
2025-05-28,JPM-VOL,Implied Vol (Realized Proxy),0.1791012144824975
2025-05-29,JPM-VOL,Implied Vol (Realized Proxy),0.17896878212871237
2025-05-30,JPM-VOL,Implied Vol (Realized Proxy),0.17939858322799473
2025-06-02,JPM-VOL,Implied Vol (Realized Proxy),0.17826038481216525
2025-06-03,JPM-VOL,Implied Vol (Realized Proxy),0.16451794881351112
2025-06-04,JPM-VOL,Implied Vol (Realized Proxy),0.168182350563773
2025-06-05,JPM-VOL,Implied Vol (Realized Proxy),0.16361776752457058
2025-06-06,JPM-VOL,Implied Vol (Realized Proxy),0.16857794219132316
2025-06-09,JPM-VOL,Implied Vol (Realized Proxy),0.1616663406406297
2025-06-10,JPM-VOL,Implied Vol (Realized Proxy),0.1617142978989352
2025-06-11,JPM-VOL,Implied Vol (Realized Proxy),0.1358221308286557
2025-06-12,JPM-VOL,Implied Vol (Realized Proxy),0.13102233818528922
2025-06-13,JPM-VOL,Implied Vol (Realized Proxy),0.1344133042582439
2025-06-16,JPM-VOL,Implied Vol (Realized Proxy),0.1501459112182018
2025-06-17,JPM-VOL,Implied Vol (Realized Proxy),0.15066955715115798
2025-06-18,JPM-VOL,Implied Vol (Realized Proxy),0.15536628473623113
2025-06-20,JPM-VOL,Implied Vol (Realized Proxy),0.1554778179791773
2025-06-23,JPM-VOL,Implied Vol (Realized Proxy),0.14242381372465768
2025-06-24,JPM-VOL,Implied Vol (Realized Proxy),0.14381224770392803
2025-06-25,JPM-VOL,Implied Vol (Realized Proxy),0.14481466101306767
2025-06-26,JPM-VOL,Implied Vol (Realized Proxy),0.14364944387231687
2025-06-27,JPM-VOL,Implied Vol (Realized Proxy),0.14263963195608395
2025-06-30,JPM-VOL,Implied Vol (Realized Proxy),0.14391699327214774
2025-07-01,JPM-VOL,Implied Vol (Realized Proxy),0.14273493419748334
2025-07-02,JPM-VOL,Implied Vol (Realized Proxy),0.14256944655229756
2025-07-03,JPM-VOL,Implied Vol (Realized Proxy),0.14584691243893727
2025-07-07,JPM-VOL,Implied Vol (Realized Proxy),0.15370282734971621
2025-07-08,JPM-VOL,Implied Vol (Realized Proxy),0.19505328089745153
2025-07-09,JPM-VOL,Implied Vol (Realized Proxy),0.19124118697553974
2025-07-10,JPM-VOL,Implied Vol (Realized Proxy),0.19781471317868357
2025-07-11,JPM-VOL,Implied Vol (Realized Proxy),0.1994636869101538
2025-07-14,JPM-VOL,Implied Vol (Realized Proxy),0.1989708121047693
2025-07-15,JPM-VOL,Implied Vol (Realized Proxy),0.2023549450061719
2025-07-16,JPM-VOL,Implied Vol (Realized Proxy),0.19564585416836697
2025-07-17,JPM-VOL,Implied Vol (Realized Proxy),0.19023191171070292
2025-07-18,JPM-VOL,Implied Vol (Realized Proxy),0.18882298563818634
2025-07-21,JPM-VOL,Implied Vol (Realized Proxy),0.18368501097105383
2025-07-22,JPM-VOL,Implied Vol (Realized Proxy),0.18370494625871917
2025-07-23,JPM-VOL,Implied Vol (Realized Proxy),0.18884642297559898
2025-07-24,JPM-VOL,Implied Vol (Realized Proxy),0.18716792890349168
2025-07-25,JPM-VOL,Implied Vol (Realized Proxy),0.18597651590939293
2025-07-28,JPM-VOL,Implied Vol (Realized Proxy),0.179140358970422
2025-07-29,JPM-VOL,Implied Vol (Realized Proxy),0.17843799127628732
2025-07-30,JPM-VOL,Implied Vol (Realized Proxy),0.17788791115150832
2025-07-31,JPM-VOL,Implied Vol (Realized Proxy),0.18344891382871756
2025-08-01,JPM-VOL,Implied Vol (Realized Proxy),0.20100423577719237
2025-08-04,JPM-VOL,Implied Vol (Realized Proxy),0.20405107377798803
2025-08-05,JPM-VOL,Implied Vol (Realized Proxy),0.20128283226926116
2025-08-06,JPM-VOL,Implied Vol (Realized Proxy),0.16460489704397085
2025-08-07,JPM-VOL,Implied Vol (Realized Proxy),0.17444910585293555
2025-08-08,JPM-VOL,Implied Vol (Realized Proxy),0.16472070463696648
2025-08-11,JPM-VOL,Implied Vol (Realized Proxy),0.16404092678527743
2025-08-12,JPM-VOL,Implied Vol (Realized Proxy),0.16713194250155788
2025-08-13,JPM-VOL,Implied Vol (Realized Proxy),0.1674341190529968
2025-08-14,JPM-VOL,Implied Vol (Realized Proxy),0.17179268406742093
2025-08-15,JPM-VOL,Implied Vol (Realized Proxy),0.17164303917843776
2025-08-18,JPM-VOL,Implied Vol (Realized Proxy),0.17130147195823928
2025-08-19,JPM-VOL,Implied Vol (Realized Proxy),0.17159008794330843
2025-08-20,JPM-VOL,Implied Vol (Realized Proxy),0.1725632507764177
2025-08-21,JPM-VOL,Implied Vol (Realized Proxy),0.159804472735421
2025-08-22,JPM-VOL,Implied Vol (Realized Proxy),0.1704252447693669
2025-08-25,JPM-VOL,Implied Vol (Realized Proxy),0.1691166475939202
2025-08-26,JPM-VOL,Implied Vol (Realized Proxy),0.17494353104046287
2025-08-27,JPM-VOL,Implied Vol (Realized Proxy),0.1744258086572374
2025-08-28,JPM-VOL,Implied Vol (Realized Proxy),0.17303999155450686
2025-08-29,JPM-VOL,Implied Vol (Realized Proxy),0.16781543335306512
2025-09-02,JPM-VOL,Implied Vol (Realized Proxy),0.14518901099740297
2025-09-03,JPM-VOL,Implied Vol (Realized Proxy),0.13452568705870774
2025-09-04,JPM-VOL,Implied Vol (Realized Proxy),0.13630504147357808
2025-09-05,JPM-VOL,Implied Vol (Realized Proxy),0.1792160566159133
2025-09-08,JPM-VOL,Implied Vol (Realized Proxy),0.17120992313217923
2025-09-09,JPM-VOL,Implied Vol (Realized Proxy),0.17891770753192274
2025-09-10,JPM-VOL,Implied Vol (Realized Proxy),0.1807730339986031
2025-09-11,JPM-VOL,Implied Vol (Realized Proxy),0.1851383417509902
2025-09-12,JPM-VOL,Implied Vol (Realized Proxy),0.1816646099316364
2025-09-15,JPM-VOL,Implied Vol (Realized Proxy),0.17876311286903232
2025-09-16,JPM-VOL,Implied Vol (Realized Proxy),0.17052977396022748
2025-09-17,JPM-VOL,Implied Vol (Realized Proxy),0.17150307038623755
2025-09-18,JPM-VOL,Implied Vol (Realized Proxy),0.17007634567837984
2025-09-19,JPM-VOL,Implied Vol (Realized Proxy),0.17001780819359336
2025-09-22,JPM-VOL,Implied Vol (Realized Proxy),0.1730200141324147
2025-09-23,JPM-VOL,Implied Vol (Realized Proxy),0.16661555281488172
2025-09-24,JPM-VOL,Implied Vol (Realized Proxy),0.16461493810459152
2025-09-25,JPM-VOL,Implied Vol (Realized Proxy),0.16117499134721527
2025-09-26,JPM-VOL,Implied Vol (Realized Proxy),0.16250025904138438
2025-09-29,JPM-VOL,Implied Vol (Realized Proxy),0.16251791419895437
2025-09-30,JPM-VOL,Implied Vol (Realized Proxy),0.1628319628266204
2025-10-01,JPM-VOL,Implied Vol (Realized Proxy),0.17153187777038034
2025-10-02,JPM-VOL,Implied Vol (Realized Proxy),0.176336937328294
2025-10-03,JPM-VOL,Implied Vol (Realized Proxy),0.1717869026048579
2025-10-06,JPM-VOL,Implied Vol (Realized Proxy),0.12591464173550507
2025-10-07,JPM-VOL,Implied Vol (Realized Proxy),0.12578729303914582
2025-10-08,JPM-VOL,Implied Vol (Realized Proxy),0.12370640768444804
2025-10-09,JPM-VOL,Implied Vol (Realized Proxy),0.121162252275921
2025-10-10,JPM-VOL,Implied Vol (Realized Proxy),0.11913809230558585
2025-10-13,JPM-VOL,Implied Vol (Realized Proxy),0.14456740563773082
2025-10-14,JPM-VOL,Implied Vol (Realized Proxy),0.15741663110329765
2025-10-15,JPM-VOL,Implied Vol (Realized Proxy),0.16361051115580105
2025-10-16,JPM-VOL,Implied Vol (Realized Proxy),0.1786690143517645
2025-10-17,JPM-VOL,Implied Vol (Realized Proxy),0.17697641584494223
2025-10-20,JPM-VOL,Implied Vol (Realized Proxy),0.1866769207566058
2025-10-21,JPM-VOL,Implied Vol (Realized Proxy),0.19362822799796467
2025-10-22,JPM-VOL,Implied Vol (Realized Proxy),0.19498784285228699
2025-10-23,JPM-VOL,Implied Vol (Realized Proxy),0.19476911108390815
2025-10-24,JPM-VOL,Implied Vol (Realized Proxy),0.21006899327297363
2025-10-27,JPM-VOL,Implied Vol (Realized Proxy),0.21296352832373736
2025-10-28,JPM-VOL,Implied Vol (Realized Proxy),0.21390637775445134
2025-10-29,JPM-VOL,Implied Vol (Realized Proxy),0.21401376384447038
2025-10-30,JPM-VOL,Implied Vol (Realized Proxy),0.21353886348337903
2025-10-31,JPM-VOL,Implied Vol (Realized Proxy),0.2111438550727359
2025-11-03,JPM-VOL,Implied Vol (Realized Proxy),0.21037144369451086
2025-11-04,JPM-VOL,Implied Vol (Realized Proxy),0.21015553933911324
2025-11-05,JPM-VOL,Implied Vol (Realized Proxy),0.2110536274403912
2025-11-06,JPM-VOL,Implied Vol (Realized Proxy),0.20657771195747382
2025-11-07,JPM-VOL,Implied Vol (Realized Proxy),0.20623600400387138
2025-11-10,JPM-VOL,Implied Vol (Realized Proxy),0.19837269416161643
2025-11-11,JPM-VOL,Implied Vol (Realized Proxy),0.1843603268078584
2025-11-12,JPM-VOL,Implied Vol (Realized Proxy),0.17443600906238735
2025-11-13,JPM-VOL,Implied Vol (Realized Proxy),0.21405442852749937
2025-11-14,JPM-VOL,Implied Vol (Realized Proxy),0.20809325876614218
2025-11-17,JPM-VOL,Implied Vol (Realized Proxy),0.2115043789851635
2025-11-18,JPM-VOL,Implied Vol (Realized Proxy),0.2040391322526926
2025-11-19,JPM-VOL,Implied Vol (Realized Proxy),0.19901573086936764
2025-11-20,JPM-VOL,Implied Vol (Realized Proxy),0.20441584635441726
2025-11-21,JPM-VOL,Implied Vol (Realized Proxy),0.20449740535130348
2025-11-24,JPM-VOL,Implied Vol (Realized Proxy),0.1921088923477027
2025-11-25,JPM-VOL,Implied Vol (Realized Proxy),0.19628492818205537
2025-11-26,JPM-VOL,Implied Vol (Realized Proxy),0.20301405233772682
2025-11-28,JPM-VOL,Implied Vol (Realized Proxy),0.21155779145148762
2025-12-01,JPM-VOL,Implied Vol (Realized Proxy),0.2128624908498461
2025-12-02,JPM-VOL,Implied Vol (Realized Proxy),0.21217984664668188
2025-12-03,JPM-VOL,Implied Vol (Realized Proxy),0.2167858669765108
2025-12-04,JPM-VOL,Implied Vol (Realized Proxy),0.2208337785060576
2025-12-05,JPM-VOL,Implied Vol (Realized Proxy),0.2199018689150582
2025-12-08,JPM-VOL,Implied Vol (Realized Proxy),0.21913353207525188
2025-12-09,JPM-VOL,Implied Vol (Realized Proxy),0.2747818641231766
2025-12-10,JPM-VOL,Implied Vol (Realized Proxy),0.2965930864169553
2025-12-11,JPM-VOL,Implied Vol (Realized Proxy),0.3078835567255036
2025-12-12,JPM-VOL,Implied Vol (Realized Proxy),0.3034685186347112
2025-12-15,JPM-VOL,Implied Vol (Realized Proxy),0.2766601699929331
2025-12-16,JPM-VOL,Implied Vol (Realized Proxy),0.2723850760300241
2025-12-17,JPM-VOL,Implied Vol (Realized Proxy),0.26893075991038456
2025-12-18,JPM-VOL,Implied Vol (Realized Proxy),0.26993860862678093
2025-12-19,JPM-VOL,Implied Vol (Realized Proxy),0.27022041213901293
2025-12-22,JPM-VOL,Implied Vol (Realized Proxy),0.26712121619945206
2025-12-23,JPM-VOL,Implied Vol (Realized Proxy),0.2670020421771011
2025-12-24,JPM-VOL,Implied Vol (Realized Proxy),0.2671957260270279
2025-12-26,JPM-VOL,Implied Vol (Realized Proxy),0.265109457249958
2025-12-29,JPM-VOL,Implied Vol (Realized Proxy),0.26759837505480655
2025-12-30,JPM-VOL,Implied Vol (Realized Proxy),0.26206938034369565
2025-12-31,JPM-VOL,Implied Vol (Realized Proxy),0.2572302512458565
2026-01-02,JPM-VOL,Implied Vol (Realized Proxy),0.25790075216117636
2026-01-05,JPM-VOL,Implied Vol (Realized Proxy),0.2678218924048156
2026-01-06,JPM-VOL,Implied Vol (Realized Proxy),0.2656517505240441
2026-01-07,JPM-VOL,Implied Vol (Realized Proxy),0.2796898554419765
2026-01-08,JPM-VOL,Implied Vol (Realized Proxy),0.28061305492193533
2026-01-09,JPM-VOL,Implied Vol (Realized Proxy),0.2151473408162455
2026-01-12,JPM-VOL,Implied Vol (Realized Proxy),0.20046744224822774
2026-01-13,JPM-VOL,Implied Vol (Realized Proxy),0.23971229638777475
2026-01-14,JPM-VOL,Implied Vol (Realized Proxy),0.24097710804654834
2026-01-15,JPM-VOL,Implied Vol (Realized Proxy),0.24091412965896397
2026-01-16,JPM-VOL,Implied Vol (Realized Proxy),0.23986281749861105
2026-01-20,JPM-VOL,Implied Vol (Realized Proxy),0.26309166394123706
2026-01-21,JPM-VOL,Implied Vol (Realized Proxy),0.26260990829158976
2026-01-22,JPM-VOL,Implied Vol (Realized Proxy),0.2582163727931046
2026-01-23,JPM-VOL,Implied Vol (Realized Proxy),0.25382987886720876
2026-01-26,JPM-VOL,Implied Vol (Realized Proxy),0.2554217583647582
2026-01-27,JPM-VOL,Implied Vol (Realized Proxy),0.2506316228873913
2026-01-28,JPM-VOL,Implied Vol (Realized Proxy),0.2514636145729777
2026-01-29,JPM-VOL,Implied Vol (Realized Proxy),0.26116382279357364
2026-01-30,JPM-VOL,Implied Vol (Realized Proxy),0.26112053375624084
2026-02-02,JPM-VOL,Implied Vol (Realized Proxy),0.263347702311077
2026-02-03,JPM-VOL,Implied Vol (Realized Proxy),0.27287109557076106
2026-02-04,JPM-VOL,Implied Vol (Realized Proxy),0.2564679292442731
2026-02-05,JPM-VOL,Implied Vol (Realized Proxy),0.26523407802363586
2026-02-06,JPM-VOL,Implied Vol (Realized Proxy),0.29304056583592625
2026-02-09,JPM-VOL,Implied Vol (Realized Proxy),0.2911246191767826
2026-02-10,JPM-VOL,Implied Vol (Realized Proxy),0.29352627959271804
2026-02-11,JPM-VOL,Implied Vol (Realized Proxy),0.3003495559760063
2026-02-12,JPM-VOL,Implied Vol (Realized Proxy),0.2771015158496197
2026-02-13,JPM-VOL,Implied Vol (Realized Proxy),0.27537348889243285
2026-02-17,JPM-VOL,Implied Vol (Realized Proxy),0.28030844500598484
2026-02-18,JPM-VOL,Implied Vol (Realized Proxy),0.27845108832494225
2026-02-19,JPM-VOL,Implied Vol (Realized Proxy),0.2547544086279281
2026-02-20,JPM-VOL,Implied Vol (Realized Proxy),0.25595395345068755
2026-02-23,JPM-VOL,Implied Vol (Realized Proxy),0.2980926107092919
2026-02-24,JPM-VOL,Implied Vol (Realized Proxy),0.29024986247543283
2026-02-25,JPM-VOL,Implied Vol (Realized Proxy),0.2961305674485062
2026-02-26,JPM-VOL,Implied Vol (Realized Proxy),0.2975203973876159
2026-02-27,JPM-VOL,Implied Vol (Realized Proxy),0.3055598957269441
2026-03-02,JPM-VOL,Implied Vol (Realized Proxy),0.2992426612830062
2026-03-03,JPM-VOL,Implied Vol (Realized Proxy),0.30140664154753716
2026-03-04,JPM-VOL,Implied Vol (Realized Proxy),0.29997410263682706
2026-03-05,JPM-VOL,Implied Vol (Realized Proxy),0.29424591718550763
2026-03-06,JPM-VOL,Implied Vol (Realized Proxy),0.29359914264325204
2026-03-09,JPM-VOL,Implied Vol (Realized Proxy),0.28647212948782386
2026-03-10,JPM-VOL,Implied Vol (Realized Proxy),0.24256253347266193
2026-03-11,JPM-VOL,Implied Vol (Realized Proxy),0.24209259862626525
2026-03-12,JPM-VOL,Implied Vol (Realized Proxy),0.24400502854532888
2026-03-13,JPM-VOL,Implied Vol (Realized Proxy),0.23607775341138798
2026-03-16,JPM-VOL,Implied Vol (Realized Proxy),0.2261430353429365
2026-03-17,JPM-VOL,Implied Vol (Realized Proxy),0.226732600697404
2026-03-18,JPM-VOL,Implied Vol (Realized Proxy),0.21867035509260663
2026-03-19,JPM-VOL,Implied Vol (Realized Proxy),0.2170111186890239
2026-03-20,JPM-VOL,Implied Vol (Realized Proxy),0.21704869241455235
2026-03-23,JPM-VOL,Implied Vol (Realized Proxy),0.21922516822010127
2026-03-24,JPM-VOL,Implied Vol (Realized Proxy),0.1680811260402888
2026-03-25,JPM-VOL,Implied Vol (Realized Proxy),0.17242225480450388
2026-03-26,JPM-VOL,Implied Vol (Realized Proxy),0.1608472879495703
2026-03-27,JPM-VOL,Implied Vol (Realized Proxy),0.1839243766963394
2026-03-30,JPM-VOL,Implied Vol (Realized Proxy),0.17646247132989182
2026-03-31,JPM-VOL,Implied Vol (Realized Proxy),0.21958527432856328
2026-04-01,JPM-VOL,Implied Vol (Realized Proxy),0.21753985032657297
2026-04-02,JPM-VOL,Implied Vol (Realized Proxy),0.21751003508857394
2026-04-06,JPM-VOL,Implied Vol (Realized Proxy),0.2065351900392444
2026-04-07,JPM-VOL,Implied Vol (Realized Proxy),0.20083272720174647
2026-04-08,JPM-VOL,Implied Vol (Realized Proxy),0.2322100634390347
2026-04-09,JPM-VOL,Implied Vol (Realized Proxy),0.2313189557789068
2026-04-10,JPM-VOL,Implied Vol (Realized Proxy),0.23037876085738068
2026-04-13,JPM-VOL,Implied Vol (Realized Proxy),0.22043906631847518
2026-04-14,JPM-VOL,Implied Vol (Realized Proxy),0.22491570754657708
2026-04-15,JPM-VOL,Implied Vol (Realized Proxy),0.23565869947423448
2026-04-16,JPM-VOL,Implied Vol (Realized Proxy),0.23810095363410522
2026-04-17,JPM-VOL,Implied Vol (Realized Proxy),0.23825952780619866
2026-04-20,JPM-VOL,Implied Vol (Realized Proxy),0.2457524271121846
2026-04-21,JPM-VOL,Implied Vol (Realized Proxy),0.25093865160974715
2026-04-22,JPM-VOL,Implied Vol (Realized Proxy),0.24982427345766509
2026-04-23,JPM-VOL,Implied Vol (Realized Proxy),0.2505984383532757
2026-04-24,JPM-VOL,Implied Vol (Realized Proxy),0.2536799137121471
2026-04-27,JPM-VOL,Implied Vol (Realized Proxy),0.24943071604564598
2026-04-28,JPM-VOL,Implied Vol (Realized Proxy),0.21771450463890285
2026-04-29,JPM-VOL,Implied Vol (Realized Proxy),0.2214310406169351
2026-04-30,JPM-VOL,Implied Vol (Realized Proxy),0.19200979906073778
2026-05-01,JPM-VOL,Implied Vol (Realized Proxy),0.19286131354994573
2026-05-04,JPM-VOL,Implied Vol (Realized Proxy),0.2022951934951063
2026-05-05,JPM-VOL,Implied Vol (Realized Proxy),0.20266794290394693
2026-05-06,JPM-VOL,Implied Vol (Realized Proxy),0.20918057839606552
2026-05-07,JPM-VOL,Implied Vol (Realized Proxy),0.200151776702758
2026-05-08,JPM-VOL,Implied Vol (Realized Proxy),0.2031732391086804
2026-05-11,JPM-VOL,Implied Vol (Realized Proxy),0.20413109667109686
2026-05-12,JPM-VOL,Implied Vol (Realized Proxy),0.20787325506748505
2026-05-13,JPM-VOL,Implied Vol (Realized Proxy),0.21223278816841007
2026-05-14,JPM-VOL,Implied Vol (Realized Proxy),0.20497582632365374
2026-05-15,JPM-VOL,Implied Vol (Realized Proxy),0.1994215912483828
2026-05-18,JPM-VOL,Implied Vol (Realized Proxy),0.2032821533282031
2026-05-19,JPM-VOL,Implied Vol (Realized Proxy),0.19195204239016583
2026-05-20,JPM-VOL,Implied Vol (Realized Proxy),0.2061989729102461
2026-05-21,JPM-VOL,Implied Vol (Realized Proxy),0.20687423441271383
2026-05-22,JPM-VOL,Implied Vol (Realized Proxy),0.21113274780672645
2026-05-26,JPM-VOL,Implied Vol (Realized Proxy),0.20792242272641645
2026-05-27,JPM-VOL,Implied Vol (Realized Proxy),0.22007218195925013
2026-05-28,JPM-VOL,Implied Vol (Realized Proxy),0.2211894139719408
2026-05-29,JPM-VOL,Implied Vol (Realized Proxy),0.2236112225401488
2026-06-01,JPM-VOL,Implied Vol (Realized Proxy),0.2187458674115892
2026-06-02,JPM-VOL,Implied Vol (Realized Proxy),0.2267782694898558
2026-06-03,JPM-VOL,Implied Vol (Realized Proxy),0.22120227674912782
2026-06-04,JPM-VOL,Implied Vol (Realized Proxy),0.24977824905359125
2026-06-05,JPM-VOL,Implied Vol (Realized Proxy),0.2423555878247682
2026-06-08,JPM-VOL,Implied Vol (Realized Proxy),0.2215946183441046
2026-06-09,JPM-VOL,Implied Vol (Realized Proxy),0.2156329577690746
2026-06-10,JPM-VOL,Implied Vol (Realized Proxy),0.21842506662215713
2026-06-11,JPM-VOL,Implied Vol (Realized Proxy),0.21671210129834861
2026-06-12,JPM-VOL,Implied Vol (Realized Proxy),0.22004446085906457
2026-06-15,JPM-VOL,Implied Vol (Realized Proxy),0.22101827520264575
2026-06-16,JPM-VOL,Implied Vol (Realized Proxy),0.24550102436381757
2026-06-17,JPM-VOL,Implied Vol (Realized Proxy),0.24501851704876498
2026-06-18,JPM-VOL,Implied Vol (Realized Proxy),0.25555512331667257
2026-06-22,JPM-VOL,Implied Vol (Realized Proxy),0.25405535251076283
2026-06-23,JPM-VOL,Implied Vol (Realized Proxy),0.25431505790871356
2026-06-24,JPM-VOL,Implied Vol (Realized Proxy),0.2542054818249052
2026-06-25,JPM-VOL,Implied Vol (Realized Proxy),0.2540088414594295
2026-06-26,JPM-VOL,Implied Vol (Realized Proxy),0.2457537657382125
2026-06-29,JPM-VOL,Implied Vol (Realized Proxy),0.24153533747163686
2026-06-30,JPM-VOL,Implied Vol (Realized Proxy),0.24418857579563333
2026-07-01,JPM-VOL,Implied Vol (Realized Proxy),0.24516934038571764
2026-07-02,JPM-VOL,Implied Vol (Realized Proxy),0.24337701933166034
2026-07-06,JPM-VOL,Implied Vol (Realized Proxy),0.2430578814272361
2026-07-07,JPM-VOL,Implied Vol (Realized Proxy),0.22181482476569145
2026-07-08,JPM-VOL,Implied Vol (Realized Proxy),0.24465319438245692
2026-07-09,JPM-VOL,Implied Vol (Realized Proxy),0.2466701307279058
2026-07-10,JPM-VOL,Implied Vol (Realized Proxy),0.2466161806818147
2026-07-13,JPM-VOL,Implied Vol (Realized Proxy),0.2430460775532087
2026-07-14,JPM-VOL,Implied Vol (Realized Proxy),0.2514053870184213
2026-07-15,JPM-VOL,Implied Vol (Realized Proxy),0.2439062026204317
2026-07-16,JPM-VOL,Implied Vol (Realized Proxy),0.24775554558045673
2026-07-17,JPM-VOL,Implied Vol (Realized Proxy),0.21903661828893017
2026-07-20,JPM-VOL,Implied Vol (Realized Proxy),0.21971910073644596
2026-07-21,JPM-VOL,Implied Vol (Realized Proxy),0.20678731531014205
2026-07-22,JPM-VOL,Implied Vol (Realized Proxy),0.19948972569626108
2026-07-23,JPM-VOL,Implied Vol (Realized Proxy),0.1986625923573977
2026-07-24,JPM-VOL,Implied Vol (Realized Proxy),0.19953901644743036
2026-07-27,JPM-VOL,Implied Vol (Realized Proxy),0.20038063445093635
2026-07-28,JPM-VOL,Implied Vol (Realized Proxy),0.18499742920044598
2026-07-29,JPM-VOL,Implied Vol (Realized Proxy),0.2308313746307959
2026-07-30,JPM-VOL,Implied Vol (Realized Proxy),0.23466100955386138
2026-07-31,JPM-VOL,Implied Vol (Realized Proxy),0.22629182694046654
2026-08-03,JPM-VOL,Implied Vol (Realized Proxy),0.22624540682011826
2026-08-04,JPM-VOL,Implied Vol (Realized Proxy),0.22829843922511964
2026-08-05,JPM-VOL,Implied Vol (Realized Proxy),0.22833686424570993
2026-08-06,JPM-VOL,Implied Vol (Realized Proxy),0.20807547794112127
2026-08-07,JPM-VOL,Implied Vol (Realized Proxy),0.20419676712902188
2026-08-10,JPM-VOL,Implied Vol (Realized Proxy),0.20451546903371406
2026-08-11,JPM-VOL,Implied Vol (Realized Proxy),0.20209411822304243
2026-08-12,JPM-VOL,Implied Vol (Realized Proxy),0.1883410060239708
2026-08-13,JPM-VOL,Implied Vol (Realized Proxy),0.18787720031146143
2026-08-14,JPM-VOL,Implied Vol (Realized Proxy),0.18218247141240201
2026-08-17,JPM-VOL,Implied Vol (Realized Proxy),0.18172602041549984
2026-08-18,JPM-VOL,Implied Vol (Realized Proxy),0.17891815937152156
2026-08-19,JPM-VOL,Implied Vol (Realized Proxy),0.18256752224419753
2026-08-20,JPM-VOL,Implied Vol (Realized Proxy),0.19057882829375478
2026-08-21,JPM-VOL,Implied Vol (Realized Proxy),0.18991031734418515
2026-08-24,JPM-VOL,Implied Vol (Realized Proxy),0.19297939530971936
2026-08-25,JPM-VOL,Implied Vol (Realized Proxy),0.19079227041084024
2026-08-26,JPM-VOL,Implied Vol (Realized Proxy),0.1904766061702286
2026-08-27,JPM-VOL,Implied Vol (Realized Proxy),0.14184310024824537
2026-08-28,JPM-VOL,Implied Vol (Realized Proxy),0.1325403454066628
2026-08-31,JPM-VOL,Implied Vol (Realized Proxy),0.13365453789577064
2026-09-01,JPM-VOL,Implied Vol (Realized Proxy),0.13403149029317674
2026-09-02,JPM-VOL,Implied Vol (Realized Proxy),0.12555014020874408
2026-09-03,JPM-VOL,Implied Vol (Realized Proxy),0.13702462922203293
2024-09-04,KO-EQ,Equity Price,72.55999755859375
2024-09-05,KO-EQ,Equity Price,71.16999816894531
2024-09-06,KO-EQ,Equity Price,71.13999938964844
2024-09-09,KO-EQ,Equity Price,71.8499984741211
2024-09-10,KO-EQ,Equity Price,71.55000305175781
2024-09-11,KO-EQ,Equity Price,71.08000183105469
2024-09-12,KO-EQ,Equity Price,71.2300033569336
2024-09-13,KO-EQ,Equity Price,71.41000366210938
2024-09-16,KO-EQ,Equity Price,72.0999984741211
2024-09-17,KO-EQ,Equity Price,71.80000305175781
2024-09-18,KO-EQ,Equity Price,71.75
2024-09-19,KO-EQ,Equity Price,70.62000274658203
2024-09-20,KO-EQ,Equity Price,71.63999938964844
2024-09-23,KO-EQ,Equity Price,71.7300033569336
2024-09-24,KO-EQ,Equity Price,71.33000183105469
2024-09-25,KO-EQ,Equity Price,71.44999694824219
2024-09-26,KO-EQ,Equity Price,71.4000015258789
2024-09-27,KO-EQ,Equity Price,71.79000091552734
2024-09-30,KO-EQ,Equity Price,71.86000061035156
2024-10-01,KO-EQ,Equity Price,71.70999908447266
2024-10-02,KO-EQ,Equity Price,71.01000213623047
2024-10-03,KO-EQ,Equity Price,70.5199966430664
2024-10-04,KO-EQ,Equity Price,70.16999816894531
2024-10-07,KO-EQ,Equity Price,69.01000213623047
2024-10-08,KO-EQ,Equity Price,69.18000030517578
2024-10-09,KO-EQ,Equity Price,69.56999969482422
2024-10-10,KO-EQ,Equity Price,69.25
2024-10-11,KO-EQ,Equity Price,69.56999969482422
2024-10-14,KO-EQ,Equity Price,70.33999633789062
2024-10-15,KO-EQ,Equity Price,70.33999633789062
2024-10-16,KO-EQ,Equity Price,70.56999969482422
2024-10-17,KO-EQ,Equity Price,69.9000015258789
2024-10-18,KO-EQ,Equity Price,70.44000244140625
2024-10-21,KO-EQ,Equity Price,69.44999694824219
2024-10-22,KO-EQ,Equity Price,69.44999694824219
2024-10-23,KO-EQ,Equity Price,68.01000213623047
2024-10-24,KO-EQ,Equity Price,67.30000305175781
2024-10-25,KO-EQ,Equity Price,66.91999816894531
2024-10-28,KO-EQ,Equity Price,66.66999816894531
2024-10-29,KO-EQ,Equity Price,65.55999755859375
2024-10-30,KO-EQ,Equity Price,65.91999816894531
2024-10-31,KO-EQ,Equity Price,65.30999755859375
2024-11-01,KO-EQ,Equity Price,65.01000213623047
2024-11-04,KO-EQ,Equity Price,65.11000061035156
2024-11-05,KO-EQ,Equity Price,65.37000274658203
2024-11-06,KO-EQ,Equity Price,63.70000076293945
2024-11-07,KO-EQ,Equity Price,63.65999984741211
2024-11-08,KO-EQ,Equity Price,63.91999816894531
2024-11-11,KO-EQ,Equity Price,63.36000061035156
2024-11-12,KO-EQ,Equity Price,63.20000076293945
2024-11-13,KO-EQ,Equity Price,63.0
2024-11-14,KO-EQ,Equity Price,62.54999923706055
2024-11-15,KO-EQ,Equity Price,61.7400016784668
2024-11-18,KO-EQ,Equity Price,61.86000061035156
2024-11-19,KO-EQ,Equity Price,62.59000015258789
2024-11-20,KO-EQ,Equity Price,62.9900016784668
2024-11-21,KO-EQ,Equity Price,63.7599983215332
2024-11-22,KO-EQ,Equity Price,63.91999816894531
2024-11-25,KO-EQ,Equity Price,64.37999725341797
2024-11-26,KO-EQ,Equity Price,64.55000305175781
2024-11-27,KO-EQ,Equity Price,64.43000030517578
2024-11-29,KO-EQ,Equity Price,64.08000183105469
2024-12-02,KO-EQ,Equity Price,63.650001525878906
2024-12-03,KO-EQ,Equity Price,63.52000045776367
2024-12-04,KO-EQ,Equity Price,62.209999084472656
2024-12-05,KO-EQ,Equity Price,62.91999816894531
2024-12-06,KO-EQ,Equity Price,62.529998779296875
2024-12-09,KO-EQ,Equity Price,62.599998474121094
2024-12-10,KO-EQ,Equity Price,62.90999984741211
2024-12-11,KO-EQ,Equity Price,62.63999938964844
2024-12-12,KO-EQ,Equity Price,63.84000015258789
2024-12-13,KO-EQ,Equity Price,63.119998931884766
2024-12-16,KO-EQ,Equity Price,62.54999923706055
2024-12-17,KO-EQ,Equity Price,63.400001525878906
2024-12-18,KO-EQ,Equity Price,62.849998474121094
2024-12-19,KO-EQ,Equity Price,62.45000076293945
2024-12-20,KO-EQ,Equity Price,62.54999923706055
2024-12-23,KO-EQ,Equity Price,62.380001068115234
2024-12-24,KO-EQ,Equity Price,62.84000015258789
2024-12-26,KO-EQ,Equity Price,62.56999969482422
2024-12-27,KO-EQ,Equity Price,62.45000076293945
2024-12-30,KO-EQ,Equity Price,62.029998779296875
2024-12-31,KO-EQ,Equity Price,62.2599983215332
2025-01-02,KO-EQ,Equity Price,61.84000015258789
2025-01-03,KO-EQ,Equity Price,61.75
2025-01-06,KO-EQ,Equity Price,60.810001373291016
2025-01-07,KO-EQ,Equity Price,60.84000015258789
2025-01-08,KO-EQ,Equity Price,61.709999084472656
2025-01-10,KO-EQ,Equity Price,61.06999969482422
2025-01-13,KO-EQ,Equity Price,61.650001525878906
2025-01-14,KO-EQ,Equity Price,62.040000915527344
2025-01-15,KO-EQ,Equity Price,61.77000045776367
2025-01-16,KO-EQ,Equity Price,62.25
2025-01-17,KO-EQ,Equity Price,62.709999084472656
2025-01-21,KO-EQ,Equity Price,62.41999816894531
2025-01-22,KO-EQ,Equity Price,61.779998779296875
2025-01-23,KO-EQ,Equity Price,61.529998779296875
2025-01-24,KO-EQ,Equity Price,61.91999816894531
2025-01-27,KO-EQ,Equity Price,63.869998931884766
2025-01-28,KO-EQ,Equity Price,62.36000061035156
2025-01-29,KO-EQ,Equity Price,62.83000183105469
2025-01-30,KO-EQ,Equity Price,64.05000305175781
2025-01-31,KO-EQ,Equity Price,63.47999954223633
2025-02-03,KO-EQ,Equity Price,63.349998474121094
2025-02-04,KO-EQ,Equity Price,62.66999816894531
2025-02-05,KO-EQ,Equity Price,63.119998931884766
2025-02-06,KO-EQ,Equity Price,63.36000061035156
2025-02-07,KO-EQ,Equity Price,63.84000015258789
2025-02-10,KO-EQ,Equity Price,64.55000305175781
2025-02-11,KO-EQ,Equity Price,67.5999984741211
2025-02-12,KO-EQ,Equity Price,68.70999908447266
2025-02-13,KO-EQ,Equity Price,69.5
2025-02-14,KO-EQ,Equity Price,68.87000274658203
2025-02-18,KO-EQ,Equity Price,69.05000305175781
2025-02-19,KO-EQ,Equity Price,70.06999969482422
2025-02-20,KO-EQ,Equity Price,70.04000091552734
2025-02-21,KO-EQ,Equity Price,71.3499984741211
2025-02-24,KO-EQ,Equity Price,70.58999633789062
2025-02-25,KO-EQ,Equity Price,71.48999786376953
2025-02-26,KO-EQ,Equity Price,70.80000305175781
2025-02-27,KO-EQ,Equity Price,70.87000274658203
2025-02-28,KO-EQ,Equity Price,71.20999908447266
2025-03-03,KO-EQ,Equity Price,72.31999969482422
2025-03-04,KO-EQ,Equity Price,70.19000244140625
2025-03-05,KO-EQ,Equity Price,70.08000183105469
2025-03-06,KO-EQ,Equity Price,70.45999908447266
2025-03-07,KO-EQ,Equity Price,71.43000030517578
2025-03-10,KO-EQ,Equity Price,71.44999694824219
2025-03-11,KO-EQ,Equity Price,71.04000091552734
2025-03-12,KO-EQ,Equity Price,69.94000244140625
2025-03-13,KO-EQ,Equity Price,69.62000274658203
2025-03-14,KO-EQ,Equity Price,69.16000366210938
2025-03-17,KO-EQ,Equity Price,70.12000274658203
2025-03-18,KO-EQ,Equity Price,69.37999725341797
2025-03-19,KO-EQ,Equity Price,69.27999877929688
2025-03-20,KO-EQ,Equity Price,69.70999908447266
2025-03-21,KO-EQ,Equity Price,68.66999816894531
2025-03-24,KO-EQ,Equity Price,68.94999694824219
2025-03-25,KO-EQ,Equity Price,68.80999755859375
2025-03-26,KO-EQ,Equity Price,70.0199966430664
2025-03-27,KO-EQ,Equity Price,70.73999786376953
2025-03-28,KO-EQ,Equity Price,70.37000274658203
2025-03-31,KO-EQ,Equity Price,71.62000274658203
2025-04-01,KO-EQ,Equity Price,71.87000274658203
2025-04-02,KO-EQ,Equity Price,71.33000183105469
2025-04-03,KO-EQ,Equity Price,73.18000030517578
2025-04-04,KO-EQ,Equity Price,69.93000030517578
2025-04-07,KO-EQ,Equity Price,68.37000274658203
2025-04-08,KO-EQ,Equity Price,68.41999816894531
2025-04-09,KO-EQ,Equity Price,69.94999694824219
2025-04-10,KO-EQ,Equity Price,70.76000213623047
2025-04-11,KO-EQ,Equity Price,71.43000030517578
2025-04-14,KO-EQ,Equity Price,72.44999694824219
2025-04-15,KO-EQ,Equity Price,71.86000061035156
2025-04-16,KO-EQ,Equity Price,71.68000030517578
2025-04-17,KO-EQ,Equity Price,73.0
2025-04-21,KO-EQ,Equity Price,72.7699966430664
2025-04-22,KO-EQ,Equity Price,73.9000015258789
2025-04-23,KO-EQ,Equity Price,73.30000305175781
2025-04-24,KO-EQ,Equity Price,72.5199966430664
2025-04-25,KO-EQ,Equity Price,71.91000366210938
2025-04-28,KO-EQ,Equity Price,71.79000091552734
2025-04-29,KO-EQ,Equity Price,72.3499984741211
2025-04-30,KO-EQ,Equity Price,72.55000305175781
2025-05-01,KO-EQ,Equity Price,71.29000091552734
2025-05-02,KO-EQ,Equity Price,71.6500015258789
2025-05-05,KO-EQ,Equity Price,71.69999694824219
2025-05-06,KO-EQ,Equity Price,71.72000122070312
2025-05-07,KO-EQ,Equity Price,72.4000015258789
2025-05-08,KO-EQ,Equity Price,71.16999816894531
2025-05-09,KO-EQ,Equity Price,70.5199966430664
2025-05-12,KO-EQ,Equity Price,69.52999877929688
2025-05-13,KO-EQ,Equity Price,68.95999908447266
2025-05-14,KO-EQ,Equity Price,69.16000366210938
2025-05-15,KO-EQ,Equity Price,71.61000061035156
2025-05-16,KO-EQ,Equity Price,72.0
2025-05-19,KO-EQ,Equity Price,71.93000030517578
2025-05-20,KO-EQ,Equity Price,71.69000244140625
2025-05-21,KO-EQ,Equity Price,71.8499984741211
2025-05-22,KO-EQ,Equity Price,71.13999938964844
2025-05-23,KO-EQ,Equity Price,71.7699966430664
2025-05-27,KO-EQ,Equity Price,71.77999877929688
2025-05-28,KO-EQ,Equity Price,71.1500015258789
2025-05-29,KO-EQ,Equity Price,71.48999786376953
2025-05-30,KO-EQ,Equity Price,72.0999984741211
2025-06-02,KO-EQ,Equity Price,72.0
2025-06-03,KO-EQ,Equity Price,71.16000366210938
2025-06-04,KO-EQ,Equity Price,71.37000274658203
2025-06-05,KO-EQ,Equity Price,70.91000366210938
2025-06-06,KO-EQ,Equity Price,71.3499984741211
2025-06-09,KO-EQ,Equity Price,71.7699966430664
2025-06-10,KO-EQ,Equity Price,72.3499984741211
2025-06-11,KO-EQ,Equity Price,72.06999969482422
2025-06-12,KO-EQ,Equity Price,72.23999786376953
2025-06-13,KO-EQ,Equity Price,71.0199966430664
2025-06-16,KO-EQ,Equity Price,70.5199966430664
2025-06-17,KO-EQ,Equity Price,69.62000274658203
2025-06-18,KO-EQ,Equity Price,69.20999908447266
2025-06-20,KO-EQ,Equity Price,68.83999633789062
2025-06-23,KO-EQ,Equity Price,69.73999786376953
2025-06-24,KO-EQ,Equity Price,70.20999908447266
2025-06-25,KO-EQ,Equity Price,69.62999725341797
2025-06-26,KO-EQ,Equity Price,69.47000122070312
2025-06-27,KO-EQ,Equity Price,70.33000183105469
2025-06-30,KO-EQ,Equity Price,70.75
2025-07-01,KO-EQ,Equity Price,71.66999816894531
2025-07-02,KO-EQ,Equity Price,70.91000366210938
2025-07-03,KO-EQ,Equity Price,71.3499984741211
2025-07-07,KO-EQ,Equity Price,71.01000213623047
2025-07-08,KO-EQ,Equity Price,70.23999786376953
2025-07-09,KO-EQ,Equity Price,69.4800033569336
2025-07-10,KO-EQ,Equity Price,69.7699966430664
2025-07-11,KO-EQ,Equity Price,69.87000274658203
2025-07-14,KO-EQ,Equity Price,69.47000122070312
2025-07-15,KO-EQ,Equity Price,69.36000061035156
2025-07-16,KO-EQ,Equity Price,69.2699966430664
2025-07-17,KO-EQ,Equity Price,70.58999633789062
2025-07-18,KO-EQ,Equity Price,69.8499984741211
2025-07-21,KO-EQ,Equity Price,70.06999969482422
2025-07-22,KO-EQ,Equity Price,69.66000366210938
2025-07-23,KO-EQ,Equity Price,69.16000366210938
2025-07-24,KO-EQ,Equity Price,69.0999984741211
2025-07-25,KO-EQ,Equity Price,69.16999816894531
2025-07-28,KO-EQ,Equity Price,68.08999633789062
2025-07-29,KO-EQ,Equity Price,69.37999725341797
2025-07-30,KO-EQ,Equity Price,68.75
2025-07-31,KO-EQ,Equity Price,67.88999938964844
2025-08-01,KO-EQ,Equity Price,68.86000061035156
2025-08-04,KO-EQ,Equity Price,68.95999908447266
2025-08-05,KO-EQ,Equity Price,69.05000305175781
2025-08-06,KO-EQ,Equity Price,69.51000213623047
2025-08-07,KO-EQ,Equity Price,70.43000030517578
2025-08-08,KO-EQ,Equity Price,70.33999633789062
2025-08-11,KO-EQ,Equity Price,70.75
2025-08-12,KO-EQ,Equity Price,70.70999908447266
2025-08-13,KO-EQ,Equity Price,70.45999908447266
2025-08-14,KO-EQ,Equity Price,69.55000305175781
2025-08-15,KO-EQ,Equity Price,69.91999816894531
2025-08-18,KO-EQ,Equity Price,69.12999725341797
2025-08-19,KO-EQ,Equity Price,70.12999725341797
2025-08-20,KO-EQ,Equity Price,70.69999694824219
2025-08-21,KO-EQ,Equity Price,70.66000366210938
2025-08-22,KO-EQ,Equity Price,70.12999725341797
2025-08-25,KO-EQ,Equity Price,68.93000030517578
2025-08-26,KO-EQ,Equity Price,68.7300033569336
2025-08-27,KO-EQ,Equity Price,68.83000183105469
2025-08-28,KO-EQ,Equity Price,68.36000061035156
2025-08-29,KO-EQ,Equity Price,68.98999786376953
2025-09-02,KO-EQ,Equity Price,69.05999755859375
2025-09-03,KO-EQ,Equity Price,68.98999786376953
2025-09-04,KO-EQ,Equity Price,68.25
2025-09-05,KO-EQ,Equity Price,67.95999908447266
2025-09-08,KO-EQ,Equity Price,67.43000030517578
2025-09-09,KO-EQ,Equity Price,67.86000061035156
2025-09-10,KO-EQ,Equity Price,67.81999969482422
2025-09-11,KO-EQ,Equity Price,67.62000274658203
2025-09-12,KO-EQ,Equity Price,67.01000213623047
2025-09-15,KO-EQ,Equity Price,66.20999908447266
2025-09-16,KO-EQ,Equity Price,66.23999786376953
2025-09-17,KO-EQ,Equity Price,67.04000091552734
2025-09-18,KO-EQ,Equity Price,66.45999908447266
2025-09-19,KO-EQ,Equity Price,66.43000030517578
2025-09-22,KO-EQ,Equity Price,66.20999908447266
2025-09-23,KO-EQ,Equity Price,66.70999908447266
2025-09-24,KO-EQ,Equity Price,66.44999694824219
2025-09-25,KO-EQ,Equity Price,65.9800033569336
2025-09-26,KO-EQ,Equity Price,65.66999816894531
2025-09-29,KO-EQ,Equity Price,66.04000091552734
2025-09-30,KO-EQ,Equity Price,66.31999969482422
2025-10-01,KO-EQ,Equity Price,66.77999877929688
2025-10-02,KO-EQ,Equity Price,66.0999984741211
2025-10-03,KO-EQ,Equity Price,66.6500015258789
2025-10-06,KO-EQ,Equity Price,66.0999984741211
2025-10-07,KO-EQ,Equity Price,66.79000091552734
2025-10-08,KO-EQ,Equity Price,66.12000274658203
2025-10-09,KO-EQ,Equity Price,66.37000274658203
2025-10-10,KO-EQ,Equity Price,67.04000091552734
2025-10-13,KO-EQ,Equity Price,66.80000305175781
2025-10-14,KO-EQ,Equity Price,67.51000213623047
2025-10-15,KO-EQ,Equity Price,67.08000183105469
2025-10-16,KO-EQ,Equity Price,67.58999633789062
2025-10-17,KO-EQ,Equity Price,68.44000244140625
2025-10-20,KO-EQ,Equity Price,68.44000244140625
2025-10-21,KO-EQ,Equity Price,71.22000122070312
2025-10-22,KO-EQ,Equity Price,70.80999755859375
2025-10-23,KO-EQ,Equity Price,69.94000244140625
2025-10-24,KO-EQ,Equity Price,69.70999908447266
2025-10-27,KO-EQ,Equity Price,70.05999755859375
2025-10-28,KO-EQ,Equity Price,70.16000366210938
2025-10-29,KO-EQ,Equity Price,68.3499984741211
2025-10-30,KO-EQ,Equity Price,68.9800033569336
2025-10-31,KO-EQ,Equity Price,68.9000015258789
2025-11-03,KO-EQ,Equity Price,67.97000122070312
2025-11-04,KO-EQ,Equity Price,68.66000366210938
2025-11-05,KO-EQ,Equity Price,68.51000213623047
2025-11-06,KO-EQ,Equity Price,69.05999755859375
2025-11-07,KO-EQ,Equity Price,70.55000305175781
2025-11-10,KO-EQ,Equity Price,70.5199966430664
2025-11-11,KO-EQ,Equity Price,71.61000061035156
2025-11-12,KO-EQ,Equity Price,71.51000213623047
2025-11-13,KO-EQ,Equity Price,71.06999969482422
2025-11-14,KO-EQ,Equity Price,71.16000366210938
2025-11-17,KO-EQ,Equity Price,70.68000030517578
2025-11-18,KO-EQ,Equity Price,71.22000122070312
2025-11-19,KO-EQ,Equity Price,71.11000061035156
2025-11-20,KO-EQ,Equity Price,71.20999908447266
2025-11-21,KO-EQ,Equity Price,72.94999694824219
2025-11-24,KO-EQ,Equity Price,72.58999633789062
2025-11-25,KO-EQ,Equity Price,72.61000061035156
2025-11-26,KO-EQ,Equity Price,72.87999725341797
2025-11-28,KO-EQ,Equity Price,73.12000274658203
2025-12-01,KO-EQ,Equity Price,71.94999694824219
2025-12-02,KO-EQ,Equity Price,70.66999816894531
2025-12-03,KO-EQ,Equity Price,70.80999755859375
2025-12-04,KO-EQ,Equity Price,70.44999694824219
2025-12-05,KO-EQ,Equity Price,70.0
2025-12-08,KO-EQ,Equity Price,70.25
2025-12-09,KO-EQ,Equity Price,70.08999633789062
2025-12-10,KO-EQ,Equity Price,70.20999908447266
2025-12-11,KO-EQ,Equity Price,69.11000061035156
2025-12-12,KO-EQ,Equity Price,70.5199966430664
2025-12-15,KO-EQ,Equity Price,70.97000122070312
2025-12-16,KO-EQ,Equity Price,70.37000274658203
2025-12-17,KO-EQ,Equity Price,70.66999816894531
2025-12-18,KO-EQ,Equity Price,70.36000061035156
2025-12-19,KO-EQ,Equity Price,70.05999755859375
2025-12-22,KO-EQ,Equity Price,70.20999908447266
2025-12-23,KO-EQ,Equity Price,69.87000274658203
2025-12-24,KO-EQ,Equity Price,70.11000061035156
2025-12-26,KO-EQ,Equity Price,69.87000274658203
2025-12-29,KO-EQ,Equity Price,70.16000366210938
2025-12-30,KO-EQ,Equity Price,70.06999969482422
2025-12-31,KO-EQ,Equity Price,69.91000366210938
2026-01-02,KO-EQ,Equity Price,69.12000274658203
2026-01-05,KO-EQ,Equity Price,67.94000244140625
2026-01-06,KO-EQ,Equity Price,67.83999633789062
2026-01-07,KO-EQ,Equity Price,67.54000091552734
2026-01-08,KO-EQ,Equity Price,69.37000274658203
2026-01-09,KO-EQ,Equity Price,70.51000213623047
2026-01-12,KO-EQ,Equity Price,70.5
2026-01-13,KO-EQ,Equity Price,71.23999786376953
2026-01-14,KO-EQ,Equity Price,71.44000244140625
2026-01-15,KO-EQ,Equity Price,70.4800033569336
2026-01-16,KO-EQ,Equity Price,70.44000244140625
2026-01-20,KO-EQ,Equity Price,71.75
2026-01-21,KO-EQ,Equity Price,72.01000213623047
2026-01-22,KO-EQ,Equity Price,71.87000274658203
2026-01-23,KO-EQ,Equity Price,72.87999725341797
2026-01-26,KO-EQ,Equity Price,72.55999755859375
2026-01-27,KO-EQ,Equity Price,73.55000305175781
2026-01-28,KO-EQ,Equity Price,73.05999755859375
2026-01-29,KO-EQ,Equity Price,73.43000030517578
2026-01-30,KO-EQ,Equity Price,74.80999755859375
2026-02-02,KO-EQ,Equity Price,75.33000183105469
2026-02-03,KO-EQ,Equity Price,76.88999938964844
2026-02-04,KO-EQ,Equity Price,77.3499984741211
2026-02-05,KO-EQ,Equity Price,78.51000213623047
2026-02-06,KO-EQ,Equity Price,79.02999877929688
2026-02-09,KO-EQ,Equity Price,77.97000122070312
2026-02-10,KO-EQ,Equity Price,76.80999755859375
2026-02-11,KO-EQ,Equity Price,78.5999984741211
2026-02-12,KO-EQ,Equity Price,79.0
2026-02-13,KO-EQ,Equity Price,78.68000030517578
2026-02-17,KO-EQ,Equity Price,79.55999755859375
2026-02-18,KO-EQ,Equity Price,79.48999786376953
2026-02-19,KO-EQ,Equity Price,78.91000366210938
2026-02-20,KO-EQ,Equity Price,79.83999633789062
2026-02-23,KO-EQ,Equity Price,80.55999755859375
2026-02-24,KO-EQ,Equity Price,80.72000122070312
2026-02-25,KO-EQ,Equity Price,80.47000122070312
2026-02-26,KO-EQ,Equity Price,80.5
2026-02-27,KO-EQ,Equity Price,81.55999755859375
2026-03-02,KO-EQ,Equity Price,80.22000122070312
2026-03-03,KO-EQ,Equity Price,79.33999633789062
2026-03-04,KO-EQ,Equity Price,78.0999984741211
2026-03-05,KO-EQ,Equity Price,77.02999877929688
2026-03-06,KO-EQ,Equity Price,77.04000091552734
2026-03-09,KO-EQ,Equity Price,77.80000305175781
2026-03-10,KO-EQ,Equity Price,77.87999725341797
2026-03-11,KO-EQ,Equity Price,77.62999725341797
2026-03-12,KO-EQ,Equity Price,77.61000061035156
2026-03-13,KO-EQ,Equity Price,77.33999633789062
2026-03-16,KO-EQ,Equity Price,77.81999969482422
2026-03-17,KO-EQ,Equity Price,77.58000183105469
2026-03-18,KO-EQ,Equity Price,75.97000122070312
2026-03-19,KO-EQ,Equity Price,75.55000305175781
2026-03-20,KO-EQ,Equity Price,74.75
2026-03-23,KO-EQ,Equity Price,75.11000061035156
2026-03-24,KO-EQ,Equity Price,74.66999816894531
2026-03-25,KO-EQ,Equity Price,75.25
2026-03-26,KO-EQ,Equity Price,74.69000244140625
2026-03-27,KO-EQ,Equity Price,75.70999908447266
2026-03-30,KO-EQ,Equity Price,76.2699966430664
2026-03-31,KO-EQ,Equity Price,76.05000305175781
2026-04-01,KO-EQ,Equity Price,76.08000183105469
2026-04-02,KO-EQ,Equity Price,76.72000122070312
2026-04-06,KO-EQ,Equity Price,77.22000122070312
2026-04-07,KO-EQ,Equity Price,75.91000366210938
2026-04-08,KO-EQ,Equity Price,77.29000091552734
2026-04-09,KO-EQ,Equity Price,78.18000030517578
2026-04-10,KO-EQ,Equity Price,77.47000122070312
2026-04-13,KO-EQ,Equity Price,76.41000366210938
2026-04-14,KO-EQ,Equity Price,75.9000015258789
2026-04-15,KO-EQ,Equity Price,75.30999755859375
2026-04-16,KO-EQ,Equity Price,75.18000030517578
2026-04-17,KO-EQ,Equity Price,75.73999786376953
2026-04-20,KO-EQ,Equity Price,75.4800033569336
2026-04-21,KO-EQ,Equity Price,74.69999694824219
2026-04-22,KO-EQ,Equity Price,74.62999725341797
2026-04-23,KO-EQ,Equity Price,76.27999877929688
2026-04-24,KO-EQ,Equity Price,76.62999725341797
2026-04-27,KO-EQ,Equity Price,75.44000244140625
2026-04-28,KO-EQ,Equity Price,78.3499984741211
2026-04-29,KO-EQ,Equity Price,78.87000274658203
2026-04-30,KO-EQ,Equity Price,78.76000213623047
2026-05-01,KO-EQ,Equity Price,78.58000183105469
2026-05-04,KO-EQ,Equity Price,78.19000244140625
2026-05-05,KO-EQ,Equity Price,78.4800033569336
2026-05-06,KO-EQ,Equity Price,79.2300033569336
2026-05-07,KO-EQ,Equity Price,78.43000030517578
2026-05-08,KO-EQ,Equity Price,78.41999816894531
2026-05-11,KO-EQ,Equity Price,78.66000366210938
2026-05-12,KO-EQ,Equity Price,80.02999877929688
2026-05-13,KO-EQ,Equity Price,80.26000213623047
2026-05-14,KO-EQ,Equity Price,80.44999694824219
2026-05-15,KO-EQ,Equity Price,80.81999969482422
2026-05-18,KO-EQ,Equity Price,81.19999694824219
2026-05-19,KO-EQ,Equity Price,81.91999816894531
2026-05-20,KO-EQ,Equity Price,81.55000305175781
2026-05-21,KO-EQ,Equity Price,81.16999816894531
2026-05-22,KO-EQ,Equity Price,81.4800033569336
2026-05-26,KO-EQ,Equity Price,80.45999908447266
2026-05-27,KO-EQ,Equity Price,81.62000274658203
2026-05-28,KO-EQ,Equity Price,80.41000366210938
2026-05-29,KO-EQ,Equity Price,79.01000213623047
2026-06-01,KO-EQ,Equity Price,78.63999938964844
2026-06-02,KO-EQ,Equity Price,78.41000366210938
2026-06-03,KO-EQ,Equity Price,78.76000213623047
2026-06-04,KO-EQ,Equity Price,76.81999969482422
2026-06-05,KO-EQ,Equity Price,79.4800033569336
2026-06-08,KO-EQ,Equity Price,79.54000091552734
2026-06-09,KO-EQ,Equity Price,81.33999633789062
2026-06-10,KO-EQ,Equity Price,83.58999633789062
2026-06-11,KO-EQ,Equity Price,82.52999877929688
2026-06-12,KO-EQ,Equity Price,82.62000274658203
2026-06-15,KO-EQ,Equity Price,80.91000366210938
2026-06-16,KO-EQ,Equity Price,80.27999877929688
2026-06-17,KO-EQ,Equity Price,79.93000030517578
2026-06-18,KO-EQ,Equity Price,79.38999938964844
2026-06-22,KO-EQ,Equity Price,79.52999877929688
2026-06-23,KO-EQ,Equity Price,80.30999755859375
2026-06-24,KO-EQ,Equity Price,80.5999984741211
2026-06-25,KO-EQ,Equity Price,80.41999816894531
2026-06-26,KO-EQ,Equity Price,82.62999725341797
2026-06-29,KO-EQ,Equity Price,82.6500015258789
2026-06-30,KO-EQ,Equity Price,81.2699966430664
2026-07-01,KO-EQ,Equity Price,81.29000091552734
2026-07-02,KO-EQ,Equity Price,84.13999938964844
2026-07-06,KO-EQ,Equity Price,82.95999908447266
2026-07-07,KO-EQ,Equity Price,84.05000305175781
2026-07-08,KO-EQ,Equity Price,83.4000015258789
2026-07-09,KO-EQ,Equity Price,82.62999725341797
2026-07-10,KO-EQ,Equity Price,83.48999786376953
2026-07-13,KO-EQ,Equity Price,84.25
2026-07-14,KO-EQ,Equity Price,83.08000183105469
2026-07-15,KO-EQ,Equity Price,82.44999694824219
2026-07-16,KO-EQ,Equity Price,84.91999816894531
2026-07-17,KO-EQ,Equity Price,81.55999755859375
2026-07-20,KO-EQ,Equity Price,82.12000274658203
2026-07-21,KO-EQ,Equity Price,81.97000122070312
2026-07-22,KO-EQ,Equity Price,82.19999694824219
2026-07-23,KO-EQ,Equity Price,81.16999816894531
2026-07-24,KO-EQ,Equity Price,82.25
2026-07-27,KO-EQ,Equity Price,84.06999969482422
2026-07-28,KO-EQ,Equity Price,88.2699966430664
2026-07-29,KO-EQ,Equity Price,89.08000183105469
2026-07-30,KO-EQ,Equity Price,88.48999786376953
2026-07-31,KO-EQ,Equity Price,87.58999633789062
2026-08-03,KO-EQ,Equity Price,86.86000061035156
2026-08-04,KO-EQ,Equity Price,86.55999755859375
2026-08-05,KO-EQ,Equity Price,86.83000183105469
2026-08-06,KO-EQ,Equity Price,86.8499984741211
2026-08-07,KO-EQ,Equity Price,87.05000305175781
2026-08-10,KO-EQ,Equity Price,86.87000274658203
2026-08-11,KO-EQ,Equity Price,86.4800033569336
2026-08-12,KO-EQ,Equity Price,86.70999908447266
2026-08-13,KO-EQ,Equity Price,87.41999816894531
2026-08-14,KO-EQ,Equity Price,87.70999908447266
2026-08-17,KO-EQ,Equity Price,86.9800033569336
2026-08-18,KO-EQ,Equity Price,88.81999969482422
2026-08-19,KO-EQ,Equity Price,90.3499984741211
2026-08-20,KO-EQ,Equity Price,90.5
2026-08-21,KO-EQ,Equity Price,91.0999984741211
2026-08-24,KO-EQ,Equity Price,91.98999786376953
2026-08-25,KO-EQ,Equity Price,91.63999938964844
2026-08-26,KO-EQ,Equity Price,90.08000183105469
2026-08-27,KO-EQ,Equity Price,89.05999755859375
2026-08-28,KO-EQ,Equity Price,89.66000366210938
2026-08-31,KO-EQ,Equity Price,88.66999816894531
2026-09-01,KO-EQ,Equity Price,88.0
2026-09-02,KO-EQ,Equity Price,88.23999786376953
2026-09-03,KO-EQ,Equity Price,88.80999755859375
2024-09-04,META-EQ,Equity Price,512.739990234375
2024-09-05,META-EQ,Equity Price,516.8599853515625
2024-09-06,META-EQ,Equity Price,500.2699890136719
2024-09-09,META-EQ,Equity Price,504.7900085449219
2024-09-10,META-EQ,Equity Price,504.7900085449219
2024-09-11,META-EQ,Equity Price,511.8299865722656
2024-09-12,META-EQ,Equity Price,525.5999755859375
2024-09-13,META-EQ,Equity Price,524.6199951171875
2024-09-16,META-EQ,Equity Price,533.280029296875
2024-09-17,META-EQ,Equity Price,536.3200073242188
2024-09-18,META-EQ,Equity Price,537.9500122070312
2024-09-19,META-EQ,Equity Price,559.0999755859375
2024-09-20,META-EQ,Equity Price,561.3499755859375
2024-09-23,META-EQ,Equity Price,564.4099731445312
2024-09-24,META-EQ,Equity Price,563.3300170898438
2024-09-25,META-EQ,Equity Price,568.3099975585938
2024-09-26,META-EQ,Equity Price,567.8400268554688
2024-09-27,META-EQ,Equity Price,567.3599853515625
2024-09-30,META-EQ,Equity Price,572.4400024414062
2024-10-01,META-EQ,Equity Price,576.469970703125
2024-10-02,META-EQ,Equity Price,572.8099975585938
2024-10-03,META-EQ,Equity Price,582.77001953125
2024-10-04,META-EQ,Equity Price,595.9400024414062
2024-10-07,META-EQ,Equity Price,584.780029296875
2024-10-08,META-EQ,Equity Price,592.8900146484375
2024-10-09,META-EQ,Equity Price,590.510009765625
2024-10-10,META-EQ,Equity Price,583.8300170898438
2024-10-11,META-EQ,Equity Price,589.9500122070312
2024-10-14,META-EQ,Equity Price,590.4199829101562
2024-10-15,META-EQ,Equity Price,586.27001953125
2024-10-16,META-EQ,Equity Price,576.7899780273438
2024-10-17,META-EQ,Equity Price,576.9299926757812
2024-10-18,META-EQ,Equity Price,576.469970703125
2024-10-21,META-EQ,Equity Price,575.1599731445312
2024-10-22,META-EQ,Equity Price,582.010009765625
2024-10-23,META-EQ,Equity Price,563.6900024414062
2024-10-24,META-EQ,Equity Price,567.780029296875
2024-10-25,META-EQ,Equity Price,573.25
2024-10-28,META-EQ,Equity Price,578.1599731445312
2024-10-29,META-EQ,Equity Price,593.280029296875
2024-10-30,META-EQ,Equity Price,591.7999877929688
2024-10-31,META-EQ,Equity Price,567.5800170898438
2024-11-01,META-EQ,Equity Price,567.1599731445312
2024-11-04,META-EQ,Equity Price,560.6799926757812
2024-11-05,META-EQ,Equity Price,572.4299926757812
2024-11-06,META-EQ,Equity Price,572.0499877929688
2024-11-07,META-EQ,Equity Price,591.7000122070312
2024-11-08,META-EQ,Equity Price,589.3400268554688
2024-11-11,META-EQ,Equity Price,583.1699829101562
2024-11-12,META-EQ,Equity Price,584.8200073242188
2024-11-13,META-EQ,Equity Price,580.0
2024-11-14,META-EQ,Equity Price,577.1599731445312
2024-11-15,META-EQ,Equity Price,554.0800170898438
2024-11-18,META-EQ,Equity Price,554.4000244140625
2024-11-19,META-EQ,Equity Price,561.0900268554688
2024-11-20,META-EQ,Equity Price,565.52001953125
2024-11-21,META-EQ,Equity Price,563.0900268554688
2024-11-22,META-EQ,Equity Price,559.1400146484375
2024-11-25,META-EQ,Equity Price,565.1099853515625
2024-11-26,META-EQ,Equity Price,573.5399780273438
2024-11-27,META-EQ,Equity Price,569.2000122070312
2024-11-29,META-EQ,Equity Price,574.3200073242188
2024-12-02,META-EQ,Equity Price,592.8300170898438
2024-12-03,META-EQ,Equity Price,613.6500244140625
2024-12-04,META-EQ,Equity Price,613.780029296875
2024-12-05,META-EQ,Equity Price,608.9299926757812
2024-12-06,META-EQ,Equity Price,623.77001953125
2024-12-09,META-EQ,Equity Price,613.5700073242188
2024-12-10,META-EQ,Equity Price,619.3200073242188
2024-12-11,META-EQ,Equity Price,632.6799926757812
2024-12-12,META-EQ,Equity Price,630.7899780273438
2024-12-13,META-EQ,Equity Price,620.3499755859375
2024-12-16,META-EQ,Equity Price,624.239990234375
2024-12-17,META-EQ,Equity Price,619.4400024414062
2024-12-18,META-EQ,Equity Price,597.1900024414062
2024-12-19,META-EQ,Equity Price,595.5700073242188
2024-12-20,META-EQ,Equity Price,585.25
2024-12-23,META-EQ,Equity Price,599.8499755859375
2024-12-24,META-EQ,Equity Price,607.75
2024-12-26,META-EQ,Equity Price,603.3499755859375
2024-12-27,META-EQ,Equity Price,599.8099975585938
2024-12-30,META-EQ,Equity Price,591.239990234375
2024-12-31,META-EQ,Equity Price,585.510009765625
2025-01-02,META-EQ,Equity Price,599.239990234375
2025-01-03,META-EQ,Equity Price,604.6300048828125
2025-01-06,META-EQ,Equity Price,630.2000122070312
2025-01-07,META-EQ,Equity Price,617.8900146484375
2025-01-08,META-EQ,Equity Price,610.719970703125
2025-01-10,META-EQ,Equity Price,615.8599853515625
2025-01-13,META-EQ,Equity Price,608.3300170898438
2025-01-14,META-EQ,Equity Price,594.25
2025-01-15,META-EQ,Equity Price,617.1199951171875
2025-01-16,META-EQ,Equity Price,611.2999877929688
2025-01-17,META-EQ,Equity Price,612.77001953125
2025-01-21,META-EQ,Equity Price,616.4600219726562
2025-01-22,META-EQ,Equity Price,623.5
2025-01-23,META-EQ,Equity Price,636.4500122070312
2025-01-24,META-EQ,Equity Price,647.489990234375
2025-01-27,META-EQ,Equity Price,659.8800048828125
2025-01-28,META-EQ,Equity Price,674.3300170898438
2025-01-29,META-EQ,Equity Price,676.489990234375
2025-01-30,META-EQ,Equity Price,687.0
2025-01-31,META-EQ,Equity Price,689.1799926757812
2025-02-03,META-EQ,Equity Price,697.4600219726562
2025-02-04,META-EQ,Equity Price,704.1900024414062
2025-02-05,META-EQ,Equity Price,704.8699951171875
2025-02-06,META-EQ,Equity Price,711.989990234375
2025-02-07,META-EQ,Equity Price,714.52001953125
2025-02-10,META-EQ,Equity Price,717.4000244140625
2025-02-11,META-EQ,Equity Price,719.7999877929688
2025-02-12,META-EQ,Equity Price,725.3800048828125
2025-02-13,META-EQ,Equity Price,728.5599975585938
2025-02-14,META-EQ,Equity Price,736.6699829101562
2025-02-18,META-EQ,Equity Price,716.3699951171875
2025-02-19,META-EQ,Equity Price,703.77001953125
2025-02-20,META-EQ,Equity Price,694.8400268554688
2025-02-21,META-EQ,Equity Price,683.5499877929688
2025-02-24,META-EQ,Equity Price,668.1300048828125
2025-02-25,META-EQ,Equity Price,657.5
2025-02-26,META-EQ,Equity Price,673.7000122070312
2025-02-27,META-EQ,Equity Price,658.239990234375
2025-02-28,META-EQ,Equity Price,668.2000122070312
2025-03-03,META-EQ,Equity Price,655.0499877929688
2025-03-04,META-EQ,Equity Price,640.0
2025-03-05,META-EQ,Equity Price,656.469970703125
2025-03-06,META-EQ,Equity Price,627.9299926757812
2025-03-07,META-EQ,Equity Price,625.6599731445312
2025-03-10,META-EQ,Equity Price,597.989990234375
2025-03-11,META-EQ,Equity Price,605.7100219726562
2025-03-12,META-EQ,Equity Price,619.5599975585938
2025-03-13,META-EQ,Equity Price,590.6400146484375
2025-03-14,META-EQ,Equity Price,607.5999755859375
2025-03-17,META-EQ,Equity Price,604.9000244140625
2025-03-18,META-EQ,Equity Price,582.3599853515625
2025-03-19,META-EQ,Equity Price,584.0599975585938
2025-03-20,META-EQ,Equity Price,586.0
2025-03-21,META-EQ,Equity Price,596.25
2025-03-24,META-EQ,Equity Price,618.8499755859375
2025-03-25,META-EQ,Equity Price,626.3099975585938
2025-03-26,META-EQ,Equity Price,610.97998046875
2025-03-27,META-EQ,Equity Price,602.5800170898438
2025-03-28,META-EQ,Equity Price,576.739990234375
2025-03-31,META-EQ,Equity Price,576.3599853515625
2025-04-01,META-EQ,Equity Price,586.0
2025-04-02,META-EQ,Equity Price,583.9299926757812
2025-04-03,META-EQ,Equity Price,531.6199951171875
2025-04-04,META-EQ,Equity Price,504.7300109863281
2025-04-07,META-EQ,Equity Price,516.25
2025-04-08,META-EQ,Equity Price,510.45001220703125
2025-04-09,META-EQ,Equity Price,585.77001953125
2025-04-10,META-EQ,Equity Price,546.2899780273438
2025-04-11,META-EQ,Equity Price,543.5700073242188
2025-04-14,META-EQ,Equity Price,531.47998046875
2025-04-15,META-EQ,Equity Price,521.52001953125
2025-04-16,META-EQ,Equity Price,502.30999755859375
2025-04-17,META-EQ,Equity Price,501.4800109863281
2025-04-21,META-EQ,Equity Price,484.6600036621094
2025-04-22,META-EQ,Equity Price,500.2799987792969
2025-04-23,META-EQ,Equity Price,520.27001953125
2025-04-24,META-EQ,Equity Price,533.1500244140625
2025-04-25,META-EQ,Equity Price,547.27001953125
2025-04-28,META-EQ,Equity Price,549.739990234375
2025-04-29,META-EQ,Equity Price,554.4400024414062
2025-04-30,META-EQ,Equity Price,549.0
2025-05-01,META-EQ,Equity Price,572.2100219726562
2025-05-02,META-EQ,Equity Price,597.02001953125
2025-05-05,META-EQ,Equity Price,599.27001953125
2025-05-06,META-EQ,Equity Price,587.3099975585938
2025-05-07,META-EQ,Equity Price,596.8099975585938
2025-05-08,META-EQ,Equity Price,598.010009765625
2025-05-09,META-EQ,Equity Price,592.489990234375
2025-05-12,META-EQ,Equity Price,639.4299926757812
2025-05-13,META-EQ,Equity Price,656.030029296875
2025-05-14,META-EQ,Equity Price,659.3599853515625
2025-05-15,META-EQ,Equity Price,643.8800048828125
2025-05-16,META-EQ,Equity Price,640.3400268554688
2025-05-19,META-EQ,Equity Price,640.4299926757812
2025-05-20,META-EQ,Equity Price,637.0999755859375
2025-05-21,META-EQ,Equity Price,635.5
2025-05-22,META-EQ,Equity Price,636.5700073242188
2025-05-23,META-EQ,Equity Price,627.0599975585938
2025-05-27,META-EQ,Equity Price,642.3200073242188
2025-05-28,META-EQ,Equity Price,643.5800170898438
2025-05-29,META-EQ,Equity Price,645.0499877929688
2025-05-30,META-EQ,Equity Price,647.489990234375
2025-06-02,META-EQ,Equity Price,670.9000244140625
2025-06-03,META-EQ,Equity Price,666.8499755859375
2025-06-04,META-EQ,Equity Price,687.9500122070312
2025-06-05,META-EQ,Equity Price,684.6199951171875
2025-06-06,META-EQ,Equity Price,697.7100219726562
2025-06-09,META-EQ,Equity Price,694.0599975585938
2025-06-10,META-EQ,Equity Price,702.4000244140625
2025-06-11,META-EQ,Equity Price,694.1400146484375
2025-06-12,META-EQ,Equity Price,693.3599853515625
2025-06-13,META-EQ,Equity Price,682.8699951171875
2025-06-16,META-EQ,Equity Price,702.1199951171875
2025-06-17,META-EQ,Equity Price,697.22998046875
2025-06-18,META-EQ,Equity Price,695.77001953125
2025-06-20,META-EQ,Equity Price,682.3499755859375
2025-06-23,META-EQ,Equity Price,698.530029296875
2025-06-24,META-EQ,Equity Price,712.2000122070312
2025-06-25,META-EQ,Equity Price,708.6799926757812
2025-06-26,META-EQ,Equity Price,726.0900268554688
2025-06-27,META-EQ,Equity Price,733.6300048828125
2025-06-30,META-EQ,Equity Price,738.0900268554688
2025-07-01,META-EQ,Equity Price,719.219970703125
2025-07-02,META-EQ,Equity Price,713.5700073242188
2025-07-03,META-EQ,Equity Price,719.010009765625
2025-07-07,META-EQ,Equity Price,718.3499755859375
2025-07-08,META-EQ,Equity Price,720.6699829101562
2025-07-09,META-EQ,Equity Price,732.780029296875
2025-07-10,META-EQ,Equity Price,727.239990234375
2025-07-11,META-EQ,Equity Price,717.510009765625
2025-07-14,META-EQ,Equity Price,720.9199829101562
2025-07-15,META-EQ,Equity Price,710.3900146484375
2025-07-16,META-EQ,Equity Price,702.9099731445312
2025-07-17,META-EQ,Equity Price,701.4099731445312
2025-07-18,META-EQ,Equity Price,704.280029296875
2025-07-21,META-EQ,Equity Price,712.969970703125
2025-07-22,META-EQ,Equity Price,704.8099975585938
2025-07-23,META-EQ,Equity Price,713.5800170898438
2025-07-24,META-EQ,Equity Price,714.7999877929688
2025-07-25,META-EQ,Equity Price,712.6799926757812
2025-07-28,META-EQ,Equity Price,717.6300048828125
2025-07-29,META-EQ,Equity Price,700.0
2025-07-30,META-EQ,Equity Price,695.2100219726562
2025-07-31,META-EQ,Equity Price,773.4400024414062
2025-08-01,META-EQ,Equity Price,750.010009765625
2025-08-04,META-EQ,Equity Price,776.3699951171875
2025-08-05,META-EQ,Equity Price,763.4600219726562
2025-08-06,META-EQ,Equity Price,771.989990234375
2025-08-07,META-EQ,Equity Price,761.8300170898438
2025-08-08,META-EQ,Equity Price,769.2999877929688
2025-08-11,META-EQ,Equity Price,765.8699951171875
2025-08-12,META-EQ,Equity Price,790.0
2025-08-13,META-EQ,Equity Price,780.0800170898438
2025-08-14,META-EQ,Equity Price,782.1300048828125
2025-08-15,META-EQ,Equity Price,785.22998046875
2025-08-18,META-EQ,Equity Price,767.3699951171875
2025-08-19,META-EQ,Equity Price,751.47998046875
2025-08-20,META-EQ,Equity Price,747.719970703125
2025-08-21,META-EQ,Equity Price,739.0999755859375
2025-08-22,META-EQ,Equity Price,754.7899780273438
2025-08-25,META-EQ,Equity Price,753.2999877929688
2025-08-26,META-EQ,Equity Price,754.0999755859375
2025-08-27,META-EQ,Equity Price,747.3800048828125
2025-08-28,META-EQ,Equity Price,751.1099853515625
2025-08-29,META-EQ,Equity Price,738.7000122070312
2025-09-02,META-EQ,Equity Price,735.1099853515625
2025-09-03,META-EQ,Equity Price,737.0499877929688
2025-09-04,META-EQ,Equity Price,748.6500244140625
2025-09-05,META-EQ,Equity Price,752.4500122070312
2025-09-08,META-EQ,Equity Price,752.2999877929688
2025-09-09,META-EQ,Equity Price,765.7000122070312
2025-09-10,META-EQ,Equity Price,751.97998046875
2025-09-11,META-EQ,Equity Price,750.9000244140625
2025-09-12,META-EQ,Equity Price,755.5900268554688
2025-09-15,META-EQ,Equity Price,764.7000122070312
2025-09-16,META-EQ,Equity Price,779.0
2025-09-17,META-EQ,Equity Price,775.719970703125
2025-09-18,META-EQ,Equity Price,780.25
2025-09-19,META-EQ,Equity Price,778.3800048828125
2025-09-22,META-EQ,Equity Price,765.1599731445312
2025-09-23,META-EQ,Equity Price,755.4000244140625
2025-09-24,META-EQ,Equity Price,760.6599731445312
2025-09-25,META-EQ,Equity Price,748.9099731445312
2025-09-26,META-EQ,Equity Price,743.75
2025-09-29,META-EQ,Equity Price,743.4000244140625
2025-09-30,META-EQ,Equity Price,734.3800048828125
2025-10-01,META-EQ,Equity Price,717.3400268554688
2025-10-02,META-EQ,Equity Price,727.0499877929688
2025-10-03,META-EQ,Equity Price,710.5599975585938
2025-10-06,META-EQ,Equity Price,715.6599731445312
2025-10-07,META-EQ,Equity Price,713.0800170898438
2025-10-08,META-EQ,Equity Price,717.8400268554688
2025-10-09,META-EQ,Equity Price,733.510009765625
2025-10-10,META-EQ,Equity Price,705.2999877929688
2025-10-13,META-EQ,Equity Price,715.7000122070312
2025-10-14,META-EQ,Equity Price,708.6500244140625
2025-10-15,META-EQ,Equity Price,717.5499877929688
2025-10-16,META-EQ,Equity Price,712.0700073242188
2025-10-17,META-EQ,Equity Price,716.9199829101562
2025-10-20,META-EQ,Equity Price,732.1699829101562
2025-10-21,META-EQ,Equity Price,733.27001953125
2025-10-22,META-EQ,Equity Price,733.4099731445312
2025-10-23,META-EQ,Equity Price,734.0
2025-10-24,META-EQ,Equity Price,738.3599853515625
2025-10-27,META-EQ,Equity Price,750.8200073242188
2025-10-28,META-EQ,Equity Price,751.4400024414062
2025-10-29,META-EQ,Equity Price,751.6699829101562
2025-10-30,META-EQ,Equity Price,666.469970703125
2025-10-31,META-EQ,Equity Price,648.3499755859375
2025-11-03,META-EQ,Equity Price,637.7100219726562
2025-11-04,META-EQ,Equity Price,627.3200073242188
2025-11-05,META-EQ,Equity Price,635.9500122070312
2025-11-06,META-EQ,Equity Price,618.9400024414062
2025-11-07,META-EQ,Equity Price,621.7100219726562
2025-11-10,META-EQ,Equity Price,631.760009765625
2025-11-11,META-EQ,Equity Price,627.0800170898438
2025-11-12,META-EQ,Equity Price,609.010009765625
2025-11-13,META-EQ,Equity Price,609.8900146484375
2025-11-14,META-EQ,Equity Price,609.4600219726562
2025-11-17,META-EQ,Equity Price,602.010009765625
2025-11-18,META-EQ,Equity Price,597.6900024414062
2025-11-19,META-EQ,Equity Price,590.3200073242188
2025-11-20,META-EQ,Equity Price,589.1500244140625
2025-11-21,META-EQ,Equity Price,594.25
2025-11-24,META-EQ,Equity Price,613.0499877929688
2025-11-25,META-EQ,Equity Price,636.219970703125
2025-11-26,META-EQ,Equity Price,633.6099853515625
2025-11-28,META-EQ,Equity Price,647.9500122070312
2025-12-01,META-EQ,Equity Price,640.8699951171875
2025-12-02,META-EQ,Equity Price,647.0999755859375
2025-12-03,META-EQ,Equity Price,639.5999755859375
2025-12-04,META-EQ,Equity Price,661.530029296875
2025-12-05,META-EQ,Equity Price,673.4199829101562
2025-12-08,META-EQ,Equity Price,666.7999877929688
2025-12-09,META-EQ,Equity Price,656.9600219726562
2025-12-10,META-EQ,Equity Price,650.1300048828125
2025-12-11,META-EQ,Equity Price,652.7100219726562
2025-12-12,META-EQ,Equity Price,644.22998046875
2025-12-15,META-EQ,Equity Price,647.510009765625
2025-12-16,META-EQ,Equity Price,657.1500244140625
2025-12-17,META-EQ,Equity Price,649.5
2025-12-18,META-EQ,Equity Price,664.4500122070312
2025-12-19,META-EQ,Equity Price,658.77001953125
2025-12-22,META-EQ,Equity Price,661.5
2025-12-23,META-EQ,Equity Price,664.9400024414062
2025-12-24,META-EQ,Equity Price,667.5499877929688
2025-12-26,META-EQ,Equity Price,663.2899780273438
2025-12-29,META-EQ,Equity Price,658.6900024414062
2025-12-30,META-EQ,Equity Price,665.9500122070312
2025-12-31,META-EQ,Equity Price,660.0900268554688
2026-01-02,META-EQ,Equity Price,650.4099731445312
2026-01-05,META-EQ,Equity Price,658.7899780273438
2026-01-06,META-EQ,Equity Price,660.6199951171875
2026-01-07,META-EQ,Equity Price,648.6900024414062
2026-01-08,META-EQ,Equity Price,646.0599975585938
2026-01-09,META-EQ,Equity Price,653.0599975585938
2026-01-12,META-EQ,Equity Price,641.969970703125
2026-01-13,META-EQ,Equity Price,631.0900268554688
2026-01-14,META-EQ,Equity Price,615.52001953125
2026-01-15,META-EQ,Equity Price,620.7999877929688
2026-01-16,META-EQ,Equity Price,620.25
2026-01-20,META-EQ,Equity Price,604.1199951171875
2026-01-21,META-EQ,Equity Price,612.9600219726562
2026-01-22,META-EQ,Equity Price,647.6300048828125
2026-01-23,META-EQ,Equity Price,658.760009765625
2026-01-26,META-EQ,Equity Price,672.3599853515625
2026-01-27,META-EQ,Equity Price,672.969970703125
2026-01-28,META-EQ,Equity Price,668.72998046875
2026-01-29,META-EQ,Equity Price,738.3099975585938
2026-01-30,META-EQ,Equity Price,716.5
2026-02-02,META-EQ,Equity Price,706.4099731445312
2026-02-03,META-EQ,Equity Price,691.7000122070312
2026-02-04,META-EQ,Equity Price,668.989990234375
2026-02-05,META-EQ,Equity Price,670.2100219726562
2026-02-06,META-EQ,Equity Price,661.4600219726562
2026-02-09,META-EQ,Equity Price,677.219970703125
2026-02-10,META-EQ,Equity Price,670.719970703125
2026-02-11,META-EQ,Equity Price,668.6900024414062
2026-02-12,META-EQ,Equity Price,649.8099975585938
2026-02-13,META-EQ,Equity Price,639.77001953125
2026-02-17,META-EQ,Equity Price,639.2899780273438
2026-02-18,META-EQ,Equity Price,643.219970703125
2026-02-19,META-EQ,Equity Price,644.780029296875
2026-02-20,META-EQ,Equity Price,655.6599731445312
2026-02-23,META-EQ,Equity Price,637.25
2026-02-24,META-EQ,Equity Price,639.2999877929688
2026-02-25,META-EQ,Equity Price,653.6900024414062
2026-02-26,META-EQ,Equity Price,657.010009765625
2026-02-27,META-EQ,Equity Price,648.1799926757812
2026-03-02,META-EQ,Equity Price,653.5599975585938
2026-03-03,META-EQ,Equity Price,655.0800170898438
2026-03-04,META-EQ,Equity Price,667.72998046875
2026-03-05,META-EQ,Equity Price,660.5700073242188
2026-03-06,META-EQ,Equity Price,644.8599853515625
2026-03-09,META-EQ,Equity Price,647.3900146484375
2026-03-10,META-EQ,Equity Price,654.0700073242188
2026-03-11,META-EQ,Equity Price,654.8599853515625
2026-03-12,META-EQ,Equity Price,638.1799926757812
2026-03-13,META-EQ,Equity Price,613.7100219726562
2026-03-16,META-EQ,Equity Price,627.4500122070312
2026-03-17,META-EQ,Equity Price,622.6599731445312
2026-03-18,META-EQ,Equity Price,615.6799926757812
2026-03-19,META-EQ,Equity Price,606.7000122070312
2026-03-20,META-EQ,Equity Price,593.6599731445312
2026-03-23,META-EQ,Equity Price,604.0599975585938
2026-03-24,META-EQ,Equity Price,592.9199829101562
2026-03-25,META-EQ,Equity Price,594.8900146484375
2026-03-26,META-EQ,Equity Price,547.5399780273438
2026-03-27,META-EQ,Equity Price,525.719970703125
2026-03-30,META-EQ,Equity Price,536.3800048828125
2026-03-31,META-EQ,Equity Price,572.1300048828125
2026-04-01,META-EQ,Equity Price,579.22998046875
2026-04-02,META-EQ,Equity Price,574.4600219726562
2026-04-06,META-EQ,Equity Price,573.02001953125
2026-04-07,META-EQ,Equity Price,575.0499877929688
2026-04-08,META-EQ,Equity Price,612.4199829101562
2026-04-09,META-EQ,Equity Price,628.3900146484375
2026-04-10,META-EQ,Equity Price,629.8599853515625
2026-04-13,META-EQ,Equity Price,634.530029296875
2026-04-14,META-EQ,Equity Price,662.489990234375
2026-04-15,META-EQ,Equity Price,671.5800170898438
2026-04-16,META-EQ,Equity Price,676.8699951171875
2026-04-17,META-EQ,Equity Price,688.5499877929688
2026-04-20,META-EQ,Equity Price,670.9099731445312
2026-04-21,META-EQ,Equity Price,668.8400268554688
2026-04-22,META-EQ,Equity Price,674.719970703125
2026-04-23,META-EQ,Equity Price,659.1500244140625
2026-04-24,META-EQ,Equity Price,675.030029296875
2026-04-27,META-EQ,Equity Price,678.6199951171875
2026-04-28,META-EQ,Equity Price,671.3400268554688
2026-04-29,META-EQ,Equity Price,669.1199951171875
2026-04-30,META-EQ,Equity Price,611.9099731445312
2026-05-01,META-EQ,Equity Price,608.75
2026-05-04,META-EQ,Equity Price,610.4099731445312
2026-05-05,META-EQ,Equity Price,604.9600219726562
2026-05-06,META-EQ,Equity Price,612.8800048828125
2026-05-07,META-EQ,Equity Price,616.8099975585938
2026-05-08,META-EQ,Equity Price,609.6300048828125
2026-05-11,META-EQ,Equity Price,598.8599853515625
2026-05-12,META-EQ,Equity Price,603.0
2026-05-13,META-EQ,Equity Price,616.6300048828125
2026-05-14,META-EQ,Equity Price,618.4299926757812
2026-05-15,META-EQ,Equity Price,614.22998046875
2026-05-18,META-EQ,Equity Price,611.2100219726562
2026-05-19,META-EQ,Equity Price,602.6099853515625
2026-05-20,META-EQ,Equity Price,605.0599975585938
2026-05-21,META-EQ,Equity Price,607.3800048828125
2026-05-22,META-EQ,Equity Price,610.260009765625
2026-05-26,META-EQ,Equity Price,612.3400268554688
2026-05-27,META-EQ,Equity Price,635.260009765625
2026-05-28,META-EQ,Equity Price,635.2899780273438
2026-05-29,META-EQ,Equity Price,632.510009765625
2026-06-01,META-EQ,Equity Price,600.469970703125
2026-06-02,META-EQ,Equity Price,597.6300048828125
2026-06-03,META-EQ,Equity Price,622.97998046875
2026-06-04,META-EQ,Equity Price,627.5700073242188
2026-06-05,META-EQ,Equity Price,593.0
2026-06-08,META-EQ,Equity Price,585.3900146484375
2026-06-09,META-EQ,Equity Price,584.5900268554688
2026-06-10,META-EQ,Equity Price,570.97998046875
2026-06-11,META-EQ,Equity Price,568.4299926757812
2026-06-12,META-EQ,Equity Price,566.97998046875
2026-06-15,META-EQ,Equity Price,593.47998046875
2026-06-16,META-EQ,Equity Price,600.2100219726562
2026-06-17,META-EQ,Equity Price,567.5800170898438
2026-06-18,META-EQ,Equity Price,577.219970703125
2026-06-22,META-EQ,Equity Price,563.8499755859375
2026-06-23,META-EQ,Equity Price,562.2000122070312
2026-06-24,META-EQ,Equity Price,557.6699829101562
2026-06-25,META-EQ,Equity Price,542.8699951171875
2026-06-26,META-EQ,Equity Price,550.25
2026-06-29,META-EQ,Equity Price,562.5999755859375
2026-06-30,META-EQ,Equity Price,563.2899780273438
2026-07-01,META-EQ,Equity Price,612.9099731445312
2026-07-02,META-EQ,Equity Price,582.9000244140625
2026-07-06,META-EQ,Equity Price,600.2899780273438
2026-07-07,META-EQ,Equity Price,615.5800170898438
2026-07-08,META-EQ,Equity Price,603.1199951171875
2026-07-09,META-EQ,Equity Price,631.47998046875
2026-07-10,META-EQ,Equity Price,669.2100219726562
2026-07-13,META-EQ,Equity Price,656.72998046875
2026-07-14,META-EQ,Equity Price,661.0399780273438
2026-07-15,META-EQ,Equity Price,681.3099975585938
2026-07-16,META-EQ,Equity Price,664.5399780273438
2026-07-17,META-EQ,Equity Price,646.010009765625
2026-07-20,META-EQ,Equity Price,645.8499755859375
2026-07-21,META-EQ,Equity Price,643.8099975585938
2026-07-22,META-EQ,Equity Price,627.1699829101562
2026-07-23,META-EQ,Equity Price,606.0999755859375
2026-07-24,META-EQ,Equity Price,595.1900024414062
2026-07-27,META-EQ,Equity Price,593.8699951171875
2026-07-28,META-EQ,Equity Price,593.4099731445312
2026-07-29,META-EQ,Equity Price,585.6099853515625
2026-07-30,META-EQ,Equity Price,539.030029296875
2026-07-31,META-EQ,Equity Price,556.7100219726562
2026-08-03,META-EQ,Equity Price,590.239990234375
2026-08-04,META-EQ,Equity Price,587.9400024414062
2026-08-05,META-EQ,Equity Price,588.77001953125
2026-08-06,META-EQ,Equity Price,589.9000244140625
2026-08-07,META-EQ,Equity Price,592.0999755859375
2026-08-10,META-EQ,Equity Price,594.9199829101562
2026-08-11,META-EQ,Equity Price,599.1199951171875
2026-08-12,META-EQ,Equity Price,578.8499755859375
2026-08-13,META-EQ,Equity Price,594.969970703125
2026-08-14,META-EQ,Equity Price,589.8499755859375
2026-08-17,META-EQ,Equity Price,568.969970703125
2026-08-18,META-EQ,Equity Price,543.6699829101562
2026-08-19,META-EQ,Equity Price,546.030029296875
2026-08-20,META-EQ,Equity Price,545.8300170898438
2026-08-21,META-EQ,Equity Price,549.9000244140625
2026-08-24,META-EQ,Equity Price,559.02001953125
2026-08-25,META-EQ,Equity Price,570.0499877929688
2026-08-26,META-EQ,Equity Price,576.1400146484375
2026-08-27,META-EQ,Equity Price,571.0999755859375
2026-08-28,META-EQ,Equity Price,578.02001953125
2026-08-31,META-EQ,Equity Price,572.3400268554688
2026-09-01,META-EQ,Equity Price,578.5399780273438
2026-09-02,META-EQ,Equity Price,592.8499755859375
2026-09-03,META-EQ,Equity Price,610.6799926757812
2024-09-04,MSFT-EQ,Equity Price,408.8999938964844
2024-09-05,MSFT-EQ,Equity Price,408.3900146484375
2024-09-06,MSFT-EQ,Equity Price,401.70001220703125
2024-09-09,MSFT-EQ,Equity Price,405.7200012207031
2024-09-10,MSFT-EQ,Equity Price,414.20001220703125
2024-09-11,MSFT-EQ,Equity Price,423.0400085449219
2024-09-12,MSFT-EQ,Equity Price,427.0
2024-09-13,MSFT-EQ,Equity Price,430.5899963378906
2024-09-16,MSFT-EQ,Equity Price,431.3399963378906
2024-09-17,MSFT-EQ,Equity Price,435.1499938964844
2024-09-18,MSFT-EQ,Equity Price,430.80999755859375
2024-09-19,MSFT-EQ,Equity Price,438.69000244140625
2024-09-20,MSFT-EQ,Equity Price,435.2699890136719
2024-09-23,MSFT-EQ,Equity Price,433.510009765625
2024-09-24,MSFT-EQ,Equity Price,429.1700134277344
2024-09-25,MSFT-EQ,Equity Price,432.1099853515625
2024-09-26,MSFT-EQ,Equity Price,431.30999755859375
2024-09-27,MSFT-EQ,Equity Price,428.0199890136719
2024-09-30,MSFT-EQ,Equity Price,430.29998779296875
2024-10-01,MSFT-EQ,Equity Price,420.69000244140625
2024-10-02,MSFT-EQ,Equity Price,417.1300048828125
2024-10-03,MSFT-EQ,Equity Price,416.5400085449219
2024-10-04,MSFT-EQ,Equity Price,416.05999755859375
2024-10-07,MSFT-EQ,Equity Price,409.5400085449219
2024-10-08,MSFT-EQ,Equity Price,414.7099914550781
2024-10-09,MSFT-EQ,Equity Price,417.4599914550781
2024-10-10,MSFT-EQ,Equity Price,415.8399963378906
2024-10-11,MSFT-EQ,Equity Price,416.32000732421875
2024-10-14,MSFT-EQ,Equity Price,419.1400146484375
2024-10-15,MSFT-EQ,Equity Price,418.739990234375
2024-10-16,MSFT-EQ,Equity Price,416.1199951171875
2024-10-17,MSFT-EQ,Equity Price,416.7200012207031
2024-10-18,MSFT-EQ,Equity Price,418.1600036621094
2024-10-21,MSFT-EQ,Equity Price,418.7799987792969
2024-10-22,MSFT-EQ,Equity Price,427.510009765625
2024-10-23,MSFT-EQ,Equity Price,424.6000061035156
2024-10-24,MSFT-EQ,Equity Price,424.7300109863281
2024-10-25,MSFT-EQ,Equity Price,428.1499938964844
2024-10-28,MSFT-EQ,Equity Price,426.5899963378906
2024-10-29,MSFT-EQ,Equity Price,431.95001220703125
2024-10-30,MSFT-EQ,Equity Price,432.5299987792969
2024-10-31,MSFT-EQ,Equity Price,406.3500061035156
2024-11-01,MSFT-EQ,Equity Price,410.3699951171875
2024-11-04,MSFT-EQ,Equity Price,408.4599914550781
2024-11-05,MSFT-EQ,Equity Price,411.4599914550781
2024-11-06,MSFT-EQ,Equity Price,420.17999267578125
2024-11-07,MSFT-EQ,Equity Price,425.42999267578125
2024-11-08,MSFT-EQ,Equity Price,422.5400085449219
2024-11-11,MSFT-EQ,Equity Price,418.010009765625
2024-11-12,MSFT-EQ,Equity Price,423.0299987792969
2024-11-13,MSFT-EQ,Equity Price,425.20001220703125
2024-11-14,MSFT-EQ,Equity Price,426.8900146484375
2024-11-15,MSFT-EQ,Equity Price,415.0
2024-11-18,MSFT-EQ,Equity Price,415.760009765625
2024-11-19,MSFT-EQ,Equity Price,417.7900085449219
2024-11-20,MSFT-EQ,Equity Price,415.489990234375
2024-11-21,MSFT-EQ,Equity Price,412.8699951171875
2024-11-22,MSFT-EQ,Equity Price,417.0
2024-11-25,MSFT-EQ,Equity Price,418.7900085449219
2024-11-26,MSFT-EQ,Equity Price,427.989990234375
2024-11-27,MSFT-EQ,Equity Price,422.989990234375
2024-11-29,MSFT-EQ,Equity Price,423.4599914550781
2024-12-02,MSFT-EQ,Equity Price,430.9800109863281
2024-12-03,MSFT-EQ,Equity Price,431.20001220703125
2024-12-04,MSFT-EQ,Equity Price,437.4200134277344
2024-12-05,MSFT-EQ,Equity Price,442.6199951171875
2024-12-06,MSFT-EQ,Equity Price,443.57000732421875
2024-12-09,MSFT-EQ,Equity Price,446.0199890136719
2024-12-10,MSFT-EQ,Equity Price,443.3299865722656
2024-12-11,MSFT-EQ,Equity Price,448.989990234375
2024-12-12,MSFT-EQ,Equity Price,449.55999755859375
2024-12-13,MSFT-EQ,Equity Price,447.2699890136719
2024-12-16,MSFT-EQ,Equity Price,451.5899963378906
2024-12-17,MSFT-EQ,Equity Price,454.4599914550781
2024-12-18,MSFT-EQ,Equity Price,437.3900146484375
2024-12-19,MSFT-EQ,Equity Price,437.0299987792969
2024-12-20,MSFT-EQ,Equity Price,436.6000061035156
2024-12-23,MSFT-EQ,Equity Price,435.25
2024-12-24,MSFT-EQ,Equity Price,439.3299865722656
2024-12-26,MSFT-EQ,Equity Price,438.1099853515625
2024-12-27,MSFT-EQ,Equity Price,430.5299987792969
2024-12-30,MSFT-EQ,Equity Price,424.8299865722656
2024-12-31,MSFT-EQ,Equity Price,421.5
2025-01-02,MSFT-EQ,Equity Price,418.5799865722656
2025-01-03,MSFT-EQ,Equity Price,423.3500061035156
2025-01-06,MSFT-EQ,Equity Price,427.8500061035156
2025-01-07,MSFT-EQ,Equity Price,422.3699951171875
2025-01-08,MSFT-EQ,Equity Price,424.55999755859375
2025-01-10,MSFT-EQ,Equity Price,418.95001220703125
2025-01-13,MSFT-EQ,Equity Price,417.19000244140625
2025-01-14,MSFT-EQ,Equity Price,415.6700134277344
2025-01-15,MSFT-EQ,Equity Price,426.30999755859375
2025-01-16,MSFT-EQ,Equity Price,424.5799865722656
2025-01-17,MSFT-EQ,Equity Price,429.0299987792969
2025-01-21,MSFT-EQ,Equity Price,428.5
2025-01-22,MSFT-EQ,Equity Price,446.20001220703125
2025-01-23,MSFT-EQ,Equity Price,446.7099914550781
2025-01-24,MSFT-EQ,Equity Price,444.05999755859375
2025-01-27,MSFT-EQ,Equity Price,434.55999755859375
2025-01-28,MSFT-EQ,Equity Price,447.20001220703125
2025-01-29,MSFT-EQ,Equity Price,442.3299865722656
2025-01-30,MSFT-EQ,Equity Price,414.989990234375
2025-01-31,MSFT-EQ,Equity Price,415.05999755859375
2025-02-03,MSFT-EQ,Equity Price,410.9200134277344
2025-02-04,MSFT-EQ,Equity Price,412.3699951171875
2025-02-05,MSFT-EQ,Equity Price,413.2900085449219
2025-02-06,MSFT-EQ,Equity Price,415.82000732421875
2025-02-07,MSFT-EQ,Equity Price,409.75
2025-02-10,MSFT-EQ,Equity Price,412.2200012207031
2025-02-11,MSFT-EQ,Equity Price,411.44000244140625
2025-02-12,MSFT-EQ,Equity Price,409.0400085449219
2025-02-13,MSFT-EQ,Equity Price,410.5400085449219
2025-02-14,MSFT-EQ,Equity Price,408.42999267578125
2025-02-18,MSFT-EQ,Equity Price,409.6400146484375
2025-02-19,MSFT-EQ,Equity Price,414.7699890136719
2025-02-20,MSFT-EQ,Equity Price,416.1300048828125
2025-02-21,MSFT-EQ,Equity Price,408.2099914550781
2025-02-24,MSFT-EQ,Equity Price,404.0
2025-02-25,MSFT-EQ,Equity Price,397.8999938964844
2025-02-26,MSFT-EQ,Equity Price,399.7300109863281
2025-02-27,MSFT-EQ,Equity Price,392.5299987792969
2025-02-28,MSFT-EQ,Equity Price,396.989990234375
2025-03-03,MSFT-EQ,Equity Price,388.489990234375
2025-03-04,MSFT-EQ,Equity Price,388.6099853515625
2025-03-05,MSFT-EQ,Equity Price,401.0199890136719
2025-03-06,MSFT-EQ,Equity Price,396.8900146484375
2025-03-07,MSFT-EQ,Equity Price,393.30999755859375
2025-03-10,MSFT-EQ,Equity Price,380.1600036621094
2025-03-11,MSFT-EQ,Equity Price,380.45001220703125
2025-03-12,MSFT-EQ,Equity Price,383.2699890136719
2025-03-13,MSFT-EQ,Equity Price,378.7699890136719
2025-03-14,MSFT-EQ,Equity Price,388.55999755859375
2025-03-17,MSFT-EQ,Equity Price,388.70001220703125
2025-03-18,MSFT-EQ,Equity Price,383.5199890136719
2025-03-19,MSFT-EQ,Equity Price,387.82000732421875
2025-03-20,MSFT-EQ,Equity Price,386.8399963378906
2025-03-21,MSFT-EQ,Equity Price,391.260009765625
2025-03-24,MSFT-EQ,Equity Price,393.0799865722656
2025-03-25,MSFT-EQ,Equity Price,395.1600036621094
2025-03-26,MSFT-EQ,Equity Price,389.9700012207031
2025-03-27,MSFT-EQ,Equity Price,390.5799865722656
2025-03-28,MSFT-EQ,Equity Price,378.79998779296875
2025-03-31,MSFT-EQ,Equity Price,375.3900146484375
2025-04-01,MSFT-EQ,Equity Price,382.19000244140625
2025-04-02,MSFT-EQ,Equity Price,382.1400146484375
2025-04-03,MSFT-EQ,Equity Price,373.1099853515625
2025-04-04,MSFT-EQ,Equity Price,359.8399963378906
2025-04-07,MSFT-EQ,Equity Price,357.8599853515625
2025-04-08,MSFT-EQ,Equity Price,354.55999755859375
2025-04-09,MSFT-EQ,Equity Price,390.489990234375
2025-04-10,MSFT-EQ,Equity Price,381.3500061035156
2025-04-11,MSFT-EQ,Equity Price,388.45001220703125
2025-04-14,MSFT-EQ,Equity Price,387.80999755859375
2025-04-15,MSFT-EQ,Equity Price,385.7300109863281
2025-04-16,MSFT-EQ,Equity Price,371.6099853515625
2025-04-17,MSFT-EQ,Equity Price,367.7799987792969
2025-04-21,MSFT-EQ,Equity Price,359.1199951171875
2025-04-22,MSFT-EQ,Equity Price,366.82000732421875
2025-04-23,MSFT-EQ,Equity Price,374.3900146484375
2025-04-24,MSFT-EQ,Equity Price,387.29998779296875
2025-04-25,MSFT-EQ,Equity Price,391.8500061035156
2025-04-28,MSFT-EQ,Equity Price,391.1600036621094
2025-04-29,MSFT-EQ,Equity Price,394.0400085449219
2025-04-30,MSFT-EQ,Equity Price,395.260009765625
2025-05-01,MSFT-EQ,Equity Price,425.3999938964844
2025-05-02,MSFT-EQ,Equity Price,435.2799987792969
2025-05-05,MSFT-EQ,Equity Price,436.1700134277344
2025-05-06,MSFT-EQ,Equity Price,433.30999755859375
2025-05-07,MSFT-EQ,Equity Price,433.3500061035156
2025-05-08,MSFT-EQ,Equity Price,438.1700134277344
2025-05-09,MSFT-EQ,Equity Price,438.7300109863281
2025-05-12,MSFT-EQ,Equity Price,449.260009765625
2025-05-13,MSFT-EQ,Equity Price,449.1400146484375
2025-05-14,MSFT-EQ,Equity Price,452.94000244140625
2025-05-15,MSFT-EQ,Equity Price,453.1300048828125
2025-05-16,MSFT-EQ,Equity Price,454.2699890136719
2025-05-19,MSFT-EQ,Equity Price,458.8699951171875
2025-05-20,MSFT-EQ,Equity Price,458.1700134277344
2025-05-21,MSFT-EQ,Equity Price,452.57000732421875
2025-05-22,MSFT-EQ,Equity Price,454.8599853515625
2025-05-23,MSFT-EQ,Equity Price,450.17999267578125
2025-05-27,MSFT-EQ,Equity Price,460.69000244140625
2025-05-28,MSFT-EQ,Equity Price,457.3599853515625
2025-05-29,MSFT-EQ,Equity Price,458.67999267578125
2025-05-30,MSFT-EQ,Equity Price,460.3599853515625
2025-06-02,MSFT-EQ,Equity Price,461.9700012207031
2025-06-03,MSFT-EQ,Equity Price,462.9700012207031
2025-06-04,MSFT-EQ,Equity Price,463.8699951171875
2025-06-05,MSFT-EQ,Equity Price,467.67999267578125
2025-06-06,MSFT-EQ,Equity Price,470.3800048828125
2025-06-09,MSFT-EQ,Equity Price,472.75
2025-06-10,MSFT-EQ,Equity Price,470.9200134277344
2025-06-11,MSFT-EQ,Equity Price,472.6199951171875
2025-06-12,MSFT-EQ,Equity Price,478.8699951171875
2025-06-13,MSFT-EQ,Equity Price,474.9599914550781
2025-06-16,MSFT-EQ,Equity Price,479.1400146484375
2025-06-17,MSFT-EQ,Equity Price,478.0400085449219
2025-06-18,MSFT-EQ,Equity Price,480.239990234375
2025-06-20,MSFT-EQ,Equity Price,477.3999938964844
2025-06-23,MSFT-EQ,Equity Price,486.0
2025-06-24,MSFT-EQ,Equity Price,490.1099853515625
2025-06-25,MSFT-EQ,Equity Price,492.2699890136719
2025-06-26,MSFT-EQ,Equity Price,497.45001220703125
2025-06-27,MSFT-EQ,Equity Price,495.94000244140625
2025-06-30,MSFT-EQ,Equity Price,497.4100036621094
2025-07-01,MSFT-EQ,Equity Price,492.04998779296875
2025-07-02,MSFT-EQ,Equity Price,491.0899963378906
2025-07-03,MSFT-EQ,Equity Price,498.8399963378906
2025-07-07,MSFT-EQ,Equity Price,497.7200012207031
2025-07-08,MSFT-EQ,Equity Price,496.6199951171875
2025-07-09,MSFT-EQ,Equity Price,503.510009765625
2025-07-10,MSFT-EQ,Equity Price,501.4800109863281
2025-07-11,MSFT-EQ,Equity Price,503.32000732421875
2025-07-14,MSFT-EQ,Equity Price,503.0199890136719
2025-07-15,MSFT-EQ,Equity Price,505.82000732421875
2025-07-16,MSFT-EQ,Equity Price,505.6199951171875
2025-07-17,MSFT-EQ,Equity Price,511.70001220703125
2025-07-18,MSFT-EQ,Equity Price,510.04998779296875
2025-07-21,MSFT-EQ,Equity Price,510.05999755859375
2025-07-22,MSFT-EQ,Equity Price,505.2699890136719
2025-07-23,MSFT-EQ,Equity Price,505.8699951171875
2025-07-24,MSFT-EQ,Equity Price,510.8800048828125
2025-07-25,MSFT-EQ,Equity Price,513.7100219726562
2025-07-28,MSFT-EQ,Equity Price,512.5
2025-07-29,MSFT-EQ,Equity Price,512.5700073242188
2025-07-30,MSFT-EQ,Equity Price,513.239990234375
2025-07-31,MSFT-EQ,Equity Price,533.5
2025-08-01,MSFT-EQ,Equity Price,524.1099853515625
2025-08-04,MSFT-EQ,Equity Price,535.6400146484375
2025-08-05,MSFT-EQ,Equity Price,527.75
2025-08-06,MSFT-EQ,Equity Price,524.9400024414062
2025-08-07,MSFT-EQ,Equity Price,520.8400268554688
2025-08-08,MSFT-EQ,Equity Price,522.0399780273438
2025-08-11,MSFT-EQ,Equity Price,521.77001953125
2025-08-12,MSFT-EQ,Equity Price,529.239990234375
2025-08-13,MSFT-EQ,Equity Price,520.5800170898438
2025-08-14,MSFT-EQ,Equity Price,522.47998046875
2025-08-15,MSFT-EQ,Equity Price,520.1699829101562
2025-08-18,MSFT-EQ,Equity Price,517.0999755859375
2025-08-19,MSFT-EQ,Equity Price,509.7699890136719
2025-08-20,MSFT-EQ,Equity Price,505.7200012207031
2025-08-21,MSFT-EQ,Equity Price,504.239990234375
2025-08-22,MSFT-EQ,Equity Price,507.2300109863281
2025-08-25,MSFT-EQ,Equity Price,504.260009765625
2025-08-26,MSFT-EQ,Equity Price,502.0400085449219
2025-08-27,MSFT-EQ,Equity Price,506.739990234375
2025-08-28,MSFT-EQ,Equity Price,509.6400146484375
2025-08-29,MSFT-EQ,Equity Price,506.69000244140625
2025-09-02,MSFT-EQ,Equity Price,505.1199951171875
2025-09-03,MSFT-EQ,Equity Price,505.3500061035156
2025-09-04,MSFT-EQ,Equity Price,507.9700012207031
2025-09-05,MSFT-EQ,Equity Price,495.0
2025-09-08,MSFT-EQ,Equity Price,498.20001220703125
2025-09-09,MSFT-EQ,Equity Price,498.4100036621094
2025-09-10,MSFT-EQ,Equity Price,500.3699951171875
2025-09-11,MSFT-EQ,Equity Price,501.010009765625
2025-09-12,MSFT-EQ,Equity Price,509.8999938964844
2025-09-15,MSFT-EQ,Equity Price,515.3599853515625
2025-09-16,MSFT-EQ,Equity Price,509.0400085449219
2025-09-17,MSFT-EQ,Equity Price,510.0199890136719
2025-09-18,MSFT-EQ,Equity Price,508.45001220703125
2025-09-19,MSFT-EQ,Equity Price,517.9299926757812
2025-09-22,MSFT-EQ,Equity Price,514.4500122070312
2025-09-23,MSFT-EQ,Equity Price,509.2300109863281
2025-09-24,MSFT-EQ,Equity Price,510.1499938964844
2025-09-25,MSFT-EQ,Equity Price,507.0299987792969
2025-09-26,MSFT-EQ,Equity Price,511.4599914550781
2025-09-29,MSFT-EQ,Equity Price,514.5999755859375
2025-09-30,MSFT-EQ,Equity Price,517.9500122070312
2025-10-01,MSFT-EQ,Equity Price,519.7100219726562
2025-10-02,MSFT-EQ,Equity Price,515.739990234375
2025-10-03,MSFT-EQ,Equity Price,517.3499755859375
2025-10-06,MSFT-EQ,Equity Price,528.5700073242188
2025-10-07,MSFT-EQ,Equity Price,523.97998046875
2025-10-08,MSFT-EQ,Equity Price,524.8499755859375
2025-10-09,MSFT-EQ,Equity Price,522.4000244140625
2025-10-10,MSFT-EQ,Equity Price,510.9599914550781
2025-10-13,MSFT-EQ,Equity Price,514.0499877929688
2025-10-14,MSFT-EQ,Equity Price,513.5700073242188
2025-10-15,MSFT-EQ,Equity Price,513.4299926757812
2025-10-16,MSFT-EQ,Equity Price,511.6099853515625
2025-10-17,MSFT-EQ,Equity Price,513.5800170898438
2025-10-20,MSFT-EQ,Equity Price,516.7899780273438
2025-10-21,MSFT-EQ,Equity Price,517.6599731445312
2025-10-22,MSFT-EQ,Equity Price,520.5399780273438
2025-10-23,MSFT-EQ,Equity Price,520.5599975585938
2025-10-24,MSFT-EQ,Equity Price,523.6099853515625
2025-10-27,MSFT-EQ,Equity Price,531.52001953125
2025-10-28,MSFT-EQ,Equity Price,542.0700073242188
2025-10-29,MSFT-EQ,Equity Price,541.5499877929688
2025-10-30,MSFT-EQ,Equity Price,525.760009765625
2025-10-31,MSFT-EQ,Equity Price,517.8099975585938
2025-11-03,MSFT-EQ,Equity Price,517.030029296875
2025-11-04,MSFT-EQ,Equity Price,514.3300170898438
2025-11-05,MSFT-EQ,Equity Price,507.1600036621094
2025-11-06,MSFT-EQ,Equity Price,497.1000061035156
2025-11-07,MSFT-EQ,Equity Price,496.82000732421875
2025-11-10,MSFT-EQ,Equity Price,506.0
2025-11-11,MSFT-EQ,Equity Price,508.67999267578125
2025-11-12,MSFT-EQ,Equity Price,511.1400146484375
2025-11-13,MSFT-EQ,Equity Price,503.2900085449219
2025-11-14,MSFT-EQ,Equity Price,510.17999267578125
2025-11-17,MSFT-EQ,Equity Price,507.489990234375
2025-11-18,MSFT-EQ,Equity Price,493.7900085449219
2025-11-19,MSFT-EQ,Equity Price,487.1199951171875
2025-11-20,MSFT-EQ,Equity Price,478.42999267578125
2025-11-21,MSFT-EQ,Equity Price,472.1199951171875
2025-11-24,MSFT-EQ,Equity Price,474.0
2025-11-25,MSFT-EQ,Equity Price,476.989990234375
2025-11-26,MSFT-EQ,Equity Price,485.5
2025-11-28,MSFT-EQ,Equity Price,492.010009765625
2025-12-01,MSFT-EQ,Equity Price,486.739990234375
2025-12-02,MSFT-EQ,Equity Price,490.0
2025-12-03,MSFT-EQ,Equity Price,477.7300109863281
2025-12-04,MSFT-EQ,Equity Price,480.8399963378906
2025-12-05,MSFT-EQ,Equity Price,483.1600036621094
2025-12-08,MSFT-EQ,Equity Price,491.0199890136719
2025-12-09,MSFT-EQ,Equity Price,492.0199890136719
2025-12-10,MSFT-EQ,Equity Price,478.55999755859375
2025-12-11,MSFT-EQ,Equity Price,483.4700012207031
2025-12-12,MSFT-EQ,Equity Price,478.5299987792969
2025-12-15,MSFT-EQ,Equity Price,474.82000732421875
2025-12-16,MSFT-EQ,Equity Price,476.3900146484375
2025-12-17,MSFT-EQ,Equity Price,476.1199951171875
2025-12-18,MSFT-EQ,Equity Price,483.9800109863281
2025-12-19,MSFT-EQ,Equity Price,485.9200134277344
2025-12-22,MSFT-EQ,Equity Price,484.9200134277344
2025-12-23,MSFT-EQ,Equity Price,486.8500061035156
2025-12-24,MSFT-EQ,Equity Price,488.0199890136719
2025-12-26,MSFT-EQ,Equity Price,487.7099914550781
2025-12-29,MSFT-EQ,Equity Price,487.1000061035156
2025-12-30,MSFT-EQ,Equity Price,487.4800109863281
2025-12-31,MSFT-EQ,Equity Price,483.6199951171875
2026-01-02,MSFT-EQ,Equity Price,472.94000244140625
2026-01-05,MSFT-EQ,Equity Price,472.8500061035156
2026-01-06,MSFT-EQ,Equity Price,478.510009765625
2026-01-07,MSFT-EQ,Equity Price,483.4700012207031
2026-01-08,MSFT-EQ,Equity Price,478.1099853515625
2026-01-09,MSFT-EQ,Equity Price,479.2799987792969
2026-01-12,MSFT-EQ,Equity Price,477.17999267578125
2026-01-13,MSFT-EQ,Equity Price,470.6700134277344
2026-01-14,MSFT-EQ,Equity Price,459.3800048828125
2026-01-15,MSFT-EQ,Equity Price,456.6600036621094
2026-01-16,MSFT-EQ,Equity Price,459.8599853515625
2026-01-20,MSFT-EQ,Equity Price,454.5199890136719
2026-01-21,MSFT-EQ,Equity Price,444.1099853515625
2026-01-22,MSFT-EQ,Equity Price,451.1400146484375
2026-01-23,MSFT-EQ,Equity Price,465.95001220703125
2026-01-26,MSFT-EQ,Equity Price,470.2799987792969
2026-01-27,MSFT-EQ,Equity Price,480.5799865722656
2026-01-28,MSFT-EQ,Equity Price,481.6300048828125
2026-01-29,MSFT-EQ,Equity Price,433.5
2026-01-30,MSFT-EQ,Equity Price,430.2900085449219
2026-02-02,MSFT-EQ,Equity Price,423.3699951171875
2026-02-03,MSFT-EQ,Equity Price,411.2099914550781
2026-02-04,MSFT-EQ,Equity Price,414.19000244140625
2026-02-05,MSFT-EQ,Equity Price,393.6700134277344
2026-02-06,MSFT-EQ,Equity Price,401.1400146484375
2026-02-09,MSFT-EQ,Equity Price,413.6000061035156
2026-02-10,MSFT-EQ,Equity Price,413.2699890136719
2026-02-11,MSFT-EQ,Equity Price,404.3699951171875
2026-02-12,MSFT-EQ,Equity Price,401.8399963378906
2026-02-13,MSFT-EQ,Equity Price,401.32000732421875
2026-02-17,MSFT-EQ,Equity Price,396.8599853515625
2026-02-18,MSFT-EQ,Equity Price,399.6000061035156
2026-02-19,MSFT-EQ,Equity Price,398.4599914550781
2026-02-20,MSFT-EQ,Equity Price,397.2300109863281
2026-02-23,MSFT-EQ,Equity Price,384.4700012207031
2026-02-24,MSFT-EQ,Equity Price,389.0
2026-02-25,MSFT-EQ,Equity Price,400.6000061035156
2026-02-26,MSFT-EQ,Equity Price,401.7200012207031
2026-02-27,MSFT-EQ,Equity Price,392.739990234375
2026-03-02,MSFT-EQ,Equity Price,398.54998779296875
2026-03-03,MSFT-EQ,Equity Price,403.92999267578125
2026-03-04,MSFT-EQ,Equity Price,405.20001220703125
2026-03-05,MSFT-EQ,Equity Price,410.67999267578125
2026-03-06,MSFT-EQ,Equity Price,408.9599914550781
2026-03-09,MSFT-EQ,Equity Price,409.4100036621094
2026-03-10,MSFT-EQ,Equity Price,405.760009765625
2026-03-11,MSFT-EQ,Equity Price,404.8800048828125
2026-03-12,MSFT-EQ,Equity Price,401.8599853515625
2026-03-13,MSFT-EQ,Equity Price,395.54998779296875
2026-03-16,MSFT-EQ,Equity Price,399.95001220703125
2026-03-17,MSFT-EQ,Equity Price,399.4100036621094
2026-03-18,MSFT-EQ,Equity Price,391.7900085449219
2026-03-19,MSFT-EQ,Equity Price,389.0199890136719
2026-03-20,MSFT-EQ,Equity Price,381.8699951171875
2026-03-23,MSFT-EQ,Equity Price,383.0
2026-03-24,MSFT-EQ,Equity Price,372.739990234375
2026-03-25,MSFT-EQ,Equity Price,371.0400085449219
2026-03-26,MSFT-EQ,Equity Price,365.9700012207031
2026-03-27,MSFT-EQ,Equity Price,356.7699890136719
2026-03-30,MSFT-EQ,Equity Price,358.9599914550781
2026-03-31,MSFT-EQ,Equity Price,370.1700134277344
2026-04-01,MSFT-EQ,Equity Price,369.3699951171875
2026-04-02,MSFT-EQ,Equity Price,373.4599914550781
2026-04-06,MSFT-EQ,Equity Price,372.8800048828125
2026-04-07,MSFT-EQ,Equity Price,372.2900085449219
2026-04-08,MSFT-EQ,Equity Price,374.3299865722656
2026-04-09,MSFT-EQ,Equity Price,373.07000732421875
2026-04-10,MSFT-EQ,Equity Price,370.8699951171875
2026-04-13,MSFT-EQ,Equity Price,384.3699951171875
2026-04-14,MSFT-EQ,Equity Price,393.1099853515625
2026-04-15,MSFT-EQ,Equity Price,411.2200012207031
2026-04-16,MSFT-EQ,Equity Price,420.260009765625
2026-04-17,MSFT-EQ,Equity Price,422.7900085449219
2026-04-20,MSFT-EQ,Equity Price,418.07000732421875
2026-04-21,MSFT-EQ,Equity Price,424.1600036621094
2026-04-22,MSFT-EQ,Equity Price,432.9200134277344
2026-04-23,MSFT-EQ,Equity Price,415.75
2026-04-24,MSFT-EQ,Equity Price,424.6199951171875
2026-04-27,MSFT-EQ,Equity Price,424.82000732421875
2026-04-28,MSFT-EQ,Equity Price,429.25
2026-04-29,MSFT-EQ,Equity Price,424.4599914550781
2026-04-30,MSFT-EQ,Equity Price,407.7799987792969
2026-05-01,MSFT-EQ,Equity Price,414.44000244140625
2026-05-04,MSFT-EQ,Equity Price,413.6199951171875
2026-05-05,MSFT-EQ,Equity Price,411.3800048828125
2026-05-06,MSFT-EQ,Equity Price,413.9599914550781
2026-05-07,MSFT-EQ,Equity Price,420.7699890136719
2026-05-08,MSFT-EQ,Equity Price,415.1199951171875
2026-05-11,MSFT-EQ,Equity Price,412.6600036621094
2026-05-12,MSFT-EQ,Equity Price,407.7699890136719
2026-05-13,MSFT-EQ,Equity Price,405.2099914550781
2026-05-14,MSFT-EQ,Equity Price,409.42999267578125
2026-05-15,MSFT-EQ,Equity Price,421.9200134277344
2026-05-18,MSFT-EQ,Equity Price,423.5400085449219
2026-05-19,MSFT-EQ,Equity Price,417.4200134277344
2026-05-20,MSFT-EQ,Equity Price,421.05999755859375
2026-05-21,MSFT-EQ,Equity Price,419.0899963378906
2026-05-22,MSFT-EQ,Equity Price,418.57000732421875
2026-05-26,MSFT-EQ,Equity Price,416.0299987792969
2026-05-27,MSFT-EQ,Equity Price,412.6700134277344
2026-05-28,MSFT-EQ,Equity Price,426.989990234375
2026-05-29,MSFT-EQ,Equity Price,450.239990234375
2026-06-01,MSFT-EQ,Equity Price,460.5199890136719
2026-06-02,MSFT-EQ,Equity Price,441.30999755859375
2026-06-03,MSFT-EQ,Equity Price,427.3399963378906
2026-06-04,MSFT-EQ,Equity Price,428.04998779296875
2026-06-05,MSFT-EQ,Equity Price,416.6700134277344
2026-06-08,MSFT-EQ,Equity Price,411.739990234375
2026-06-09,MSFT-EQ,Equity Price,403.4100036621094
2026-06-10,MSFT-EQ,Equity Price,397.3599853515625
2026-06-11,MSFT-EQ,Equity Price,390.3399963378906
2026-06-12,MSFT-EQ,Equity Price,390.739990234375
2026-06-15,MSFT-EQ,Equity Price,399.760009765625
2026-06-16,MSFT-EQ,Equity Price,393.8299865722656
2026-06-17,MSFT-EQ,Equity Price,378.9100036621094
2026-06-18,MSFT-EQ,Equity Price,379.3999938964844
2026-06-22,MSFT-EQ,Equity Price,367.3399963378906
2026-06-23,MSFT-EQ,Equity Price,373.94000244140625
2026-06-24,MSFT-EQ,Equity Price,365.4599914550781
2026-06-25,MSFT-EQ,Equity Price,352.8299865722656
2026-06-26,MSFT-EQ,Equity Price,372.9700012207031
2026-06-29,MSFT-EQ,Equity Price,368.57000732421875
2026-06-30,MSFT-EQ,Equity Price,373.0199890136719
2026-07-01,MSFT-EQ,Equity Price,384.2799987792969
2026-07-02,MSFT-EQ,Equity Price,390.489990234375
2026-07-06,MSFT-EQ,Equity Price,386.739990234375
2026-07-07,MSFT-EQ,Equity Price,388.8399963378906
2026-07-08,MSFT-EQ,Equity Price,383.3399963378906
2026-07-09,MSFT-EQ,Equity Price,384.3599853515625
2026-07-10,MSFT-EQ,Equity Price,385.1000061035156
2026-07-13,MSFT-EQ,Equity Price,390.989990234375
2026-07-14,MSFT-EQ,Equity Price,384.92999267578125
2026-07-15,MSFT-EQ,Equity Price,395.6300048828125
2026-07-16,MSFT-EQ,Equity Price,401.1000061035156
2026-07-17,MSFT-EQ,Equity Price,393.82000732421875
2026-07-20,MSFT-EQ,Equity Price,402.2900085449219
2026-07-21,MSFT-EQ,Equity Price,397.75
2026-07-22,MSFT-EQ,Equity Price,390.3399963378906
2026-07-23,MSFT-EQ,Equity Price,381.5799865722656
2026-07-24,MSFT-EQ,Equity Price,381.70001220703125
2026-07-27,MSFT-EQ,Equity Price,389.1000061035156
2026-07-28,MSFT-EQ,Equity Price,393.3500061035156
2026-07-29,MSFT-EQ,Equity Price,390.5400085449219
2026-07-30,MSFT-EQ,Equity Price,451.1000061035156
2026-07-31,MSFT-EQ,Equity Price,464.7200012207031
2026-08-03,MSFT-EQ,Equity Price,487.6499938964844
2026-08-04,MSFT-EQ,Equity Price,492.80999755859375
2026-08-05,MSFT-EQ,Equity Price,487.4599914550781
2026-08-06,MSFT-EQ,Equity Price,499.8599853515625
2026-08-07,MSFT-EQ,Equity Price,499.989990234375
2026-08-10,MSFT-EQ,Equity Price,506.05999755859375
2026-08-11,MSFT-EQ,Equity Price,503.80999755859375
2026-08-12,MSFT-EQ,Equity Price,492.42999267578125
2026-08-13,MSFT-EQ,Equity Price,496.8800048828125
2026-08-14,MSFT-EQ,Equity Price,495.3999938964844
2026-08-17,MSFT-EQ,Equity Price,480.3500061035156
2026-08-18,MSFT-EQ,Equity Price,481.6300048828125
2026-08-19,MSFT-EQ,Equity Price,484.30999755859375
2026-08-20,MSFT-EQ,Equity Price,481.1499938964844
2026-08-21,MSFT-EQ,Equity Price,483.239990234375
2026-08-24,MSFT-EQ,Equity Price,487.30999755859375
2026-08-25,MSFT-EQ,Equity Price,491.7099914550781
2026-08-26,MSFT-EQ,Equity Price,496.3699951171875
2026-08-27,MSFT-EQ,Equity Price,505.05999755859375
2026-08-28,MSFT-EQ,Equity Price,513.530029296875
2026-08-31,MSFT-EQ,Equity Price,507.2900085449219
2026-09-01,MSFT-EQ,Equity Price,501.0199890136719
2026-09-02,MSFT-EQ,Equity Price,496.82000732421875
2026-09-03,MSFT-EQ,Equity Price,510.1199951171875
2024-10-03,MSFT-VOL,Implied Vol (Realized Proxy),0.18774709939486509
2024-10-04,MSFT-VOL,Implied Vol (Realized Proxy),0.1877338194023221
2024-10-07,MSFT-VOL,Implied Vol (Realized Proxy),0.18690511948747138
2024-10-08,MSFT-VOL,Implied Vol (Realized Proxy),0.1886876861942833
2024-10-09,MSFT-VOL,Implied Vol (Realized Proxy),0.17610573983973757
2024-10-10,MSFT-VOL,Implied Vol (Realized Proxy),0.15951388996835814
2024-10-11,MSFT-VOL,Implied Vol (Realized Proxy),0.15543318959054883
2024-10-14,MSFT-VOL,Implied Vol (Realized Proxy),0.15427127738426366
2024-10-15,MSFT-VOL,Implied Vol (Realized Proxy),0.15388772466155187
2024-10-16,MSFT-VOL,Implied Vol (Realized Proxy),0.15010306840540005
2024-10-17,MSFT-VOL,Implied Vol (Realized Proxy),0.1477411853428444
2024-10-18,MSFT-VOL,Implied Vol (Realized Proxy),0.13085426214439239
2024-10-21,MSFT-VOL,Implied Vol (Realized Proxy),0.12985398831492512
2024-10-22,MSFT-VOL,Implied Vol (Realized Proxy),0.15098730323187806
2024-10-23,MSFT-VOL,Implied Vol (Realized Proxy),0.14885274468987544
2024-10-24,MSFT-VOL,Implied Vol (Realized Proxy),0.14649837599357873
2024-10-25,MSFT-VOL,Implied Vol (Realized Proxy),0.14958117550846187
2024-10-28,MSFT-VOL,Implied Vol (Realized Proxy),0.14774765031023074
2024-10-29,MSFT-VOL,Implied Vol (Realized Proxy),0.15308876138900454
2024-10-30,MSFT-VOL,Implied Vol (Realized Proxy),0.1287540281250981
2024-10-31,MSFT-VOL,Implied Vol (Realized Proxy),0.2546326459764895
2024-11-01,MSFT-VOL,Implied Vol (Realized Proxy),0.2575098453617456
2024-11-04,MSFT-VOL,Implied Vol (Realized Proxy),0.257873031452408
2024-11-05,MSFT-VOL,Implied Vol (Realized Proxy),0.25341785194357525
2024-11-06,MSFT-VOL,Implied Vol (Realized Proxy),0.26017161513023473
2024-11-07,MSFT-VOL,Implied Vol (Realized Proxy),0.2626215356262158
2024-11-08,MSFT-VOL,Implied Vol (Realized Proxy),0.26348872734184586
2024-11-11,MSFT-VOL,Implied Vol (Realized Proxy),0.2664898986398294
2024-11-12,MSFT-VOL,Implied Vol (Realized Proxy),0.2686948014725241
2024-11-13,MSFT-VOL,Implied Vol (Realized Proxy),0.26912050359506823
2024-11-14,MSFT-VOL,Implied Vol (Realized Proxy),0.2680981105535875
2024-11-15,MSFT-VOL,Implied Vol (Realized Proxy),0.28685539871327675
2024-11-18,MSFT-VOL,Implied Vol (Realized Proxy),0.2866507438823005
2024-11-19,MSFT-VOL,Implied Vol (Realized Proxy),0.2871522809618132
2024-11-20,MSFT-VOL,Implied Vol (Realized Proxy),0.27747471864604745
2024-11-21,MSFT-VOL,Implied Vol (Realized Proxy),0.27735486357164074
2024-11-22,MSFT-VOL,Implied Vol (Realized Proxy),0.28007377189446914
2024-11-25,MSFT-VOL,Implied Vol (Realized Proxy),0.27887514985155043
2024-11-26,MSFT-VOL,Implied Vol (Realized Proxy),0.28955121702553815
2024-11-27,MSFT-VOL,Implied Vol (Realized Proxy),0.2887181806148002
2024-11-29,MSFT-VOL,Implied Vol (Realized Proxy),0.2886956720140175
2024-12-02,MSFT-VOL,Implied Vol (Realized Proxy),0.19058273315631802
2024-12-03,MSFT-VOL,Implied Vol (Realized Proxy),0.18897313196354967
2024-12-04,MSFT-VOL,Implied Vol (Realized Proxy),0.19151143623325267
2024-12-05,MSFT-VOL,Implied Vol (Realized Proxy),0.19333792918471243
2024-12-06,MSFT-VOL,Implied Vol (Realized Proxy),0.18257217449255472
2024-12-09,MSFT-VOL,Implied Vol (Realized Proxy),0.17942299311213197
2024-12-10,MSFT-VOL,Implied Vol (Realized Proxy),0.17895375379702105
2024-12-11,MSFT-VOL,Implied Vol (Realized Proxy),0.1757998977117309
2024-12-12,MSFT-VOL,Implied Vol (Realized Proxy),0.1731395769742856
2024-12-13,MSFT-VOL,Implied Vol (Realized Proxy),0.17509877951482877
2024-12-16,MSFT-VOL,Implied Vol (Realized Proxy),0.1768150696065924
2024-12-17,MSFT-VOL,Implied Vol (Realized Proxy),0.13661371136304845
2024-12-18,MSFT-VOL,Implied Vol (Realized Proxy),0.2012360545342707
2024-12-19,MSFT-VOL,Implied Vol (Realized Proxy),0.20132726027017003
2024-12-20,MSFT-VOL,Implied Vol (Realized Proxy),0.19975854263384318
2024-12-23,MSFT-VOL,Implied Vol (Realized Proxy),0.19829736782655957
2024-12-24,MSFT-VOL,Implied Vol (Realized Proxy),0.19801429931184042
2024-12-26,MSFT-VOL,Implied Vol (Realized Proxy),0.19871633090462204
2024-12-27,MSFT-VOL,Implied Vol (Realized Proxy),0.1964075053903539
2024-12-30,MSFT-VOL,Implied Vol (Realized Proxy),0.19769631343599653
2024-12-31,MSFT-VOL,Implied Vol (Realized Proxy),0.19961699803455982
2025-01-02,MSFT-VOL,Implied Vol (Realized Proxy),0.18987695389205012
2025-01-03,MSFT-VOL,Implied Vol (Realized Proxy),0.19487590136572427
2025-01-06,MSFT-VOL,Implied Vol (Realized Proxy),0.1915978714618982
2025-01-07,MSFT-VOL,Implied Vol (Realized Proxy),0.18979373421078868
2025-01-08,MSFT-VOL,Implied Vol (Realized Proxy),0.19095909743612285
2025-01-10,MSFT-VOL,Implied Vol (Realized Proxy),0.19264347045320696
2025-01-13,MSFT-VOL,Implied Vol (Realized Proxy),0.1923795702184945
2025-01-14,MSFT-VOL,Implied Vol (Realized Proxy),0.1838435284330851
2025-01-15,MSFT-VOL,Implied Vol (Realized Proxy),0.20905249703839113
2025-01-16,MSFT-VOL,Implied Vol (Realized Proxy),0.2089218372924126
2025-01-17,MSFT-VOL,Implied Vol (Realized Proxy),0.20953368993931917
2025-01-21,MSFT-VOL,Implied Vol (Realized Proxy),0.20716638404236548
2025-01-22,MSFT-VOL,Implied Vol (Realized Proxy),0.21663426347466977
2025-01-23,MSFT-VOL,Implied Vol (Realized Proxy),0.2165385467814831
2025-01-24,MSFT-VOL,Implied Vol (Realized Proxy),0.21780389707389128
2025-01-27,MSFT-VOL,Implied Vol (Realized Proxy),0.2310433765486812
2025-01-28,MSFT-VOL,Implied Vol (Realized Proxy),0.24990945840440257
2025-01-29,MSFT-VOL,Implied Vol (Realized Proxy),0.25298620494319457
2025-01-30,MSFT-VOL,Implied Vol (Realized Proxy),0.33271402970311026
2025-01-31,MSFT-VOL,Implied Vol (Realized Proxy),0.3300710581009515
2025-02-03,MSFT-VOL,Implied Vol (Realized Proxy),0.3307111491256781
2025-02-04,MSFT-VOL,Implied Vol (Realized Proxy),0.33041030347137945
2025-02-05,MSFT-VOL,Implied Vol (Realized Proxy),0.32772358410268715
2025-02-06,MSFT-VOL,Implied Vol (Realized Proxy),0.3260711549995466
2025-02-07,MSFT-VOL,Implied Vol (Realized Proxy),0.3269391106377623
2025-02-10,MSFT-VOL,Implied Vol (Realized Proxy),0.32716568983777744
2025-02-11,MSFT-VOL,Implied Vol (Realized Proxy),0.32431295819539363
2025-02-12,MSFT-VOL,Implied Vol (Realized Proxy),0.32457603796876255
2025-02-13,MSFT-VOL,Implied Vol (Realized Proxy),0.3247946510344465
2025-02-14,MSFT-VOL,Implied Vol (Realized Proxy),0.3110754300395164
2025-02-18,MSFT-VOL,Implied Vol (Realized Proxy),0.31145049283668125
2025-02-19,MSFT-VOL,Implied Vol (Realized Proxy),0.3125181189605766
2025-02-20,MSFT-VOL,Implied Vol (Realized Proxy),0.3129761583329912
2025-02-21,MSFT-VOL,Implied Vol (Realized Proxy),0.278796027644482
2025-02-24,MSFT-VOL,Implied Vol (Realized Proxy),0.2788484774032045
2025-02-25,MSFT-VOL,Implied Vol (Realized Proxy),0.28117297887069853
2025-02-26,MSFT-VOL,Implied Vol (Realized Proxy),0.2765344549202021
2025-02-27,MSFT-VOL,Implied Vol (Realized Proxy),0.2535001586578052
2025-02-28,MSFT-VOL,Implied Vol (Realized Proxy),0.259892584136335
2025-03-03,MSFT-VOL,Implied Vol (Realized Proxy),0.1629749851583622
2025-03-04,MSFT-VOL,Implied Vol (Realized Proxy),0.1630115780241834
2025-03-05,MSFT-VOL,Implied Vol (Realized Proxy),0.20000518013321386
2025-03-06,MSFT-VOL,Implied Vol (Realized Proxy),0.20167917310202432
2025-03-07,MSFT-VOL,Implied Vol (Realized Proxy),0.20261191442841717
2025-03-10,MSFT-VOL,Implied Vol (Realized Proxy),0.22760217605087046
2025-03-11,MSFT-VOL,Implied Vol (Realized Proxy),0.22495790266726517
2025-03-12,MSFT-VOL,Implied Vol (Realized Proxy),0.22574184966088792
2025-03-13,MSFT-VOL,Implied Vol (Realized Proxy),0.2274779602879937
2025-03-14,MSFT-VOL,Implied Vol (Realized Proxy),0.24908616160282918
2025-03-17,MSFT-VOL,Implied Vol (Realized Proxy),0.24832796570028695
2025-03-18,MSFT-VOL,Implied Vol (Realized Proxy),0.2510320712249276
2025-03-19,MSFT-VOL,Implied Vol (Realized Proxy),0.2550519397803764
2025-03-20,MSFT-VOL,Implied Vol (Realized Proxy),0.24912316415350835
2025-03-21,MSFT-VOL,Implied Vol (Realized Proxy),0.2533594408691449
2025-03-24,MSFT-VOL,Implied Vol (Realized Proxy),0.24745201222855945
2025-03-25,MSFT-VOL,Implied Vol (Realized Proxy),0.24655933294711288
2025-03-26,MSFT-VOL,Implied Vol (Realized Proxy),0.24520990496718464
2025-03-27,MSFT-VOL,Implied Vol (Realized Proxy),0.24457062728035753
2025-03-28,MSFT-VOL,Implied Vol (Realized Proxy),0.25890174264028404
2025-03-31,MSFT-VOL,Implied Vol (Realized Proxy),0.25560665401542476
2025-04-01,MSFT-VOL,Implied Vol (Realized Proxy),0.25536383297778625
2025-04-02,MSFT-VOL,Implied Vol (Realized Proxy),0.2553447861143221
2025-04-03,MSFT-VOL,Implied Vol (Realized Proxy),0.23875193415742735
2025-04-04,MSFT-VOL,Implied Vol (Realized Proxy),0.2636973172787508
2025-04-07,MSFT-VOL,Implied Vol (Realized Proxy),0.2632385724318869
2025-04-08,MSFT-VOL,Implied Vol (Realized Proxy),0.24133469791081477
2025-04-09,MSFT-VOL,Implied Vol (Realized Proxy),0.4220647694501263
2025-04-10,MSFT-VOL,Implied Vol (Realized Proxy),0.43001353504605644
2025-04-11,MSFT-VOL,Implied Vol (Realized Proxy),0.4325213796157165
2025-04-14,MSFT-VOL,Implied Vol (Realized Proxy),0.42341922739907567
2025-04-15,MSFT-VOL,Implied Vol (Realized Proxy),0.42380839469829085
2025-04-16,MSFT-VOL,Implied Vol (Realized Proxy),0.44080302576278174
2025-04-17,MSFT-VOL,Implied Vol (Realized Proxy),0.43931928231936135
2025-04-21,MSFT-VOL,Implied Vol (Realized Proxy),0.445473628043978
2025-04-22,MSFT-VOL,Implied Vol (Realized Proxy),0.4509014621954539
2025-04-23,MSFT-VOL,Implied Vol (Realized Proxy),0.45757020991978936
2025-04-24,MSFT-VOL,Implied Vol (Realized Proxy),0.4740069139307367
2025-04-25,MSFT-VOL,Implied Vol (Realized Proxy),0.47373755676455553
2025-04-28,MSFT-VOL,Implied Vol (Realized Proxy),0.4737596300974201
2025-04-29,MSFT-VOL,Implied Vol (Realized Proxy),0.4608438512215393
2025-04-30,MSFT-VOL,Implied Vol (Realized Proxy),0.4591344546257545
2025-05-01,MSFT-VOL,Implied Vol (Realized Proxy),0.5191325629756333
2025-05-02,MSFT-VOL,Implied Vol (Realized Proxy),0.5223529462008631
2025-05-05,MSFT-VOL,Implied Vol (Realized Proxy),0.5111162708414164
2025-05-06,MSFT-VOL,Implied Vol (Realized Proxy),0.48906112497909754
2025-05-07,MSFT-VOL,Implied Vol (Realized Proxy),0.4873680751454115
2025-05-08,MSFT-VOL,Implied Vol (Realized Proxy),0.4827748259619437
2025-05-09,MSFT-VOL,Implied Vol (Realized Proxy),0.3666801221377111
2025-05-12,MSFT-VOL,Implied Vol (Realized Proxy),0.3556682956184316
2025-05-13,MSFT-VOL,Implied Vol (Realized Proxy),0.3545185475634434
2025-05-14,MSFT-VOL,Implied Vol (Realized Proxy),0.35316805718013894
2025-05-15,MSFT-VOL,Implied Vol (Realized Proxy),0.3510916301991754
2025-05-16,MSFT-VOL,Implied Vol (Realized Proxy),0.31173438935748066
2025-05-19,MSFT-VOL,Implied Vol (Realized Proxy),0.3031983718923288
2025-05-20,MSFT-VOL,Implied Vol (Realized Proxy),0.28032850790738817
2025-05-21,MSFT-VOL,Implied Vol (Realized Proxy),0.2897252919883077
2025-05-22,MSFT-VOL,Implied Vol (Realized Proxy),0.28764453060178247
2025-05-23,MSFT-VOL,Implied Vol (Realized Proxy),0.2806561979831259
2025-05-27,MSFT-VOL,Implied Vol (Realized Proxy),0.28569905018183167
2025-05-28,MSFT-VOL,Implied Vol (Realized Proxy),0.28861131930100953
2025-05-29,MSFT-VOL,Implied Vol (Realized Proxy),0.289044695217593
2025-05-30,MSFT-VOL,Implied Vol (Realized Proxy),0.288949349979678
2025-06-02,MSFT-VOL,Implied Vol (Realized Proxy),0.15959094163976775
2025-06-03,MSFT-VOL,Implied Vol (Realized Proxy),0.14382224877468303
2025-06-04,MSFT-VOL,Implied Vol (Realized Proxy),0.1438305461019703
2025-06-05,MSFT-VOL,Implied Vol (Realized Proxy),0.14058390411879412
2025-06-06,MSFT-VOL,Implied Vol (Realized Proxy),0.14015416580260087
2025-06-09,MSFT-VOL,Implied Vol (Realized Proxy),0.13781080829865636
2025-06-10,MSFT-VOL,Implied Vol (Realized Proxy),0.14005284020066996
2025-06-11,MSFT-VOL,Implied Vol (Realized Proxy),0.11898256004838491
2025-06-12,MSFT-VOL,Implied Vol (Realized Proxy),0.12412672219539257
2025-06-13,MSFT-VOL,Implied Vol (Realized Proxy),0.12834635929762075
2025-06-16,MSFT-VOL,Implied Vol (Realized Proxy),0.13008057151690128
2025-06-17,MSFT-VOL,Implied Vol (Realized Proxy),0.13121094103469308
2025-06-18,MSFT-VOL,Implied Vol (Realized Proxy),0.12853208055827264
2025-06-20,MSFT-VOL,Implied Vol (Realized Proxy),0.13100897016594193
2025-06-23,MSFT-VOL,Implied Vol (Realized Proxy),0.13130530675187602
2025-06-24,MSFT-VOL,Implied Vol (Realized Proxy),0.13235666090423434
2025-06-25,MSFT-VOL,Implied Vol (Realized Proxy),0.12232614326753459
2025-06-26,MSFT-VOL,Implied Vol (Realized Proxy),0.10435898420551137
2025-06-27,MSFT-VOL,Implied Vol (Realized Proxy),0.09972571682447376
2025-06-30,MSFT-VOL,Implied Vol (Realized Proxy),0.0997165140252013
2025-07-01,MSFT-VOL,Implied Vol (Realized Proxy),0.11197117410374291
2025-07-02,MSFT-VOL,Implied Vol (Realized Proxy),0.11335408262940903
2025-07-03,MSFT-VOL,Implied Vol (Realized Proxy),0.1215737797494939
2025-07-07,MSFT-VOL,Implied Vol (Realized Proxy),0.12312990619301024
2025-07-08,MSFT-VOL,Implied Vol (Realized Proxy),0.12326045132003434
2025-07-09,MSFT-VOL,Implied Vol (Realized Proxy),0.12865098134653505
2025-07-10,MSFT-VOL,Implied Vol (Realized Proxy),0.13088001464947957
2025-07-11,MSFT-VOL,Implied Vol (Realized Proxy),0.12861207689500587
2025-07-14,MSFT-VOL,Implied Vol (Realized Proxy),0.12925433223844962
2025-07-15,MSFT-VOL,Implied Vol (Realized Proxy),0.12431104742722746
2025-07-16,MSFT-VOL,Implied Vol (Realized Proxy),0.11857092998338414
2025-07-17,MSFT-VOL,Implied Vol (Realized Proxy),0.1210218706802874
2025-07-18,MSFT-VOL,Implied Vol (Realized Proxy),0.1215900015943376
2025-07-21,MSFT-VOL,Implied Vol (Realized Proxy),0.12190794369959523
2025-07-22,MSFT-VOL,Implied Vol (Realized Proxy),0.12564227667748484
2025-07-23,MSFT-VOL,Implied Vol (Realized Proxy),0.1129399851126361
2025-07-24,MSFT-VOL,Implied Vol (Realized Proxy),0.11408524497792344
2025-07-25,MSFT-VOL,Implied Vol (Realized Proxy),0.11445269147430609
2025-07-28,MSFT-VOL,Implied Vol (Realized Proxy),0.11111394412838235
2025-07-29,MSFT-VOL,Implied Vol (Realized Proxy),0.11004733122314385
2025-07-30,MSFT-VOL,Implied Vol (Realized Proxy),0.1099333539538188
2025-07-31,MSFT-VOL,Implied Vol (Realized Proxy),0.16172948667653936
2025-08-01,MSFT-VOL,Implied Vol (Realized Proxy),0.17738533664358813
2025-08-04,MSFT-VOL,Implied Vol (Realized Proxy),0.1839672902514403
2025-08-05,MSFT-VOL,Implied Vol (Realized Proxy),0.19374050080859737
2025-08-06,MSFT-VOL,Implied Vol (Realized Proxy),0.1950557268218013
2025-08-07,MSFT-VOL,Implied Vol (Realized Proxy),0.1938754694455225
2025-08-08,MSFT-VOL,Implied Vol (Realized Proxy),0.1927878826385312
2025-08-11,MSFT-VOL,Implied Vol (Realized Proxy),0.19285377554508917
2025-08-12,MSFT-VOL,Implied Vol (Realized Proxy),0.1973896508068697
2025-08-13,MSFT-VOL,Implied Vol (Realized Proxy),0.20750144699285297
2025-08-14,MSFT-VOL,Implied Vol (Realized Proxy),0.20754018281817796
2025-08-15,MSFT-VOL,Implied Vol (Realized Proxy),0.20494852095201124
2025-08-18,MSFT-VOL,Implied Vol (Realized Proxy),0.20582177152008926
2025-08-19,MSFT-VOL,Implied Vol (Realized Proxy),0.2122348258657473
2025-08-20,MSFT-VOL,Implied Vol (Realized Proxy),0.21147873244778032
2025-08-21,MSFT-VOL,Implied Vol (Realized Proxy),0.21167891882109316
2025-08-22,MSFT-VOL,Implied Vol (Realized Proxy),0.20976192207331087
2025-08-25,MSFT-VOL,Implied Vol (Realized Proxy),0.2094614358857648
2025-08-26,MSFT-VOL,Implied Vol (Realized Proxy),0.20976419748353484
2025-08-27,MSFT-VOL,Implied Vol (Realized Proxy),0.21277088565752716
2025-08-28,MSFT-VOL,Implied Vol (Realized Proxy),0.21379676777120596
2025-08-29,MSFT-VOL,Implied Vol (Realized Proxy),0.16025712077614387
2025-09-02,MSFT-VOL,Implied Vol (Realized Proxy),0.1503608150457994
2025-09-03,MSFT-VOL,Implied Vol (Realized Proxy),0.124211890041054
2025-09-04,MSFT-VOL,Implied Vol (Realized Proxy),0.11894694876668115
2025-09-05,MSFT-VOL,Implied Vol (Realized Proxy),0.14499892025000857
2025-09-08,MSFT-VOL,Implied Vol (Realized Proxy),0.1471647167670613
2025-09-09,MSFT-VOL,Implied Vol (Realized Proxy),0.1465967133248876
2025-09-10,MSFT-VOL,Implied Vol (Realized Proxy),0.1480418416543595
2025-09-11,MSFT-VOL,Implied Vol (Realized Proxy),0.1365296882798186
2025-09-12,MSFT-VOL,Implied Vol (Realized Proxy),0.1437136897518806
2025-09-15,MSFT-VOL,Implied Vol (Realized Proxy),0.14852830256837135
2025-09-16,MSFT-VOL,Implied Vol (Realized Proxy),0.15350542077278045
2025-09-17,MSFT-VOL,Implied Vol (Realized Proxy),0.15276019390585402
2025-09-18,MSFT-VOL,Implied Vol (Realized Proxy),0.1449044218508093
2025-09-19,MSFT-VOL,Implied Vol (Realized Proxy),0.15542852234891325
2025-09-22,MSFT-VOL,Implied Vol (Realized Proxy),0.15723502857789473
2025-09-23,MSFT-VOL,Implied Vol (Realized Proxy),0.1607009101865155
2025-09-24,MSFT-VOL,Implied Vol (Realized Proxy),0.15924722157318905
2025-09-25,MSFT-VOL,Implied Vol (Realized Proxy),0.16003371596898858
2025-09-26,MSFT-VOL,Implied Vol (Realized Proxy),0.15961634215524775
2025-09-29,MSFT-VOL,Implied Vol (Realized Proxy),0.1597947075032967
2025-09-30,MSFT-VOL,Implied Vol (Realized Proxy),0.15939471704583075
2025-10-01,MSFT-VOL,Implied Vol (Realized Proxy),0.15885112931968823
2025-10-02,MSFT-VOL,Implied Vol (Realized Proxy),0.1618949157849399
2025-10-03,MSFT-VOL,Implied Vol (Realized Proxy),0.16137867107654405
2025-10-06,MSFT-VOL,Implied Vol (Realized Proxy),0.1450233752138161
2025-10-07,MSFT-VOL,Implied Vol (Realized Proxy),0.15007738077535362
2025-10-08,MSFT-VOL,Implied Vol (Realized Proxy),0.14993270615991738
2025-10-09,MSFT-VOL,Implied Vol (Realized Proxy),0.1518249197894396
2025-10-10,MSFT-VOL,Implied Vol (Realized Proxy),0.1734634901325605
2025-10-13,MSFT-VOL,Implied Vol (Realized Proxy),0.16383628217572035
2025-10-14,MSFT-VOL,Implied Vol (Realized Proxy),0.15954961576888296
2025-10-15,MSFT-VOL,Implied Vol (Realized Proxy),0.15330252065265323
2025-10-16,MSFT-VOL,Implied Vol (Realized Proxy),0.1537932817531798
2025-10-17,MSFT-VOL,Implied Vol (Realized Proxy),0.15383129007952848
2025-10-20,MSFT-VOL,Implied Vol (Realized Proxy),0.14110606339014453
2025-10-21,MSFT-VOL,Implied Vol (Realized Proxy),0.13911719374740997
2025-10-22,MSFT-VOL,Implied Vol (Realized Proxy),0.13477605190343944
2025-10-23,MSFT-VOL,Implied Vol (Realized Proxy),0.13478963646684985
2025-10-24,MSFT-VOL,Implied Vol (Realized Proxy),0.13322049983599665
2025-10-27,MSFT-VOL,Implied Vol (Realized Proxy),0.13914023512271026
2025-10-28,MSFT-VOL,Implied Vol (Realized Proxy),0.15172533525509024
2025-10-29,MSFT-VOL,Implied Vol (Realized Proxy),0.15143714255126184
2025-10-30,MSFT-VOL,Implied Vol (Realized Proxy),0.186899880580321
2025-10-31,MSFT-VOL,Implied Vol (Realized Proxy),0.19283800417979094
2025-11-03,MSFT-VOL,Implied Vol (Realized Proxy),0.19261910469659763
2025-11-04,MSFT-VOL,Implied Vol (Realized Proxy),0.1766349267224971
2025-11-05,MSFT-VOL,Implied Vol (Realized Proxy),0.18037030076817004
2025-11-06,MSFT-VOL,Implied Vol (Realized Proxy),0.19085286294515588
2025-11-07,MSFT-VOL,Implied Vol (Realized Proxy),0.19081688948440204
2025-11-10,MSFT-VOL,Implied Vol (Realized Proxy),0.1895059587516751
2025-11-11,MSFT-VOL,Implied Vol (Realized Proxy),0.18920094510482463
2025-11-12,MSFT-VOL,Implied Vol (Realized Proxy),0.1900840345869885
2025-11-13,MSFT-VOL,Implied Vol (Realized Proxy),0.19729150282248936
2025-11-14,MSFT-VOL,Implied Vol (Realized Proxy),0.20329426217922336
2025-11-17,MSFT-VOL,Implied Vol (Realized Proxy),0.20350409391378146
2025-11-18,MSFT-VOL,Implied Vol (Realized Proxy),0.22181775514334554
2025-11-19,MSFT-VOL,Implied Vol (Realized Proxy),0.2247730394104358
2025-11-20,MSFT-VOL,Implied Vol (Realized Proxy),0.22840026158711949
2025-11-21,MSFT-VOL,Implied Vol (Realized Proxy),0.2300726635950415
2025-11-24,MSFT-VOL,Implied Vol (Realized Proxy),0.22908819593092
2025-11-25,MSFT-VOL,Implied Vol (Realized Proxy),0.22149863807337278
2025-11-26,MSFT-VOL,Implied Vol (Realized Proxy),0.21880656130471096
2025-11-28,MSFT-VOL,Implied Vol (Realized Proxy),0.2277419759235196
2025-12-01,MSFT-VOL,Implied Vol (Realized Proxy),0.2103552878052641
2025-12-02,MSFT-VOL,Implied Vol (Realized Proxy),0.20886669970434513
2025-12-03,MSFT-VOL,Implied Vol (Realized Proxy),0.22311087187439457
2025-12-04,MSFT-VOL,Implied Vol (Realized Proxy),0.2258170938291686
2025-12-05,MSFT-VOL,Implied Vol (Realized Proxy),0.22385705361488842
2025-12-08,MSFT-VOL,Implied Vol (Realized Proxy),0.22283282422752307
2025-12-09,MSFT-VOL,Implied Vol (Realized Proxy),0.22301779670267782
2025-12-10,MSFT-VOL,Implied Vol (Realized Proxy),0.23108187815255504
2025-12-11,MSFT-VOL,Implied Vol (Realized Proxy),0.2338270549283852
2025-12-12,MSFT-VOL,Implied Vol (Realized Proxy),0.23378076561019398
2025-12-15,MSFT-VOL,Implied Vol (Realized Proxy),0.2301557853547279
2025-12-16,MSFT-VOL,Implied Vol (Realized Proxy),0.22359887761660951
2025-12-17,MSFT-VOL,Implied Vol (Realized Proxy),0.22365844932953632
2025-12-18,MSFT-VOL,Implied Vol (Realized Proxy),0.214862228874924
2025-12-19,MSFT-VOL,Implied Vol (Realized Proxy),0.21041608414872912
2025-12-22,MSFT-VOL,Implied Vol (Realized Proxy),0.2003508212755397
2025-12-23,MSFT-VOL,Implied Vol (Realized Proxy),0.19406397741655543
2025-12-24,MSFT-VOL,Implied Vol (Realized Proxy),0.193883874056014
2025-12-26,MSFT-VOL,Implied Vol (Realized Proxy),0.19316118119475467
2025-12-29,MSFT-VOL,Implied Vol (Realized Proxy),0.18352286035792315
2025-12-30,MSFT-VOL,Implied Vol (Realized Proxy),0.17722307044902763
2025-12-31,MSFT-VOL,Implied Vol (Realized Proxy),0.17541271814954992
2026-01-02,MSFT-VOL,Implied Vol (Realized Proxy),0.1891104553763801
2026-01-05,MSFT-VOL,Implied Vol (Realized Proxy),0.16837524010635543
2026-01-06,MSFT-VOL,Implied Vol (Realized Proxy),0.1721997500709921
2026-01-07,MSFT-VOL,Implied Vol (Realized Proxy),0.1752559130356398
2026-01-08,MSFT-VOL,Implied Vol (Realized Proxy),0.16903819034020037
2026-01-09,MSFT-VOL,Implied Vol (Realized Proxy),0.16914498369072267
2026-01-12,MSFT-VOL,Implied Vol (Realized Proxy),0.13988103481687295
2026-01-13,MSFT-VOL,Implied Vol (Realized Proxy),0.14214209300589115
2026-01-14,MSFT-VOL,Implied Vol (Realized Proxy),0.16041853907429499
2026-01-15,MSFT-VOL,Implied Vol (Realized Proxy),0.15969835483447772
2026-01-16,MSFT-VOL,Implied Vol (Realized Proxy),0.16169358214643983
2026-01-20,MSFT-VOL,Implied Vol (Realized Proxy),0.16527153935497635
2026-01-21,MSFT-VOL,Implied Vol (Realized Proxy),0.16601033266363147
2026-01-22,MSFT-VOL,Implied Vol (Realized Proxy),0.17773883663265133
2026-01-23,MSFT-VOL,Implied Vol (Realized Proxy),0.2168810472665268
2026-01-26,MSFT-VOL,Implied Vol (Realized Proxy),0.21943717947254476
2026-01-27,MSFT-VOL,Implied Vol (Realized Proxy),0.2336070339393106
2026-01-28,MSFT-VOL,Implied Vol (Realized Proxy),0.23382549523305501
2026-01-29,MSFT-VOL,Implied Vol (Realized Proxy),0.4315824105652298
2026-01-30,MSFT-VOL,Implied Vol (Realized Proxy),0.4310016762108793
2026-02-02,MSFT-VOL,Implied Vol (Realized Proxy),0.43243473934288995
2026-02-03,MSFT-VOL,Implied Vol (Realized Proxy),0.4362363361098887
2026-02-04,MSFT-VOL,Implied Vol (Realized Proxy),0.43837148018950695
2026-02-05,MSFT-VOL,Implied Vol (Realized Proxy),0.4589005070992933
2026-02-06,MSFT-VOL,Implied Vol (Realized Proxy),0.464376995750922
2026-02-09,MSFT-VOL,Implied Vol (Realized Proxy),0.4839153051792037
2026-02-10,MSFT-VOL,Implied Vol (Realized Proxy),0.4832561637989261
2026-02-11,MSFT-VOL,Implied Vol (Realized Proxy),0.4857920103272128
2026-02-12,MSFT-VOL,Implied Vol (Realized Proxy),0.48534675379590453
2026-02-13,MSFT-VOL,Implied Vol (Realized Proxy),0.4818700470146059
2026-02-17,MSFT-VOL,Implied Vol (Realized Proxy),0.48214359683774394
2026-02-18,MSFT-VOL,Implied Vol (Realized Proxy),0.4821071541369356
2026-02-19,MSFT-VOL,Implied Vol (Realized Proxy),0.481924909318444
2026-02-20,MSFT-VOL,Implied Vol (Realized Proxy),0.478056111158582
2026-02-23,MSFT-VOL,Implied Vol (Realized Proxy),0.48060918691080334
2026-02-24,MSFT-VOL,Implied Vol (Realized Proxy),0.4640724351175518
2026-02-25,MSFT-VOL,Implied Vol (Realized Proxy),0.47883413321368784
2026-02-26,MSFT-VOL,Implied Vol (Realized Proxy),0.46863665513144764
2026-02-27,MSFT-VOL,Implied Vol (Realized Proxy),0.4693606769681423
2026-03-02,MSFT-VOL,Implied Vol (Realized Proxy),0.3226223147660068
2026-03-03,MSFT-VOL,Implied Vol (Realized Proxy),0.32786604976293526
2026-03-04,MSFT-VOL,Implied Vol (Realized Proxy),0.3248871646653803
2026-03-05,MSFT-VOL,Implied Vol (Realized Proxy),0.313493214643551
2026-03-06,MSFT-VOL,Implied Vol (Realized Proxy),0.31264530397370816
2026-03-09,MSFT-VOL,Implied Vol (Realized Proxy),0.2537831528482417
2026-03-10,MSFT-VOL,Implied Vol (Realized Proxy),0.24861153681482995
2026-03-11,MSFT-VOL,Implied Vol (Realized Proxy),0.2233468818107066
2026-03-12,MSFT-VOL,Implied Vol (Realized Proxy),0.22446429472070645
2026-03-13,MSFT-VOL,Implied Vol (Realized Proxy),0.21851035038695932
2026-03-16,MSFT-VOL,Implied Vol (Realized Proxy),0.2215194116565993
2026-03-17,MSFT-VOL,Implied Vol (Realized Proxy),0.22152292158769094
2026-03-18,MSFT-VOL,Implied Vol (Realized Proxy),0.2282287068022305
2026-03-19,MSFT-VOL,Implied Vol (Realized Proxy),0.22758148458101013
2026-03-20,MSFT-VOL,Implied Vol (Realized Proxy),0.23531534300965645
2026-03-23,MSFT-VOL,Implied Vol (Realized Proxy),0.23590148405226735
2026-03-24,MSFT-VOL,Implied Vol (Realized Proxy),0.2274439013566909
2026-03-25,MSFT-VOL,Implied Vol (Realized Proxy),0.2224872721253177
2026-03-26,MSFT-VOL,Implied Vol (Realized Proxy),0.1935009295970154
2026-03-27,MSFT-VOL,Implied Vol (Realized Proxy),0.20486050614486168
2026-03-30,MSFT-VOL,Implied Vol (Realized Proxy),0.19898577400052017
2026-03-31,MSFT-VOL,Implied Vol (Realized Proxy),0.22443794815928494
2026-04-01,MSFT-VOL,Implied Vol (Realized Proxy),0.21596320834386437
2026-04-02,MSFT-VOL,Implied Vol (Realized Proxy),0.22102418098166154
2026-04-06,MSFT-VOL,Implied Vol (Realized Proxy),0.21214736968588466
2026-04-07,MSFT-VOL,Implied Vol (Realized Proxy),0.21240263203209334
2026-04-08,MSFT-VOL,Implied Vol (Realized Proxy),0.2143747231120549
2026-04-09,MSFT-VOL,Implied Vol (Realized Proxy),0.2137072533115739
2026-04-10,MSFT-VOL,Implied Vol (Realized Proxy),0.21369707720917955
2026-04-13,MSFT-VOL,Implied Vol (Realized Proxy),0.25396498310802534
2026-04-14,MSFT-VOL,Implied Vol (Realized Proxy),0.2624439315958638
2026-04-15,MSFT-VOL,Implied Vol (Realized Proxy),0.30406194905561573
2026-04-16,MSFT-VOL,Implied Vol (Realized Proxy),0.3119269100905809
2026-04-17,MSFT-VOL,Implied Vol (Realized Proxy),0.30191304663008334
2026-04-20,MSFT-VOL,Implied Vol (Realized Proxy),0.30409299570460585
2026-04-21,MSFT-VOL,Implied Vol (Realized Proxy),0.29540645697373896
2026-04-22,MSFT-VOL,Implied Vol (Realized Proxy),0.30005461176668613
2026-04-23,MSFT-VOL,Implied Vol (Realized Proxy),0.32129265201909196
2026-04-24,MSFT-VOL,Implied Vol (Realized Proxy),0.323758807062633
2026-04-27,MSFT-VOL,Implied Vol (Realized Proxy),0.31624788494579004
2026-04-28,MSFT-VOL,Implied Vol (Realized Proxy),0.29328948425306395
2026-04-29,MSFT-VOL,Implied Vol (Realized Proxy),0.30133339700661166
2026-04-30,MSFT-VOL,Implied Vol (Realized Proxy),0.33222652218241927
2026-05-01,MSFT-VOL,Implied Vol (Realized Proxy),0.3335980437214728
2026-05-04,MSFT-VOL,Implied Vol (Realized Proxy),0.33392042451755294
2026-05-05,MSFT-VOL,Implied Vol (Realized Proxy),0.33512686698447974
2026-05-06,MSFT-VOL,Implied Vol (Realized Proxy),0.33438028838216327
2026-05-07,MSFT-VOL,Implied Vol (Realized Proxy),0.3366545089964227
2026-05-08,MSFT-VOL,Implied Vol (Realized Proxy),0.3418449806503403
2026-05-11,MSFT-VOL,Implied Vol (Realized Proxy),0.3418567939501641
2026-05-12,MSFT-VOL,Implied Vol (Realized Proxy),0.3275577107271606
2026-05-13,MSFT-VOL,Implied Vol (Realized Proxy),0.3208867558914432
2026-05-14,MSFT-VOL,Implied Vol (Realized Proxy),0.28160549755500836
2026-05-15,MSFT-VOL,Implied Vol (Realized Proxy),0.29107296584389203
2026-05-18,MSFT-VOL,Implied Vol (Realized Proxy),0.2906235485250681
2026-05-19,MSFT-VOL,Implied Vol (Realized Proxy),0.292478518360488
2026-05-20,MSFT-VOL,Implied Vol (Realized Proxy),0.2895297232067166
2026-05-21,MSFT-VOL,Implied Vol (Realized Proxy),0.27971240601855857
2026-05-22,MSFT-VOL,Implied Vol (Realized Proxy),0.24130503685031437
2026-05-26,MSFT-VOL,Implied Vol (Realized Proxy),0.22990542757967866
2026-05-27,MSFT-VOL,Implied Vol (Realized Proxy),0.23114424533361014
2026-05-28,MSFT-VOL,Implied Vol (Realized Proxy),0.2592722995605768
2026-05-29,MSFT-VOL,Implied Vol (Realized Proxy),0.3146212578226403
2026-06-01,MSFT-VOL,Implied Vol (Realized Proxy),0.2799416026828823
2026-06-02,MSFT-VOL,Implied Vol (Realized Proxy),0.32317800555508536
2026-06-03,MSFT-VOL,Implied Vol (Realized Proxy),0.3451975856952357
2026-06-04,MSFT-VOL,Implied Vol (Realized Proxy),0.3442625937966369
2026-06-05,MSFT-VOL,Implied Vol (Realized Proxy),0.357901823985655
2026-06-08,MSFT-VOL,Implied Vol (Realized Proxy),0.355341010246973
2026-06-09,MSFT-VOL,Implied Vol (Realized Proxy),0.35919232955495617
2026-06-10,MSFT-VOL,Implied Vol (Realized Proxy),0.3620578037430421
2026-06-11,MSFT-VOL,Implied Vol (Realized Proxy),0.3647052785631452
2026-06-12,MSFT-VOL,Implied Vol (Realized Proxy),0.36452033864056627
2026-06-15,MSFT-VOL,Implied Vol (Realized Proxy),0.37220403087265724
2026-06-16,MSFT-VOL,Implied Vol (Realized Proxy),0.3570254324610904
2026-06-17,MSFT-VOL,Implied Vol (Realized Proxy),0.3761442325690089
2026-06-18,MSFT-VOL,Implied Vol (Realized Proxy),0.37523733072211635
2026-06-22,MSFT-VOL,Implied Vol (Realized Proxy),0.38379205613237183
2026-06-23,MSFT-VOL,Implied Vol (Realized Proxy),0.39293233271660544
2026-06-24,MSFT-VOL,Implied Vol (Realized Proxy),0.39718493383765147
2026-06-25,MSFT-VOL,Implied Vol (Realized Proxy),0.4094285410833365
2026-06-26,MSFT-VOL,Implied Vol (Realized Proxy),0.4645229144833401
2026-06-29,MSFT-VOL,Implied Vol (Realized Proxy),0.4427692021100704
2026-06-30,MSFT-VOL,Implied Vol (Realized Proxy),0.3926669899478374
2026-07-01,MSFT-VOL,Implied Vol (Realized Proxy),0.40061985933785005
2026-07-02,MSFT-VOL,Implied Vol (Realized Proxy),0.38927023637315467
2026-07-06,MSFT-VOL,Implied Vol (Realized Proxy),0.37771467997005054
2026-07-07,MSFT-VOL,Implied Vol (Realized Proxy),0.37874075258914586
2026-07-08,MSFT-VOL,Implied Vol (Realized Proxy),0.37178034207280836
2026-07-09,MSFT-VOL,Implied Vol (Realized Proxy),0.371286973798907
2026-07-10,MSFT-VOL,Implied Vol (Realized Proxy),0.3663108661680272
2026-07-13,MSFT-VOL,Implied Vol (Realized Proxy),0.36789608245196614
2026-07-14,MSFT-VOL,Implied Vol (Realized Proxy),0.3666859287089828
2026-07-15,MSFT-VOL,Implied Vol (Realized Proxy),0.3793960994763946
2026-07-16,MSFT-VOL,Implied Vol (Realized Proxy),0.3739526237261372
2026-07-17,MSFT-VOL,Implied Vol (Realized Proxy),0.37584621543379343
2026-07-20,MSFT-VOL,Implied Vol (Realized Proxy),0.35499471307191244
2026-07-21,MSFT-VOL,Implied Vol (Realized Proxy),0.35837922341433287
2026-07-22,MSFT-VOL,Implied Vol (Realized Proxy),0.3447741563251836
2026-07-23,MSFT-VOL,Implied Vol (Realized Proxy),0.35118718541287974
2026-07-24,MSFT-VOL,Implied Vol (Realized Proxy),0.3403161397666832
2026-07-27,MSFT-VOL,Implied Vol (Realized Proxy),0.3166453926198964
2026-07-28,MSFT-VOL,Implied Vol (Realized Proxy),0.25878624929985067
2026-07-29,MSFT-VOL,Implied Vol (Realized Proxy),0.25598886607402505
2026-07-30,MSFT-VOL,Implied Vol (Realized Proxy),0.5530854382219923
2026-07-31,MSFT-VOL,Implied Vol (Realized Proxy),0.553088538140154
2026-08-03,MSFT-VOL,Implied Vol (Realized Proxy),0.5691647926271798
2026-08-04,MSFT-VOL,Implied Vol (Realized Proxy),0.564400161387956
2026-08-05,MSFT-VOL,Implied Vol (Realized Proxy),0.5694462408062669
2026-08-06,MSFT-VOL,Implied Vol (Realized Proxy),0.563963718225947
2026-08-07,MSFT-VOL,Implied Vol (Realized Proxy),0.5645591121545672
2026-08-10,MSFT-VOL,Implied Vol (Realized Proxy),0.5632512361148054
2026-08-11,MSFT-VOL,Implied Vol (Realized Proxy),0.5663954311266559
2026-08-12,MSFT-VOL,Implied Vol (Realized Proxy),0.5713785515392199
2026-08-13,MSFT-VOL,Implied Vol (Realized Proxy),0.5685614465127048
2026-08-14,MSFT-VOL,Implied Vol (Realized Proxy),0.570439588859148
2026-08-17,MSFT-VOL,Implied Vol (Realized Proxy),0.579868631890135
2026-08-18,MSFT-VOL,Implied Vol (Realized Proxy),0.5786717919403541
2026-08-19,MSFT-VOL,Implied Vol (Realized Proxy),0.5742860639282991
2026-08-20,MSFT-VOL,Implied Vol (Realized Proxy),0.5682443220753599
2026-08-21,MSFT-VOL,Implied Vol (Realized Proxy),0.5562586866792915
2026-08-24,MSFT-VOL,Implied Vol (Realized Proxy),0.554960972952832
2026-08-25,MSFT-VOL,Implied Vol (Realized Proxy),0.5543330536913549
2026-08-26,MSFT-VOL,Implied Vol (Realized Proxy),0.5543643847379451
2026-08-27,MSFT-VOL,Implied Vol (Realized Proxy),0.5506910377867958
2026-08-28,MSFT-VOL,Implied Vol (Realized Proxy),0.2729288419335944
2026-08-31,MSFT-VOL,Implied Vol (Realized Proxy),0.26588733050267593
2026-09-01,MSFT-VOL,Implied Vol (Realized Proxy),0.21814579413927834
2026-09-02,MSFT-VOL,Implied Vol (Realized Proxy),0.21790840694603172
2026-09-03,MSFT-VOL,Implied Vol (Realized Proxy),0.23146762046053881
2024-09-04,NVDA-EQ,Equity Price,106.20999908447266
2024-09-05,NVDA-EQ,Equity Price,107.20999908447266
2024-09-06,NVDA-EQ,Equity Price,102.83000183105469
2024-09-09,NVDA-EQ,Equity Price,106.47000122070312
2024-09-10,NVDA-EQ,Equity Price,108.0999984741211
2024-09-11,NVDA-EQ,Equity Price,116.91000366210938
2024-09-12,NVDA-EQ,Equity Price,119.13999938964844
2024-09-13,NVDA-EQ,Equity Price,119.0999984741211
2024-09-16,NVDA-EQ,Equity Price,116.77999877929688
2024-09-17,NVDA-EQ,Equity Price,115.58999633789062
2024-09-18,NVDA-EQ,Equity Price,113.37000274658203
2024-09-19,NVDA-EQ,Equity Price,117.87000274658203
2024-09-20,NVDA-EQ,Equity Price,116.0
2024-09-23,NVDA-EQ,Equity Price,116.26000213623047
2024-09-24,NVDA-EQ,Equity Price,120.87000274658203
2024-09-25,NVDA-EQ,Equity Price,123.51000213623047
2024-09-26,NVDA-EQ,Equity Price,124.04000091552734
2024-09-27,NVDA-EQ,Equity Price,121.4000015258789
2024-09-30,NVDA-EQ,Equity Price,121.44000244140625
2024-10-01,NVDA-EQ,Equity Price,117.0
2024-10-02,NVDA-EQ,Equity Price,118.8499984741211
2024-10-03,NVDA-EQ,Equity Price,122.8499984741211
2024-10-04,NVDA-EQ,Equity Price,124.91999816894531
2024-10-07,NVDA-EQ,Equity Price,127.72000122070312
2024-10-08,NVDA-EQ,Equity Price,132.88999938964844
2024-10-09,NVDA-EQ,Equity Price,132.64999389648438
2024-10-10,NVDA-EQ,Equity Price,134.80999755859375
2024-10-11,NVDA-EQ,Equity Price,134.8000030517578
2024-10-14,NVDA-EQ,Equity Price,138.07000732421875
2024-10-15,NVDA-EQ,Equity Price,131.60000610351562
2024-10-16,NVDA-EQ,Equity Price,135.72000122070312
2024-10-17,NVDA-EQ,Equity Price,136.92999267578125
2024-10-18,NVDA-EQ,Equity Price,138.0
2024-10-21,NVDA-EQ,Equity Price,143.7100067138672
2024-10-22,NVDA-EQ,Equity Price,143.58999633789062
2024-10-23,NVDA-EQ,Equity Price,139.55999755859375
2024-10-24,NVDA-EQ,Equity Price,140.41000366210938
2024-10-25,NVDA-EQ,Equity Price,141.5399932861328
2024-10-28,NVDA-EQ,Equity Price,140.52000427246094
2024-10-29,NVDA-EQ,Equity Price,141.25
2024-10-30,NVDA-EQ,Equity Price,139.33999633789062
2024-10-31,NVDA-EQ,Equity Price,132.75999450683594
2024-11-01,NVDA-EQ,Equity Price,135.39999389648438
2024-11-04,NVDA-EQ,Equity Price,136.0500030517578
2024-11-05,NVDA-EQ,Equity Price,139.91000366210938
2024-11-06,NVDA-EQ,Equity Price,145.61000061035156
2024-11-07,NVDA-EQ,Equity Price,148.8800048828125
2024-11-08,NVDA-EQ,Equity Price,147.6300048828125
2024-11-11,NVDA-EQ,Equity Price,145.25999450683594
2024-11-12,NVDA-EQ,Equity Price,148.2899932861328
2024-11-13,NVDA-EQ,Equity Price,146.27000427246094
2024-11-14,NVDA-EQ,Equity Price,146.75999450683594
2024-11-15,NVDA-EQ,Equity Price,141.97999572753906
2024-11-18,NVDA-EQ,Equity Price,140.14999389648438
2024-11-19,NVDA-EQ,Equity Price,147.00999450683594
2024-11-20,NVDA-EQ,Equity Price,145.88999938964844
2024-11-21,NVDA-EQ,Equity Price,146.6699981689453
2024-11-22,NVDA-EQ,Equity Price,141.9499969482422
2024-11-25,NVDA-EQ,Equity Price,136.02000427246094
2024-11-26,NVDA-EQ,Equity Price,136.9199981689453
2024-11-27,NVDA-EQ,Equity Price,135.33999633789062
2024-11-29,NVDA-EQ,Equity Price,138.25
2024-12-02,NVDA-EQ,Equity Price,138.6300048828125
2024-12-03,NVDA-EQ,Equity Price,140.25999450683594
2024-12-04,NVDA-EQ,Equity Price,145.13999938964844
2024-12-05,NVDA-EQ,Equity Price,145.05999755859375
2024-12-06,NVDA-EQ,Equity Price,142.44000244140625
2024-12-09,NVDA-EQ,Equity Price,138.80999755859375
2024-12-10,NVDA-EQ,Equity Price,135.07000732421875
2024-12-11,NVDA-EQ,Equity Price,139.30999755859375
2024-12-12,NVDA-EQ,Equity Price,137.33999633789062
2024-12-13,NVDA-EQ,Equity Price,134.25
2024-12-16,NVDA-EQ,Equity Price,132.0
2024-12-17,NVDA-EQ,Equity Price,130.38999938964844
2024-12-18,NVDA-EQ,Equity Price,128.91000366210938
2024-12-19,NVDA-EQ,Equity Price,130.67999267578125
2024-12-20,NVDA-EQ,Equity Price,134.6999969482422
2024-12-23,NVDA-EQ,Equity Price,139.6699981689453
2024-12-24,NVDA-EQ,Equity Price,140.22000122070312
2024-12-26,NVDA-EQ,Equity Price,139.92999267578125
2024-12-27,NVDA-EQ,Equity Price,137.00999450683594
2024-12-30,NVDA-EQ,Equity Price,137.49000549316406
2024-12-31,NVDA-EQ,Equity Price,134.2899932861328
2025-01-02,NVDA-EQ,Equity Price,138.30999755859375
2025-01-03,NVDA-EQ,Equity Price,144.47000122070312
2025-01-06,NVDA-EQ,Equity Price,149.42999267578125
2025-01-07,NVDA-EQ,Equity Price,140.13999938964844
2025-01-08,NVDA-EQ,Equity Price,140.11000061035156
2025-01-10,NVDA-EQ,Equity Price,135.91000366210938
2025-01-13,NVDA-EQ,Equity Price,133.22999572753906
2025-01-14,NVDA-EQ,Equity Price,131.75999450683594
2025-01-15,NVDA-EQ,Equity Price,136.24000549316406
2025-01-16,NVDA-EQ,Equity Price,133.57000732421875
2025-01-17,NVDA-EQ,Equity Price,137.7100067138672
2025-01-21,NVDA-EQ,Equity Price,140.8300018310547
2025-01-22,NVDA-EQ,Equity Price,147.07000732421875
2025-01-23,NVDA-EQ,Equity Price,147.22000122070312
2025-01-24,NVDA-EQ,Equity Price,142.6199951171875
2025-01-27,NVDA-EQ,Equity Price,118.41999816894531
2025-01-28,NVDA-EQ,Equity Price,128.99000549316406
2025-01-29,NVDA-EQ,Equity Price,123.69999694824219
2025-01-30,NVDA-EQ,Equity Price,124.6500015258789
2025-01-31,NVDA-EQ,Equity Price,120.06999969482422
2025-02-03,NVDA-EQ,Equity Price,116.66000366210938
2025-02-04,NVDA-EQ,Equity Price,118.6500015258789
2025-02-05,NVDA-EQ,Equity Price,124.83000183105469
2025-02-06,NVDA-EQ,Equity Price,128.67999267578125
2025-02-07,NVDA-EQ,Equity Price,129.83999633789062
2025-02-10,NVDA-EQ,Equity Price,133.57000732421875
2025-02-11,NVDA-EQ,Equity Price,132.8000030517578
2025-02-12,NVDA-EQ,Equity Price,131.13999938964844
2025-02-13,NVDA-EQ,Equity Price,135.2899932861328
2025-02-14,NVDA-EQ,Equity Price,138.85000610351562
2025-02-18,NVDA-EQ,Equity Price,139.39999389648438
2025-02-19,NVDA-EQ,Equity Price,139.22999572753906
2025-02-20,NVDA-EQ,Equity Price,140.11000061035156
2025-02-21,NVDA-EQ,Equity Price,134.42999267578125
2025-02-24,NVDA-EQ,Equity Price,130.27999877929688
2025-02-25,NVDA-EQ,Equity Price,126.62999725341797
2025-02-26,NVDA-EQ,Equity Price,131.27999877929688
2025-02-27,NVDA-EQ,Equity Price,120.1500015258789
2025-02-28,NVDA-EQ,Equity Price,124.91999816894531
2025-03-03,NVDA-EQ,Equity Price,114.05999755859375
2025-03-04,NVDA-EQ,Equity Price,115.98999786376953
2025-03-05,NVDA-EQ,Equity Price,117.30000305175781
2025-03-06,NVDA-EQ,Equity Price,110.56999969482422
2025-03-07,NVDA-EQ,Equity Price,112.69000244140625
2025-03-10,NVDA-EQ,Equity Price,106.9800033569336
2025-03-11,NVDA-EQ,Equity Price,108.76000213623047
2025-03-12,NVDA-EQ,Equity Price,115.73999786376953
2025-03-13,NVDA-EQ,Equity Price,115.58000183105469
2025-03-14,NVDA-EQ,Equity Price,121.66999816894531
2025-03-17,NVDA-EQ,Equity Price,119.52999877929688
2025-03-18,NVDA-EQ,Equity Price,115.43000030517578
2025-03-19,NVDA-EQ,Equity Price,117.5199966430664
2025-03-20,NVDA-EQ,Equity Price,118.52999877929688
2025-03-21,NVDA-EQ,Equity Price,117.69999694824219
2025-03-24,NVDA-EQ,Equity Price,121.41000366210938
2025-03-25,NVDA-EQ,Equity Price,120.69000244140625
2025-03-26,NVDA-EQ,Equity Price,113.76000213623047
2025-03-27,NVDA-EQ,Equity Price,111.43000030517578
2025-03-28,NVDA-EQ,Equity Price,109.66999816894531
2025-03-31,NVDA-EQ,Equity Price,108.37999725341797
2025-04-01,NVDA-EQ,Equity Price,110.1500015258789
2025-04-02,NVDA-EQ,Equity Price,110.41999816894531
2025-04-03,NVDA-EQ,Equity Price,101.80000305175781
2025-04-04,NVDA-EQ,Equity Price,94.30999755859375
2025-04-07,NVDA-EQ,Equity Price,97.63999938964844
2025-04-08,NVDA-EQ,Equity Price,96.30000305175781
2025-04-09,NVDA-EQ,Equity Price,114.33000183105469
2025-04-10,NVDA-EQ,Equity Price,107.56999969482422
2025-04-11,NVDA-EQ,Equity Price,110.93000030517578
2025-04-14,NVDA-EQ,Equity Price,110.70999908447266
2025-04-15,NVDA-EQ,Equity Price,112.19999694824219
2025-04-16,NVDA-EQ,Equity Price,104.48999786376953
2025-04-17,NVDA-EQ,Equity Price,101.48999786376953
2025-04-21,NVDA-EQ,Equity Price,96.91000366210938
2025-04-22,NVDA-EQ,Equity Price,98.88999938964844
2025-04-23,NVDA-EQ,Equity Price,102.70999908447266
2025-04-24,NVDA-EQ,Equity Price,106.43000030517578
2025-04-25,NVDA-EQ,Equity Price,111.01000213623047
2025-04-28,NVDA-EQ,Equity Price,108.7300033569336
2025-04-29,NVDA-EQ,Equity Price,109.0199966430664
2025-04-30,NVDA-EQ,Equity Price,108.91999816894531
2025-05-01,NVDA-EQ,Equity Price,111.61000061035156
2025-05-02,NVDA-EQ,Equity Price,114.5
2025-05-05,NVDA-EQ,Equity Price,113.81999969482422
2025-05-06,NVDA-EQ,Equity Price,113.54000091552734
2025-05-07,NVDA-EQ,Equity Price,117.05999755859375
2025-05-08,NVDA-EQ,Equity Price,117.37000274658203
2025-05-09,NVDA-EQ,Equity Price,116.6500015258789
2025-05-12,NVDA-EQ,Equity Price,123.0
2025-05-13,NVDA-EQ,Equity Price,129.92999267578125
2025-05-14,NVDA-EQ,Equity Price,135.33999633789062
2025-05-15,NVDA-EQ,Equity Price,134.8300018310547
2025-05-16,NVDA-EQ,Equity Price,135.39999389648438
2025-05-19,NVDA-EQ,Equity Price,135.57000732421875
2025-05-20,NVDA-EQ,Equity Price,134.3800048828125
2025-05-21,NVDA-EQ,Equity Price,131.8000030517578
2025-05-22,NVDA-EQ,Equity Price,132.8300018310547
2025-05-23,NVDA-EQ,Equity Price,131.2899932861328
2025-05-27,NVDA-EQ,Equity Price,135.5
2025-05-28,NVDA-EQ,Equity Price,134.80999755859375
2025-05-29,NVDA-EQ,Equity Price,139.19000244140625
2025-05-30,NVDA-EQ,Equity Price,135.1300048828125
2025-06-02,NVDA-EQ,Equity Price,137.3800048828125
2025-06-03,NVDA-EQ,Equity Price,141.22000122070312
2025-06-04,NVDA-EQ,Equity Price,141.9199981689453
2025-06-05,NVDA-EQ,Equity Price,139.99000549316406
2025-06-06,NVDA-EQ,Equity Price,141.72000122070312
2025-06-09,NVDA-EQ,Equity Price,142.6300048828125
2025-06-10,NVDA-EQ,Equity Price,143.9600067138672
2025-06-11,NVDA-EQ,Equity Price,142.8300018310547
2025-06-12,NVDA-EQ,Equity Price,145.0
2025-06-13,NVDA-EQ,Equity Price,141.97000122070312
2025-06-16,NVDA-EQ,Equity Price,144.69000244140625
2025-06-17,NVDA-EQ,Equity Price,144.1199951171875
2025-06-18,NVDA-EQ,Equity Price,145.47999572753906
2025-06-20,NVDA-EQ,Equity Price,143.85000610351562
2025-06-23,NVDA-EQ,Equity Price,144.1699981689453
2025-06-24,NVDA-EQ,Equity Price,147.89999389648438
2025-06-25,NVDA-EQ,Equity Price,154.30999755859375
2025-06-26,NVDA-EQ,Equity Price,155.02000427246094
2025-06-27,NVDA-EQ,Equity Price,157.75
2025-06-30,NVDA-EQ,Equity Price,157.99000549316406
2025-07-01,NVDA-EQ,Equity Price,153.3000030517578
2025-07-02,NVDA-EQ,Equity Price,157.25
2025-07-03,NVDA-EQ,Equity Price,159.33999633789062
2025-07-07,NVDA-EQ,Equity Price,158.24000549316406
2025-07-08,NVDA-EQ,Equity Price,160.0
2025-07-09,NVDA-EQ,Equity Price,162.8800048828125
2025-07-10,NVDA-EQ,Equity Price,164.10000610351562
2025-07-11,NVDA-EQ,Equity Price,164.9199981689453
2025-07-14,NVDA-EQ,Equity Price,164.07000732421875
2025-07-15,NVDA-EQ,Equity Price,170.6999969482422
2025-07-16,NVDA-EQ,Equity Price,171.3699951171875
2025-07-17,NVDA-EQ,Equity Price,173.0
2025-07-18,NVDA-EQ,Equity Price,172.41000366210938
2025-07-21,NVDA-EQ,Equity Price,171.3800048828125
2025-07-22,NVDA-EQ,Equity Price,167.02999877929688
2025-07-23,NVDA-EQ,Equity Price,170.77999877929688
2025-07-24,NVDA-EQ,Equity Price,173.74000549316406
2025-07-25,NVDA-EQ,Equity Price,173.5
2025-07-28,NVDA-EQ,Equity Price,176.75
2025-07-29,NVDA-EQ,Equity Price,175.50999450683594
2025-07-30,NVDA-EQ,Equity Price,179.27000427246094
2025-07-31,NVDA-EQ,Equity Price,177.8699951171875
2025-08-01,NVDA-EQ,Equity Price,173.72000122070312
2025-08-04,NVDA-EQ,Equity Price,180.0
2025-08-05,NVDA-EQ,Equity Price,178.25999450683594
2025-08-06,NVDA-EQ,Equity Price,179.4199981689453
2025-08-07,NVDA-EQ,Equity Price,180.77000427246094
2025-08-08,NVDA-EQ,Equity Price,182.6999969482422
2025-08-11,NVDA-EQ,Equity Price,182.05999755859375
2025-08-12,NVDA-EQ,Equity Price,183.16000366210938
2025-08-13,NVDA-EQ,Equity Price,181.58999633789062
2025-08-14,NVDA-EQ,Equity Price,182.02000427246094
2025-08-15,NVDA-EQ,Equity Price,180.4499969482422
2025-08-18,NVDA-EQ,Equity Price,182.00999450683594
2025-08-19,NVDA-EQ,Equity Price,175.63999938964844
2025-08-20,NVDA-EQ,Equity Price,175.39999389648438
2025-08-21,NVDA-EQ,Equity Price,174.97999572753906
2025-08-22,NVDA-EQ,Equity Price,177.99000549316406
2025-08-25,NVDA-EQ,Equity Price,179.80999755859375
2025-08-26,NVDA-EQ,Equity Price,181.77000427246094
2025-08-27,NVDA-EQ,Equity Price,181.60000610351562
2025-08-28,NVDA-EQ,Equity Price,180.1699981689453
2025-08-29,NVDA-EQ,Equity Price,174.17999267578125
2025-09-02,NVDA-EQ,Equity Price,170.77999877929688
2025-09-03,NVDA-EQ,Equity Price,170.6199951171875
2025-09-04,NVDA-EQ,Equity Price,171.66000366210938
2025-09-05,NVDA-EQ,Equity Price,167.02000427246094
2025-09-08,NVDA-EQ,Equity Price,168.30999755859375
2025-09-09,NVDA-EQ,Equity Price,170.75999450683594
2025-09-10,NVDA-EQ,Equity Price,177.3300018310547
2025-09-11,NVDA-EQ,Equity Price,177.1699981689453
2025-09-12,NVDA-EQ,Equity Price,177.82000732421875
2025-09-15,NVDA-EQ,Equity Price,177.75
2025-09-16,NVDA-EQ,Equity Price,174.8800048828125
2025-09-17,NVDA-EQ,Equity Price,170.2899932861328
2025-09-18,NVDA-EQ,Equity Price,176.24000549316406
2025-09-19,NVDA-EQ,Equity Price,176.6699981689453
2025-09-22,NVDA-EQ,Equity Price,183.61000061035156
2025-09-23,NVDA-EQ,Equity Price,178.42999267578125
2025-09-24,NVDA-EQ,Equity Price,176.97000122070312
2025-09-25,NVDA-EQ,Equity Price,177.69000244140625
2025-09-26,NVDA-EQ,Equity Price,178.19000244140625
2025-09-29,NVDA-EQ,Equity Price,181.85000610351562
2025-09-30,NVDA-EQ,Equity Price,186.5800018310547
2025-10-01,NVDA-EQ,Equity Price,187.24000549316406
2025-10-02,NVDA-EQ,Equity Price,188.88999938964844
2025-10-03,NVDA-EQ,Equity Price,187.6199951171875
2025-10-06,NVDA-EQ,Equity Price,185.5399932861328
2025-10-07,NVDA-EQ,Equity Price,185.0399932861328
2025-10-08,NVDA-EQ,Equity Price,189.11000061035156
2025-10-09,NVDA-EQ,Equity Price,192.57000732421875
2025-10-10,NVDA-EQ,Equity Price,183.16000366210938
2025-10-13,NVDA-EQ,Equity Price,188.32000732421875
2025-10-14,NVDA-EQ,Equity Price,180.02999877929688
2025-10-15,NVDA-EQ,Equity Price,179.8300018310547
2025-10-16,NVDA-EQ,Equity Price,181.80999755859375
2025-10-17,NVDA-EQ,Equity Price,183.22000122070312
2025-10-20,NVDA-EQ,Equity Price,182.63999938964844
2025-10-21,NVDA-EQ,Equity Price,181.16000366210938
2025-10-22,NVDA-EQ,Equity Price,180.27999877929688
2025-10-23,NVDA-EQ,Equity Price,182.16000366210938
2025-10-24,NVDA-EQ,Equity Price,186.25999450683594
2025-10-27,NVDA-EQ,Equity Price,191.49000549316406
2025-10-28,NVDA-EQ,Equity Price,201.02999877929688
2025-10-29,NVDA-EQ,Equity Price,207.0399932861328
2025-10-30,NVDA-EQ,Equity Price,202.88999938964844
2025-10-31,NVDA-EQ,Equity Price,202.49000549316406
2025-11-03,NVDA-EQ,Equity Price,206.8800048828125
2025-11-04,NVDA-EQ,Equity Price,198.69000244140625
2025-11-05,NVDA-EQ,Equity Price,195.2100067138672
2025-11-06,NVDA-EQ,Equity Price,188.0800018310547
2025-11-07,NVDA-EQ,Equity Price,188.14999389648438
2025-11-10,NVDA-EQ,Equity Price,199.0500030517578
2025-11-11,NVDA-EQ,Equity Price,193.16000366210938
2025-11-12,NVDA-EQ,Equity Price,193.8000030517578
2025-11-13,NVDA-EQ,Equity Price,186.86000061035156
2025-11-14,NVDA-EQ,Equity Price,190.1699981689453
2025-11-17,NVDA-EQ,Equity Price,186.60000610351562
2025-11-18,NVDA-EQ,Equity Price,181.36000061035156
2025-11-19,NVDA-EQ,Equity Price,186.52000427246094
2025-11-20,NVDA-EQ,Equity Price,180.63999938964844
2025-11-21,NVDA-EQ,Equity Price,178.8800048828125
2025-11-24,NVDA-EQ,Equity Price,182.5500030517578
2025-11-25,NVDA-EQ,Equity Price,177.82000732421875
2025-11-26,NVDA-EQ,Equity Price,180.25999450683594
2025-11-28,NVDA-EQ,Equity Price,177.0
2025-12-01,NVDA-EQ,Equity Price,179.9199981689453
2025-12-02,NVDA-EQ,Equity Price,181.4600067138672
2025-12-03,NVDA-EQ,Equity Price,179.58999633789062
2025-12-04,NVDA-EQ,Equity Price,183.3800048828125
2025-12-05,NVDA-EQ,Equity Price,182.41000366210938
2025-12-08,NVDA-EQ,Equity Price,185.5500030517578
2025-12-09,NVDA-EQ,Equity Price,184.97000122070312
2025-12-10,NVDA-EQ,Equity Price,183.77999877929688
2025-12-11,NVDA-EQ,Equity Price,180.92999267578125
2025-12-12,NVDA-EQ,Equity Price,175.02000427246094
2025-12-15,NVDA-EQ,Equity Price,176.2899932861328
2025-12-16,NVDA-EQ,Equity Price,177.72000122070312
2025-12-17,NVDA-EQ,Equity Price,170.94000244140625
2025-12-18,NVDA-EQ,Equity Price,174.13999938964844
2025-12-19,NVDA-EQ,Equity Price,180.99000549316406
2025-12-22,NVDA-EQ,Equity Price,183.69000244140625
2025-12-23,NVDA-EQ,Equity Price,189.2100067138672
2025-12-24,NVDA-EQ,Equity Price,188.61000061035156
2025-12-26,NVDA-EQ,Equity Price,190.52999877929688
2025-12-29,NVDA-EQ,Equity Price,188.22000122070312
2025-12-30,NVDA-EQ,Equity Price,187.5399932861328
2025-12-31,NVDA-EQ,Equity Price,186.5
2026-01-02,NVDA-EQ,Equity Price,188.85000610351562
2026-01-05,NVDA-EQ,Equity Price,188.1199951171875
2026-01-06,NVDA-EQ,Equity Price,187.24000549316406
2026-01-07,NVDA-EQ,Equity Price,189.11000061035156
2026-01-08,NVDA-EQ,Equity Price,185.0399932861328
2026-01-09,NVDA-EQ,Equity Price,184.86000061035156
2026-01-12,NVDA-EQ,Equity Price,184.94000244140625
2026-01-13,NVDA-EQ,Equity Price,185.80999755859375
2026-01-14,NVDA-EQ,Equity Price,183.13999938964844
2026-01-15,NVDA-EQ,Equity Price,187.0500030517578
2026-01-16,NVDA-EQ,Equity Price,186.22999572753906
2026-01-20,NVDA-EQ,Equity Price,178.07000732421875
2026-01-21,NVDA-EQ,Equity Price,183.32000732421875
2026-01-22,NVDA-EQ,Equity Price,184.83999633789062
2026-01-23,NVDA-EQ,Equity Price,187.6699981689453
2026-01-26,NVDA-EQ,Equity Price,186.47000122070312
2026-01-27,NVDA-EQ,Equity Price,188.52000427246094
2026-01-28,NVDA-EQ,Equity Price,191.52000427246094
2026-01-29,NVDA-EQ,Equity Price,192.50999450683594
2026-01-30,NVDA-EQ,Equity Price,191.1300048828125
2026-02-02,NVDA-EQ,Equity Price,185.61000061035156
2026-02-03,NVDA-EQ,Equity Price,180.33999633789062
2026-02-04,NVDA-EQ,Equity Price,174.19000244140625
2026-02-05,NVDA-EQ,Equity Price,171.8800048828125
2026-02-06,NVDA-EQ,Equity Price,185.41000366210938
2026-02-09,NVDA-EQ,Equity Price,190.0399932861328
2026-02-10,NVDA-EQ,Equity Price,188.5399932861328
2026-02-11,NVDA-EQ,Equity Price,190.0500030517578
2026-02-12,NVDA-EQ,Equity Price,186.94000244140625
2026-02-13,NVDA-EQ,Equity Price,182.80999755859375
2026-02-17,NVDA-EQ,Equity Price,184.97000122070312
2026-02-18,NVDA-EQ,Equity Price,187.97999572753906
2026-02-19,NVDA-EQ,Equity Price,187.89999389648438
2026-02-20,NVDA-EQ,Equity Price,189.82000732421875
2026-02-23,NVDA-EQ,Equity Price,191.5500030517578
2026-02-24,NVDA-EQ,Equity Price,192.85000610351562
2026-02-25,NVDA-EQ,Equity Price,195.55999755859375
2026-02-26,NVDA-EQ,Equity Price,184.88999938964844
2026-02-27,NVDA-EQ,Equity Price,177.19000244140625
2026-03-02,NVDA-EQ,Equity Price,182.47999572753906
2026-03-03,NVDA-EQ,Equity Price,180.0500030517578
2026-03-04,NVDA-EQ,Equity Price,183.0399932861328
2026-03-05,NVDA-EQ,Equity Price,183.33999633789062
2026-03-06,NVDA-EQ,Equity Price,177.82000732421875
2026-03-09,NVDA-EQ,Equity Price,182.64999389648438
2026-03-10,NVDA-EQ,Equity Price,184.77000427246094
2026-03-11,NVDA-EQ,Equity Price,186.02999877929688
2026-03-12,NVDA-EQ,Equity Price,183.13999938964844
2026-03-13,NVDA-EQ,Equity Price,180.25
2026-03-16,NVDA-EQ,Equity Price,183.22000122070312
2026-03-17,NVDA-EQ,Equity Price,181.92999267578125
2026-03-18,NVDA-EQ,Equity Price,180.39999389648438
2026-03-19,NVDA-EQ,Equity Price,178.55999755859375
2026-03-20,NVDA-EQ,Equity Price,172.6999969482422
2026-03-23,NVDA-EQ,Equity Price,175.63999938964844
2026-03-24,NVDA-EQ,Equity Price,175.1999969482422
2026-03-25,NVDA-EQ,Equity Price,178.67999267578125
2026-03-26,NVDA-EQ,Equity Price,171.24000549316406
2026-03-27,NVDA-EQ,Equity Price,167.52000427246094
2026-03-30,NVDA-EQ,Equity Price,165.1699981689453
2026-03-31,NVDA-EQ,Equity Price,174.39999389648438
2026-04-01,NVDA-EQ,Equity Price,175.75
2026-04-02,NVDA-EQ,Equity Price,177.38999938964844
2026-04-06,NVDA-EQ,Equity Price,177.63999938964844
2026-04-07,NVDA-EQ,Equity Price,178.10000610351562
2026-04-08,NVDA-EQ,Equity Price,182.0800018310547
2026-04-09,NVDA-EQ,Equity Price,183.91000366210938
2026-04-10,NVDA-EQ,Equity Price,188.6300048828125
2026-04-13,NVDA-EQ,Equity Price,189.30999755859375
2026-04-14,NVDA-EQ,Equity Price,196.50999450683594
2026-04-15,NVDA-EQ,Equity Price,198.8699951171875
2026-04-16,NVDA-EQ,Equity Price,198.35000610351562
2026-04-17,NVDA-EQ,Equity Price,201.67999267578125
2026-04-20,NVDA-EQ,Equity Price,202.05999755859375
2026-04-21,NVDA-EQ,Equity Price,199.8800048828125
2026-04-22,NVDA-EQ,Equity Price,202.5
2026-04-23,NVDA-EQ,Equity Price,199.63999938964844
2026-04-24,NVDA-EQ,Equity Price,208.27000427246094
2026-04-27,NVDA-EQ,Equity Price,216.61000061035156
2026-04-28,NVDA-EQ,Equity Price,213.1699981689453
2026-04-29,NVDA-EQ,Equity Price,209.25
2026-04-30,NVDA-EQ,Equity Price,199.57000732421875
2026-05-01,NVDA-EQ,Equity Price,198.4499969482422
2026-05-04,NVDA-EQ,Equity Price,198.47999572753906
2026-05-05,NVDA-EQ,Equity Price,196.5
2026-05-06,NVDA-EQ,Equity Price,207.8300018310547
2026-05-07,NVDA-EQ,Equity Price,211.5
2026-05-08,NVDA-EQ,Equity Price,215.1999969482422
2026-05-11,NVDA-EQ,Equity Price,219.44000244140625
2026-05-12,NVDA-EQ,Equity Price,220.77999877929688
2026-05-13,NVDA-EQ,Equity Price,225.8300018310547
2026-05-14,NVDA-EQ,Equity Price,235.74000549316406
2026-05-15,NVDA-EQ,Equity Price,225.32000732421875
2026-05-18,NVDA-EQ,Equity Price,222.32000732421875
2026-05-19,NVDA-EQ,Equity Price,220.61000061035156
2026-05-20,NVDA-EQ,Equity Price,223.47000122070312
2026-05-21,NVDA-EQ,Equity Price,219.50999450683594
2026-05-22,NVDA-EQ,Equity Price,215.3300018310547
2026-05-26,NVDA-EQ,Equity Price,214.86000061035156
2026-05-27,NVDA-EQ,Equity Price,212.60000610351562
2026-05-28,NVDA-EQ,Equity Price,214.25
2026-05-29,NVDA-EQ,Equity Price,211.13999938964844
2026-06-01,NVDA-EQ,Equity Price,224.36000061035156
2026-06-02,NVDA-EQ,Equity Price,222.82000732421875
2026-06-03,NVDA-EQ,Equity Price,214.75
2026-06-04,NVDA-EQ,Equity Price,218.66000366210938
2026-06-05,NVDA-EQ,Equity Price,205.10000610351562
2026-06-08,NVDA-EQ,Equity Price,208.63999938964844
2026-06-09,NVDA-EQ,Equity Price,208.19000244140625
2026-06-10,NVDA-EQ,Equity Price,200.4199981689453
2026-06-11,NVDA-EQ,Equity Price,204.8699951171875
2026-06-12,NVDA-EQ,Equity Price,205.19000244140625
2026-06-15,NVDA-EQ,Equity Price,212.4499969482422
2026-06-16,NVDA-EQ,Equity Price,207.41000366210938
2026-06-17,NVDA-EQ,Equity Price,204.64999389648438
2026-06-18,NVDA-EQ,Equity Price,210.69000244140625
2026-06-22,NVDA-EQ,Equity Price,208.64999389648438
2026-06-23,NVDA-EQ,Equity Price,200.0399932861328
2026-06-24,NVDA-EQ,Equity Price,199.0
2026-06-25,NVDA-EQ,Equity Price,195.74000549316406
2026-06-26,NVDA-EQ,Equity Price,192.52999877929688
2026-06-29,NVDA-EQ,Equity Price,194.97000122070312
2026-06-30,NVDA-EQ,Equity Price,200.08999633789062
2026-07-01,NVDA-EQ,Equity Price,197.5800018310547
2026-07-02,NVDA-EQ,Equity Price,194.8300018310547
2026-07-06,NVDA-EQ,Equity Price,195.5500030517578
2026-07-07,NVDA-EQ,Equity Price,196.92999267578125
2026-07-08,NVDA-EQ,Equity Price,204.1199951171875
2026-07-09,NVDA-EQ,Equity Price,202.77999877929688
2026-07-10,NVDA-EQ,Equity Price,210.9600067138672
2026-07-13,NVDA-EQ,Equity Price,203.52999877929688
2026-07-14,NVDA-EQ,Equity Price,211.8000030517578
2026-07-15,NVDA-EQ,Equity Price,212.5
2026-07-16,NVDA-EQ,Equity Price,207.39999389648438
2026-07-17,NVDA-EQ,Equity Price,202.80999755859375
2026-07-20,NVDA-EQ,Equity Price,203.27999877929688
2026-07-21,NVDA-EQ,Equity Price,207.2899932861328
2026-07-22,NVDA-EQ,Equity Price,212.05999755859375
2026-07-23,NVDA-EQ,Equity Price,208.75999450683594
2026-07-24,NVDA-EQ,Equity Price,206.83999633789062
2026-07-27,NVDA-EQ,Equity Price,196.50999450683594
2026-07-28,NVDA-EQ,Equity Price,197.00999450683594
2026-07-29,NVDA-EQ,Equity Price,190.00999450683594
2026-07-30,NVDA-EQ,Equity Price,195.0399932861328
2026-07-31,NVDA-EQ,Equity Price,200.75
2026-08-03,NVDA-EQ,Equity Price,206.63999938964844
2026-08-04,NVDA-EQ,Equity Price,211.94000244140625
2026-08-05,NVDA-EQ,Equity Price,219.22000122070312
2026-08-06,NVDA-EQ,Equity Price,218.99000549316406
2026-08-07,NVDA-EQ,Equity Price,223.9600067138672
2026-08-10,NVDA-EQ,Equity Price,217.5500030517578
2026-08-11,NVDA-EQ,Equity Price,217.5
2026-08-12,NVDA-EQ,Equity Price,224.08999633789062
2026-08-13,NVDA-EQ,Equity Price,225.3000030517578
2026-08-14,NVDA-EQ,Equity Price,225.16000366210938
2026-08-17,NVDA-EQ,Equity Price,225.00999450683594
2026-08-18,NVDA-EQ,Equity Price,219.74000549316406
2026-08-19,NVDA-EQ,Equity Price,217.55999755859375
2026-08-20,NVDA-EQ,Equity Price,216.85000610351562
2026-08-21,NVDA-EQ,Equity Price,214.72000122070312
2026-08-24,NVDA-EQ,Equity Price,208.47999572753906
2026-08-25,NVDA-EQ,Equity Price,213.0500030517578
2026-08-26,NVDA-EQ,Equity Price,209.66000366210938
2026-08-27,NVDA-EQ,Equity Price,227.97999572753906
2026-08-28,NVDA-EQ,Equity Price,217.5500030517578
2026-08-31,NVDA-EQ,Equity Price,220.77999877929688
2026-09-01,NVDA-EQ,Equity Price,217.44000244140625
2026-09-02,NVDA-EQ,Equity Price,224.41000366210938
2026-09-03,NVDA-EQ,Equity Price,228.4499969482422
2024-10-03,NVDA-VOL,Implied Vol (Realized Proxy),0.457184938341967
2024-10-04,NVDA-VOL,Implied Vol (Realized Proxy),0.45838363401151644
2024-10-07,NVDA-VOL,Implied Vol (Realized Proxy),0.42451871688990367
2024-10-08,NVDA-VOL,Implied Vol (Realized Proxy),0.4283941855763676
2024-10-09,NVDA-VOL,Implied Vol (Realized Proxy),0.4301195951938668
2024-10-10,NVDA-VOL,Implied Vol (Realized Proxy),0.3519947302112641
2024-10-11,NVDA-VOL,Implied Vol (Realized Proxy),0.34989842843601643
2024-10-14,NVDA-VOL,Implied Vol (Realized Proxy),0.35455605543667007
2024-10-15,NVDA-VOL,Implied Vol (Realized Proxy),0.3929361976751291
2024-10-16,NVDA-VOL,Implied Vol (Realized Proxy),0.39768158565289724
2024-10-17,NVDA-VOL,Implied Vol (Realized Proxy),0.3853301114184745
2024-10-18,NVDA-VOL,Implied Vol (Realized Proxy),0.3696285969530625
2024-10-21,NVDA-VOL,Implied Vol (Realized Proxy),0.3761648388432125
2024-10-22,NVDA-VOL,Implied Vol (Realized Proxy),0.37713419567354595
2024-10-23,NVDA-VOL,Implied Vol (Realized Proxy),0.3843575509542298
2024-10-24,NVDA-VOL,Implied Vol (Realized Proxy),0.3805897016568534
2024-10-25,NVDA-VOL,Implied Vol (Realized Proxy),0.3805838903773531
2024-10-28,NVDA-VOL,Implied Vol (Realized Proxy),0.37052343041790886
2024-10-29,NVDA-VOL,Implied Vol (Realized Proxy),0.3698091597923711
2024-10-30,NVDA-VOL,Implied Vol (Realized Proxy),0.34204384945097527
2024-10-31,NVDA-VOL,Implied Vol (Realized Proxy),0.39287196478517533
2024-11-01,NVDA-VOL,Implied Vol (Realized Proxy),0.383536982377437
2024-11-04,NVDA-VOL,Implied Vol (Realized Proxy),0.3810219707373304
2024-11-05,NVDA-VOL,Implied Vol (Realized Proxy),0.38501075182906264
2024-11-06,NVDA-VOL,Implied Vol (Realized Proxy),0.3853020346214318
2024-11-07,NVDA-VOL,Implied Vol (Realized Proxy),0.3894235617851853
2024-11-08,NVDA-VOL,Implied Vol (Realized Proxy),0.39025845386810704
2024-11-11,NVDA-VOL,Implied Vol (Realized Proxy),0.39648737127045225
2024-11-12,NVDA-VOL,Implied Vol (Realized Proxy),0.3944935505152287
2024-11-13,NVDA-VOL,Implied Vol (Realized Proxy),0.3540200481660663
2024-11-14,NVDA-VOL,Implied Vol (Realized Proxy),0.3413644257489415
2024-11-15,NVDA-VOL,Implied Vol (Realized Proxy),0.36364083798070246
2024-11-18,NVDA-VOL,Implied Vol (Realized Proxy),0.3663814390437219
2024-11-19,NVDA-VOL,Implied Vol (Realized Proxy),0.37700320619310995
2024-11-20,NVDA-VOL,Implied Vol (Realized Proxy),0.3781762866068051
2024-11-21,NVDA-VOL,Implied Vol (Realized Proxy),0.36309039522351166
2024-11-22,NVDA-VOL,Implied Vol (Realized Proxy),0.3824417550417712
2024-11-25,NVDA-VOL,Implied Vol (Realized Proxy),0.40929006595154294
2024-11-26,NVDA-VOL,Implied Vol (Realized Proxy),0.4098202265492538
2024-11-27,NVDA-VOL,Implied Vol (Realized Proxy),0.41063340552069916
2024-11-29,NVDA-VOL,Implied Vol (Realized Proxy),0.41598766893417377
2024-12-02,NVDA-VOL,Implied Vol (Realized Proxy),0.37758437261378297
2024-12-03,NVDA-VOL,Implied Vol (Realized Proxy),0.373876247498333
2024-12-04,NVDA-VOL,Implied Vol (Realized Proxy),0.3904729213223794
2024-12-05,NVDA-VOL,Implied Vol (Realized Proxy),0.37991661291646234
2024-12-06,NVDA-VOL,Implied Vol (Realized Proxy),0.3590596258036488
2024-12-09,NVDA-VOL,Implied Vol (Realized Proxy),0.35840419442753624
2024-12-10,NVDA-VOL,Implied Vol (Realized Proxy),0.3676365244639028
2024-12-11,NVDA-VOL,Implied Vol (Realized Proxy),0.3841714258292996
2024-12-12,NVDA-VOL,Implied Vol (Realized Proxy),0.37721635936960585
2024-12-13,NVDA-VOL,Implied Vol (Realized Proxy),0.381530271165776
2024-12-16,NVDA-VOL,Implied Vol (Realized Proxy),0.383007311862136
2024-12-17,NVDA-VOL,Implied Vol (Realized Proxy),0.3703611445434034
2024-12-18,NVDA-VOL,Implied Vol (Realized Proxy),0.3699276543330975
2024-12-19,NVDA-VOL,Implied Vol (Realized Proxy),0.326021897000433
2024-12-20,NVDA-VOL,Implied Vol (Realized Proxy),0.34873766801159406
2024-12-23,NVDA-VOL,Implied Vol (Realized Proxy),0.3744156204771737
2024-12-24,NVDA-VOL,Implied Vol (Realized Proxy),0.35811283978427066
2024-12-26,NVDA-VOL,Implied Vol (Realized Proxy),0.32397967784559667
2024-12-27,NVDA-VOL,Implied Vol (Realized Proxy),0.33241531506217087
2024-12-30,NVDA-VOL,Implied Vol (Realized Proxy),0.3298603572893412
2024-12-31,NVDA-VOL,Implied Vol (Realized Proxy),0.3312636697854031
2025-01-02,NVDA-VOL,Implied Vol (Realized Proxy),0.34800340360320603
2025-01-03,NVDA-VOL,Implied Vol (Realized Proxy),0.37787177736330724
2025-01-06,NVDA-VOL,Implied Vol (Realized Proxy),0.3773881722482173
2025-01-07,NVDA-VOL,Implied Vol (Realized Proxy),0.44059379248464997
2025-01-08,NVDA-VOL,Implied Vol (Realized Proxy),0.43645024947546057
2025-01-10,NVDA-VOL,Implied Vol (Realized Proxy),0.4400671016380286
2025-01-13,NVDA-VOL,Implied Vol (Realized Proxy),0.4352147561751282
2025-01-14,NVDA-VOL,Implied Vol (Realized Proxy),0.42092256271547035
2025-01-15,NVDA-VOL,Implied Vol (Realized Proxy),0.4364979586399616
2025-01-16,NVDA-VOL,Implied Vol (Realized Proxy),0.43470109161451054
2025-01-17,NVDA-VOL,Implied Vol (Realized Proxy),0.4427695723783286
2025-01-21,NVDA-VOL,Implied Vol (Realized Proxy),0.44495828363864137
2025-01-22,NVDA-VOL,Implied Vol (Realized Proxy),0.4617007539531669
2025-01-23,NVDA-VOL,Implied Vol (Realized Proxy),0.4612347306874363
2025-01-24,NVDA-VOL,Implied Vol (Realized Proxy),0.4695008155278323
2025-01-27,NVDA-VOL,Implied Vol (Realized Proxy),0.7906715917552003
2025-01-28,NVDA-VOL,Implied Vol (Realized Proxy),0.8539514486407263
2025-01-29,NVDA-VOL,Implied Vol (Realized Proxy),0.8639073846849764
2025-01-30,NVDA-VOL,Implied Vol (Realized Proxy),0.8632647735867247
2025-01-31,NVDA-VOL,Implied Vol (Realized Proxy),0.8701034999719162
2025-02-03,NVDA-VOL,Implied Vol (Realized Proxy),0.8715958813414512
2025-02-04,NVDA-VOL,Implied Vol (Realized Proxy),0.8660843858966277
2025-02-05,NVDA-VOL,Implied Vol (Realized Proxy),0.8717544061033384
2025-02-06,NVDA-VOL,Implied Vol (Realized Proxy),0.8698417545799322
2025-02-07,NVDA-VOL,Implied Vol (Realized Proxy),0.8459566976925452
2025-02-10,NVDA-VOL,Implied Vol (Realized Proxy),0.8531560427776296
2025-02-11,NVDA-VOL,Implied Vol (Realized Proxy),0.8471568519423271
2025-02-12,NVDA-VOL,Implied Vol (Realized Proxy),0.8454833798483897
2025-02-13,NVDA-VOL,Implied Vol (Realized Proxy),0.851617179407284
2025-02-14,NVDA-VOL,Implied Vol (Realized Proxy),0.8484510164067576
2025-02-18,NVDA-VOL,Implied Vol (Realized Proxy),0.8451337919353088
2025-02-19,NVDA-VOL,Implied Vol (Realized Proxy),0.8387805527586834
2025-02-20,NVDA-VOL,Implied Vol (Realized Proxy),0.8353355204999143
2025-02-21,NVDA-VOL,Implied Vol (Realized Proxy),0.8311746742959633
2025-02-24,NVDA-VOL,Implied Vol (Realized Proxy),0.8361264118492003
2025-02-25,NVDA-VOL,Implied Vol (Realized Proxy),0.8349049745166351
2025-02-26,NVDA-VOL,Implied Vol (Realized Proxy),0.5290589289047677
2025-02-27,NVDA-VOL,Implied Vol (Realized Proxy),0.5385568367157391
2025-02-28,NVDA-VOL,Implied Vol (Realized Proxy),0.5385286582919071
2025-03-03,NVDA-VOL,Implied Vol (Realized Proxy),0.6235601069451437
2025-03-04,NVDA-VOL,Implied Vol (Realized Proxy),0.6154104278007859
2025-03-05,NVDA-VOL,Implied Vol (Realized Proxy),0.6087358552589938
2025-03-06,NVDA-VOL,Implied Vol (Realized Proxy),0.6387303453820516
2025-03-07,NVDA-VOL,Implied Vol (Realized Proxy),0.6137925438462063
2025-03-10,NVDA-VOL,Implied Vol (Realized Proxy),0.6204831468975844
2025-03-11,NVDA-VOL,Implied Vol (Realized Proxy),0.6237386433994709
2025-03-12,NVDA-VOL,Implied Vol (Realized Proxy),0.6589444139397777
2025-03-13,NVDA-VOL,Implied Vol (Realized Proxy),0.6592080716459097
2025-03-14,NVDA-VOL,Implied Vol (Realized Proxy),0.6884671268520656
2025-03-17,NVDA-VOL,Implied Vol (Realized Proxy),0.6781529957638706
2025-03-18,NVDA-VOL,Implied Vol (Realized Proxy),0.6748847545075041
2025-03-19,NVDA-VOL,Implied Vol (Realized Proxy),0.6799365267851146
2025-03-20,NVDA-VOL,Implied Vol (Realized Proxy),0.6820290515790252
2025-03-21,NVDA-VOL,Implied Vol (Realized Proxy),0.6801505372977412
2025-03-24,NVDA-VOL,Implied Vol (Realized Proxy),0.682026461916117
2025-03-25,NVDA-VOL,Implied Vol (Realized Proxy),0.6752296600799595
2025-03-26,NVDA-VOL,Implied Vol (Realized Proxy),0.6974500149783941
2025-03-27,NVDA-VOL,Implied Vol (Realized Proxy),0.682798003167438
2025-03-28,NVDA-VOL,Implied Vol (Realized Proxy),0.6177732484243531
2025-03-31,NVDA-VOL,Implied Vol (Realized Proxy),0.5976650846660067
2025-04-01,NVDA-VOL,Implied Vol (Realized Proxy),0.5173587780239801
2025-04-02,NVDA-VOL,Implied Vol (Realized Proxy),0.5132884489447718
2025-04-03,NVDA-VOL,Implied Vol (Realized Proxy),0.5783777454733098
2025-04-04,NVDA-VOL,Implied Vol (Realized Proxy),0.6008271885615833
2025-04-07,NVDA-VOL,Implied Vol (Realized Proxy),0.6119398470769911
2025-04-08,NVDA-VOL,Implied Vol (Realized Proxy),0.5903396814135947
2025-04-09,NVDA-VOL,Implied Vol (Realized Proxy),0.8493091813722236
2025-04-10,NVDA-VOL,Implied Vol (Realized Proxy),0.8471478387964771
2025-04-11,NVDA-VOL,Implied Vol (Realized Proxy),0.8554290841496834
2025-04-14,NVDA-VOL,Implied Vol (Realized Proxy),0.8332168789775731
2025-04-15,NVDA-VOL,Implied Vol (Realized Proxy),0.8339534700689508
2025-04-16,NVDA-VOL,Implied Vol (Realized Proxy),0.8604898222069
2025-04-17,NVDA-VOL,Implied Vol (Realized Proxy),0.8603044000148596
2025-04-21,NVDA-VOL,Implied Vol (Realized Proxy),0.8686995846422878
2025-04-22,NVDA-VOL,Implied Vol (Realized Proxy),0.8748206757018808
2025-04-23,NVDA-VOL,Implied Vol (Realized Proxy),0.8790236093072522
2025-04-24,NVDA-VOL,Implied Vol (Realized Proxy),0.8919002589774893
2025-04-25,NVDA-VOL,Implied Vol (Realized Proxy),0.8848273564873921
2025-04-28,NVDA-VOL,Implied Vol (Realized Proxy),0.8848435476679468
2025-04-29,NVDA-VOL,Implied Vol (Realized Proxy),0.8832800023351274
2025-04-30,NVDA-VOL,Implied Vol (Realized Proxy),0.8822904929540855
2025-05-01,NVDA-VOL,Implied Vol (Realized Proxy),0.8846131596840229
2025-05-02,NVDA-VOL,Implied Vol (Realized Proxy),0.8888270310788388
2025-05-05,NVDA-VOL,Implied Vol (Realized Proxy),0.8369786098278468
2025-05-06,NVDA-VOL,Implied Vol (Realized Proxy),0.7834745133099622
2025-05-07,NVDA-VOL,Implied Vol (Realized Proxy),0.7818720445714191
2025-05-08,NVDA-VOL,Implied Vol (Realized Proxy),0.7779842449973209
2025-05-09,NVDA-VOL,Implied Vol (Realized Proxy),0.507807295460865
2025-05-12,NVDA-VOL,Implied Vol (Realized Proxy),0.48572452144604694
2025-05-13,NVDA-VOL,Implied Vol (Realized Proxy),0.5075886147526099
2025-05-14,NVDA-VOL,Implied Vol (Realized Proxy),0.5189905239226305
2025-05-15,NVDA-VOL,Implied Vol (Realized Proxy),0.5208023522798023
2025-05-16,NVDA-VOL,Implied Vol (Realized Proxy),0.4330832622823156
2025-05-19,NVDA-VOL,Implied Vol (Realized Proxy),0.40851586549784924
2025-05-20,NVDA-VOL,Implied Vol (Realized Proxy),0.35662151953988697
2025-05-21,NVDA-VOL,Implied Vol (Realized Proxy),0.3759744133950622
2025-05-22,NVDA-VOL,Implied Vol (Realized Proxy),0.36586650400709114
2025-05-23,NVDA-VOL,Implied Vol (Realized Proxy),0.36450188263582767
2025-05-27,NVDA-VOL,Implied Vol (Realized Proxy),0.3544607764555538
2025-05-28,NVDA-VOL,Implied Vol (Realized Proxy),0.3415470295210104
2025-05-29,NVDA-VOL,Implied Vol (Realized Proxy),0.3483800961849021
2025-05-30,NVDA-VOL,Implied Vol (Realized Proxy),0.37458713401712956
2025-06-02,NVDA-VOL,Implied Vol (Realized Proxy),0.37182569991055886
2025-06-03,NVDA-VOL,Implied Vol (Realized Proxy),0.3729530282486115
2025-06-04,NVDA-VOL,Implied Vol (Realized Proxy),0.3689714362108576
2025-06-05,NVDA-VOL,Implied Vol (Realized Proxy),0.3759300240945162
2025-06-06,NVDA-VOL,Implied Vol (Realized Proxy),0.36859872348076883
2025-06-09,NVDA-VOL,Implied Vol (Realized Proxy),0.3679986728727296
2025-06-10,NVDA-VOL,Implied Vol (Realized Proxy),0.36370059079318645
2025-06-11,NVDA-VOL,Implied Vol (Realized Proxy),0.332872319507974
2025-06-12,NVDA-VOL,Implied Vol (Realized Proxy),0.28634618692004365
2025-06-13,NVDA-VOL,Implied Vol (Realized Proxy),0.2692541466576221
2025-06-16,NVDA-VOL,Implied Vol (Realized Proxy),0.27429859458812594
2025-06-17,NVDA-VOL,Implied Vol (Realized Proxy),0.2754331163671364
2025-06-18,NVDA-VOL,Implied Vol (Realized Proxy),0.27623520826266174
2025-06-20,NVDA-VOL,Implied Vol (Realized Proxy),0.27772290664933647
2025-06-23,NVDA-VOL,Implied Vol (Realized Proxy),0.2653506976301092
2025-06-24,NVDA-VOL,Implied Vol (Realized Proxy),0.27525887641817204
2025-06-25,NVDA-VOL,Implied Vol (Realized Proxy),0.2966550236944526
2025-06-26,NVDA-VOL,Implied Vol (Realized Proxy),0.2837424847525752
2025-06-27,NVDA-VOL,Implied Vol (Realized Proxy),0.2829700811262682
2025-06-30,NVDA-VOL,Implied Vol (Realized Proxy),0.269084300734285
2025-07-01,NVDA-VOL,Implied Vol (Realized Proxy),0.2699774600125718
2025-07-02,NVDA-VOL,Implied Vol (Realized Proxy),0.2760567574760547
2025-07-03,NVDA-VOL,Implied Vol (Realized Proxy),0.26651946621561484
2025-07-07,NVDA-VOL,Implied Vol (Realized Proxy),0.2701194023365525
2025-07-08,NVDA-VOL,Implied Vol (Realized Proxy),0.26180683490941103
2025-07-09,NVDA-VOL,Implied Vol (Realized Proxy),0.2640882867455865
2025-07-10,NVDA-VOL,Implied Vol (Realized Proxy),0.26410244264769833
2025-07-11,NVDA-VOL,Implied Vol (Realized Proxy),0.26398799717792926
2025-07-14,NVDA-VOL,Implied Vol (Realized Proxy),0.2622911932449428
2025-07-15,NVDA-VOL,Implied Vol (Realized Proxy),0.2850648152716516
2025-07-16,NVDA-VOL,Implied Vol (Realized Proxy),0.2656273949721538
2025-07-17,NVDA-VOL,Implied Vol (Realized Proxy),0.26314055468194336
2025-07-18,NVDA-VOL,Implied Vol (Realized Proxy),0.2628300333878257
2025-07-21,NVDA-VOL,Implied Vol (Realized Proxy),0.2675580107589916
2025-07-22,NVDA-VOL,Implied Vol (Realized Proxy),0.28465887763111375
2025-07-23,NVDA-VOL,Implied Vol (Realized Proxy),0.2887179354758276
2025-07-24,NVDA-VOL,Implied Vol (Realized Proxy),0.2837514478790772
2025-07-25,NVDA-VOL,Implied Vol (Realized Proxy),0.255287634919198
2025-07-28,NVDA-VOL,Implied Vol (Realized Proxy),0.25916063956695673
2025-07-29,NVDA-VOL,Implied Vol (Realized Proxy),0.25970197530546424
2025-07-30,NVDA-VOL,Implied Vol (Realized Proxy),0.2651905383892869
2025-07-31,NVDA-VOL,Implied Vol (Realized Proxy),0.23659960975421382
2025-08-01,NVDA-VOL,Implied Vol (Realized Proxy),0.24930570881480102
2025-08-04,NVDA-VOL,Implied Vol (Realized Proxy),0.2699658531004476
2025-08-05,NVDA-VOL,Implied Vol (Realized Proxy),0.2717881284177775
2025-08-06,NVDA-VOL,Implied Vol (Realized Proxy),0.27110657742073263
2025-08-07,NVDA-VOL,Implied Vol (Realized Proxy),0.2674965509244801
2025-08-08,NVDA-VOL,Implied Vol (Realized Proxy),0.2680913460859221
2025-08-11,NVDA-VOL,Implied Vol (Realized Proxy),0.26975200501853974
2025-08-12,NVDA-VOL,Implied Vol (Realized Proxy),0.26736481137202217
2025-08-13,NVDA-VOL,Implied Vol (Realized Proxy),0.24003871244079483
2025-08-14,NVDA-VOL,Implied Vol (Realized Proxy),0.24001970562100822
2025-08-15,NVDA-VOL,Implied Vol (Realized Proxy),0.24195105640259776
2025-08-18,NVDA-VOL,Implied Vol (Realized Proxy),0.24213998037389642
2025-08-19,NVDA-VOL,Implied Vol (Realized Proxy),0.2749011850677634
2025-08-20,NVDA-VOL,Implied Vol (Realized Proxy),0.2572797507836934
2025-08-21,NVDA-VOL,Implied Vol (Realized Proxy),0.2472534665793882
2025-08-22,NVDA-VOL,Implied Vol (Realized Proxy),0.24714926346532426
2025-08-25,NVDA-VOL,Implied Vol (Realized Proxy),0.24889252938484657
2025-08-26,NVDA-VOL,Implied Vol (Realized Proxy),0.2436878822376246
2025-08-27,NVDA-VOL,Implied Vol (Realized Proxy),0.2419561204948878
2025-08-28,NVDA-VOL,Implied Vol (Realized Proxy),0.23313502789957935
2025-08-29,NVDA-VOL,Implied Vol (Realized Proxy),0.2602565268506376
2025-09-02,NVDA-VOL,Implied Vol (Realized Proxy),0.2563127641990564
2025-09-03,NVDA-VOL,Implied Vol (Realized Proxy),0.21971272217798507
2025-09-04,NVDA-VOL,Implied Vol (Realized Proxy),0.2200331730783683
2025-09-05,NVDA-VOL,Implied Vol (Realized Proxy),0.2347813992901087
2025-09-08,NVDA-VOL,Implied Vol (Realized Proxy),0.23489814414685567
2025-09-09,NVDA-VOL,Implied Vol (Realized Proxy),0.2381325484336621
2025-09-10,NVDA-VOL,Implied Vol (Realized Proxy),0.2771929747609864
2025-09-11,NVDA-VOL,Implied Vol (Realized Proxy),0.27593734573767537
2025-09-12,NVDA-VOL,Implied Vol (Realized Proxy),0.27527419026942485
2025-09-15,NVDA-VOL,Implied Vol (Realized Proxy),0.27501512686045954
2025-09-16,NVDA-VOL,Implied Vol (Realized Proxy),0.27888115051632584
2025-09-17,NVDA-VOL,Implied Vol (Realized Proxy),0.28928580281959015
2025-09-18,NVDA-VOL,Implied Vol (Realized Proxy),0.29190370972796065
2025-09-19,NVDA-VOL,Implied Vol (Realized Proxy),0.29194997218432206
2025-09-22,NVDA-VOL,Implied Vol (Realized Proxy),0.3201699820266237
2025-09-23,NVDA-VOL,Implied Vol (Realized Proxy),0.3324897707752266
2025-09-24,NVDA-VOL,Implied Vol (Realized Proxy),0.33158335936975414
2025-09-25,NVDA-VOL,Implied Vol (Realized Proxy),0.32941938612977845
2025-09-26,NVDA-VOL,Implied Vol (Realized Proxy),0.3296956287828647
2025-09-29,NVDA-VOL,Implied Vol (Realized Proxy),0.3365772417830576
2025-09-30,NVDA-VOL,Implied Vol (Realized Proxy),0.3231121779518739
2025-10-01,NVDA-VOL,Implied Vol (Realized Proxy),0.3121214175494244
2025-10-02,NVDA-VOL,Implied Vol (Realized Proxy),0.3118489396468915
2025-10-03,NVDA-VOL,Implied Vol (Realized Proxy),0.3143637613587063
2025-10-06,NVDA-VOL,Implied Vol (Realized Proxy),0.29839046221098375
2025-10-07,NVDA-VOL,Implied Vol (Realized Proxy),0.2993815975915419
2025-10-08,NVDA-VOL,Implied Vol (Realized Proxy),0.30347893675012005
2025-10-09,NVDA-VOL,Implied Vol (Realized Proxy),0.28364566333705593
2025-10-10,NVDA-VOL,Implied Vol (Realized Proxy),0.33983153232094837
2025-10-13,NVDA-VOL,Implied Vol (Realized Proxy),0.35175357128022783
2025-10-14,NVDA-VOL,Implied Vol (Realized Proxy),0.38877083543144086
2025-10-15,NVDA-VOL,Implied Vol (Realized Proxy),0.38399177342310037
2025-10-16,NVDA-VOL,Implied Vol (Realized Proxy),0.37140759599919176
2025-10-17,NVDA-VOL,Implied Vol (Realized Proxy),0.35425928354977243
2025-10-20,NVDA-VOL,Implied Vol (Realized Proxy),0.3546744666260677
2025-10-21,NVDA-VOL,Implied Vol (Realized Proxy),0.3293579787825678
2025-10-22,NVDA-VOL,Implied Vol (Realized Proxy),0.31384849666421133
2025-10-23,NVDA-VOL,Implied Vol (Realized Proxy),0.3139568973637636
2025-10-24,NVDA-VOL,Implied Vol (Realized Proxy),0.3221391322136767
2025-10-27,NVDA-VOL,Implied Vol (Realized Proxy),0.33400384697946195
2025-10-28,NVDA-VOL,Implied Vol (Realized Proxy),0.36497917056735163
2025-10-29,NVDA-VOL,Implied Vol (Realized Proxy),0.3679298199255226
2025-10-30,NVDA-VOL,Implied Vol (Realized Proxy),0.37816778269681706
2025-10-31,NVDA-VOL,Implied Vol (Realized Proxy),0.3782274151916534
2025-11-03,NVDA-VOL,Implied Vol (Realized Proxy),0.38137868508008793
2025-11-04,NVDA-VOL,Implied Vol (Realized Proxy),0.4090943449042086
2025-11-05,NVDA-VOL,Implied Vol (Realized Proxy),0.41508576643976425
2025-11-06,NVDA-VOL,Implied Vol (Realized Proxy),0.43066915078528534
2025-11-07,NVDA-VOL,Implied Vol (Realized Proxy),0.42547626977199693
2025-11-10,NVDA-VOL,Implied Vol (Realized Proxy),0.43073954524069213
2025-11-11,NVDA-VOL,Implied Vol (Realized Proxy),0.43697331061216593
2025-11-12,NVDA-VOL,Implied Vol (Realized Proxy),0.4033284663083713
2025-11-13,NVDA-VOL,Implied Vol (Realized Proxy),0.42636991099473354
2025-11-14,NVDA-VOL,Implied Vol (Realized Proxy),0.4287596698328486
2025-11-17,NVDA-VOL,Implied Vol (Realized Proxy),0.4343042818270206
2025-11-18,NVDA-VOL,Implied Vol (Realized Proxy),0.4459671755975207
2025-11-19,NVDA-VOL,Implied Vol (Realized Proxy),0.45550965840371777
2025-11-20,NVDA-VOL,Implied Vol (Realized Proxy),0.46970899831217827
2025-11-21,NVDA-VOL,Implied Vol (Realized Proxy),0.4693427461416379
2025-11-24,NVDA-VOL,Implied Vol (Realized Proxy),0.4681798895422774
2025-11-25,NVDA-VOL,Implied Vol (Realized Proxy),0.4638592182011313
2025-11-26,NVDA-VOL,Implied Vol (Realized Proxy),0.42880977748999666
2025-11-28,NVDA-VOL,Implied Vol (Realized Proxy),0.4117424259779239
2025-12-01,NVDA-VOL,Implied Vol (Realized Proxy),0.41691999010817377
2025-12-02,NVDA-VOL,Implied Vol (Realized Proxy),0.41968533070375724
2025-12-03,NVDA-VOL,Implied Vol (Realized Proxy),0.4085327103137035
2025-12-04,NVDA-VOL,Implied Vol (Realized Proxy),0.39998171297274837
2025-12-05,NVDA-VOL,Implied Vol (Realized Proxy),0.39686761906743306
2025-12-08,NVDA-VOL,Implied Vol (Realized Proxy),0.38259574405085944
2025-12-09,NVDA-VOL,Implied Vol (Realized Proxy),0.38267083857414025
2025-12-10,NVDA-VOL,Implied Vol (Realized Proxy),0.3214842931995966
2025-12-11,NVDA-VOL,Implied Vol (Realized Proxy),0.31035027462074594
2025-12-12,NVDA-VOL,Implied Vol (Realized Proxy),0.3262047101937559
2025-12-15,NVDA-VOL,Implied Vol (Realized Proxy),0.30742660907904107
2025-12-16,NVDA-VOL,Implied Vol (Realized Proxy),0.3012183688627493
2025-12-17,NVDA-VOL,Implied Vol (Realized Proxy),0.32157607527348214
2025-12-18,NVDA-VOL,Implied Vol (Realized Proxy),0.31802965926110377
2025-12-19,NVDA-VOL,Implied Vol (Realized Proxy),0.3323084843911177
2025-12-22,NVDA-VOL,Implied Vol (Realized Proxy),0.31723566527785296
2025-12-23,NVDA-VOL,Implied Vol (Realized Proxy),0.3297775183566303
2025-12-24,NVDA-VOL,Implied Vol (Realized Proxy),0.3239362684643466
2025-12-26,NVDA-VOL,Implied Vol (Realized Proxy),0.3087453732690139
2025-12-29,NVDA-VOL,Implied Vol (Realized Proxy),0.3108016961081376
2025-12-30,NVDA-VOL,Implied Vol (Realized Proxy),0.3027851112480614
2025-12-31,NVDA-VOL,Implied Vol (Realized Proxy),0.299880574230889
2026-01-02,NVDA-VOL,Implied Vol (Realized Proxy),0.3013415988964627
2026-01-05,NVDA-VOL,Implied Vol (Realized Proxy),0.2988441108732377
2026-01-06,NVDA-VOL,Implied Vol (Realized Proxy),0.29175505515794564
2026-01-07,NVDA-VOL,Implied Vol (Realized Proxy),0.29238769502936296
2026-01-08,NVDA-VOL,Implied Vol (Realized Proxy),0.2975915326117697
2026-01-09,NVDA-VOL,Implied Vol (Realized Proxy),0.2974113097152861
2026-01-12,NVDA-VOL,Implied Vol (Realized Proxy),0.2964918513207542
2026-01-13,NVDA-VOL,Implied Vol (Realized Proxy),0.29104273118807605
2026-01-14,NVDA-VOL,Implied Vol (Realized Proxy),0.269517944733773
2026-01-15,NVDA-VOL,Implied Vol (Realized Proxy),0.2770058652633585
2026-01-16,NVDA-VOL,Implied Vol (Realized Proxy),0.2773922554997266
2026-01-20,NVDA-VOL,Implied Vol (Realized Proxy),0.2889448359640199
2026-01-21,NVDA-VOL,Implied Vol (Realized Proxy),0.29868240488572184
2026-01-22,NVDA-VOL,Implied Vol (Realized Proxy),0.26950283467223796
2026-01-23,NVDA-VOL,Implied Vol (Realized Proxy),0.2697556836629004
2026-01-26,NVDA-VOL,Implied Vol (Realized Proxy),0.24977800449026888
2026-01-27,NVDA-VOL,Implied Vol (Realized Proxy),0.25277612429290486
2026-01-28,NVDA-VOL,Implied Vol (Realized Proxy),0.2563747338035166
2026-01-29,NVDA-VOL,Implied Vol (Realized Proxy),0.2527835068976294
2026-01-30,NVDA-VOL,Implied Vol (Realized Proxy),0.25392043760617655
2026-02-02,NVDA-VOL,Implied Vol (Realized Proxy),0.27406106497394
2026-02-03,NVDA-VOL,Implied Vol (Realized Proxy),0.2869243875557448
2026-02-04,NVDA-VOL,Implied Vol (Realized Proxy),0.30826957038245123
2026-02-05,NVDA-VOL,Implied Vol (Realized Proxy),0.3100872946202294
2026-02-06,NVDA-VOL,Implied Vol (Realized Proxy),0.41402288960402167
2026-02-09,NVDA-VOL,Implied Vol (Realized Proxy),0.4158408813812316
2026-02-10,NVDA-VOL,Implied Vol (Realized Proxy),0.417008808897376
2026-02-11,NVDA-VOL,Implied Vol (Realized Proxy),0.41771182318064964
2026-02-12,NVDA-VOL,Implied Vol (Realized Proxy),0.42197090857790226
2026-02-13,NVDA-VOL,Implied Vol (Realized Proxy),0.4262963163533749
2026-02-17,NVDA-VOL,Implied Vol (Realized Proxy),0.42162895120942867
2026-02-18,NVDA-VOL,Implied Vol (Realized Proxy),0.42524505554488223
2026-02-19,NVDA-VOL,Implied Vol (Realized Proxy),0.3922507763262819
2026-02-20,NVDA-VOL,Implied Vol (Realized Proxy),0.38148254891095956
2026-02-23,NVDA-VOL,Implied Vol (Realized Proxy),0.3816706406335688
2026-02-24,NVDA-VOL,Implied Vol (Realized Proxy),0.3790224481365791
2026-02-25,NVDA-VOL,Implied Vol (Realized Proxy),0.38036646906948035
2026-02-26,NVDA-VOL,Implied Vol (Realized Proxy),0.4289153672525368
2026-02-27,NVDA-VOL,Implied Vol (Realized Proxy),0.4474656732725873
2026-03-02,NVDA-VOL,Implied Vol (Realized Proxy),0.4612004541829128
2026-03-03,NVDA-VOL,Implied Vol (Realized Proxy),0.46248912159920785
2026-03-04,NVDA-VOL,Implied Vol (Realized Proxy),0.4566352758147389
2026-03-05,NVDA-VOL,Implied Vol (Realized Proxy),0.44502721081916896
2026-03-06,NVDA-VOL,Implied Vol (Realized Proxy),0.44109357799281873
2026-03-09,NVDA-VOL,Implied Vol (Realized Proxy),0.4465497973827492
2026-03-10,NVDA-VOL,Implied Vol (Realized Proxy),0.36187038076219546
2026-03-11,NVDA-VOL,Implied Vol (Realized Proxy),0.35156946431269864
2026-03-12,NVDA-VOL,Implied Vol (Realized Proxy),0.3544924501591708
2026-03-13,NVDA-VOL,Implied Vol (Realized Proxy),0.3561964242536517
2026-03-16,NVDA-VOL,Implied Vol (Realized Proxy),0.35812065666364556
2026-03-17,NVDA-VOL,Implied Vol (Realized Proxy),0.35045587044310184
2026-03-18,NVDA-VOL,Implied Vol (Realized Proxy),0.3487376801091995
2026-03-19,NVDA-VOL,Implied Vol (Realized Proxy),0.3441639860919944
2026-03-20,NVDA-VOL,Implied Vol (Realized Proxy),0.3602676600693489
2026-03-23,NVDA-VOL,Implied Vol (Realized Proxy),0.36432603073890857
2026-03-24,NVDA-VOL,Implied Vol (Realized Proxy),0.36140858276146265
2026-03-25,NVDA-VOL,Implied Vol (Realized Proxy),0.3690469183524436
2026-03-26,NVDA-VOL,Implied Vol (Realized Proxy),0.38658263148008265
2026-03-27,NVDA-VOL,Implied Vol (Realized Proxy),0.34727835476436314
2026-03-30,NVDA-VOL,Implied Vol (Realized Proxy),0.32124193635000875
2026-03-31,NVDA-VOL,Implied Vol (Realized Proxy),0.36232261980299113
2026-04-01,NVDA-VOL,Implied Vol (Realized Proxy),0.3614450211408259
2026-04-02,NVDA-VOL,Implied Vol (Realized Proxy),0.3578719346901556
2026-04-06,NVDA-VOL,Implied Vol (Realized Proxy),0.35784753749104276
2026-04-07,NVDA-VOL,Implied Vol (Realized Proxy),0.34199526568377137
2026-04-08,NVDA-VOL,Implied Vol (Realized Proxy),0.33772937820865423
2026-04-09,NVDA-VOL,Implied Vol (Realized Proxy),0.3370994408884069
2026-04-10,NVDA-VOL,Implied Vol (Realized Proxy),0.3479120512714233
2026-04-13,NVDA-VOL,Implied Vol (Realized Proxy),0.3428906059419529
2026-04-14,NVDA-VOL,Implied Vol (Realized Proxy),0.3579458021551252
2026-04-15,NVDA-VOL,Implied Vol (Realized Proxy),0.3563712559265556
2026-04-16,NVDA-VOL,Implied Vol (Realized Proxy),0.354976748982752
2026-04-17,NVDA-VOL,Implied Vol (Realized Proxy),0.35443257006708734
2026-04-20,NVDA-VOL,Implied Vol (Realized Proxy),0.35018682601754386
2026-04-21,NVDA-VOL,Implied Vol (Realized Proxy),0.3262482876841103
2026-04-22,NVDA-VOL,Implied Vol (Realized Proxy),0.3250417021524316
2026-04-23,NVDA-VOL,Implied Vol (Realized Proxy),0.3317234381439927
2026-04-24,NVDA-VOL,Implied Vol (Realized Proxy),0.3519584561529969
2026-04-27,NVDA-VOL,Implied Vol (Realized Proxy),0.31851651395715963
2026-04-28,NVDA-VOL,Implied Vol (Realized Proxy),0.3112924063585841
2026-04-29,NVDA-VOL,Implied Vol (Realized Proxy),0.31622575896008515
2026-04-30,NVDA-VOL,Implied Vol (Realized Proxy),0.3371650568561394
2026-05-01,NVDA-VOL,Implied Vol (Realized Proxy),0.3396782827368282
2026-05-04,NVDA-VOL,Implied Vol (Realized Proxy),0.33996533452502714
2026-05-05,NVDA-VOL,Implied Vol (Realized Proxy),0.34391992731230686
2026-05-06,NVDA-VOL,Implied Vol (Realized Proxy),0.38678421460786466
2026-05-07,NVDA-VOL,Implied Vol (Realized Proxy),0.38489882331070063
2026-05-08,NVDA-VOL,Implied Vol (Realized Proxy),0.3864255629469539
2026-05-11,NVDA-VOL,Implied Vol (Realized Proxy),0.38354771994588743
2026-05-12,NVDA-VOL,Implied Vol (Realized Proxy),0.3833497186575759
2026-05-13,NVDA-VOL,Implied Vol (Realized Proxy),0.3720625209336399
2026-05-14,NVDA-VOL,Implied Vol (Realized Proxy),0.3925850512234684
2026-05-15,NVDA-VOL,Implied Vol (Realized Proxy),0.4328878669460855
2026-05-18,NVDA-VOL,Implied Vol (Realized Proxy),0.43614081765711527
2026-05-19,NVDA-VOL,Implied Vol (Realized Proxy),0.43816998440120314
2026-05-20,NVDA-VOL,Implied Vol (Realized Proxy),0.4356169327474999
2026-05-21,NVDA-VOL,Implied Vol (Realized Proxy),0.4418338200621849
2026-05-22,NVDA-VOL,Implied Vol (Realized Proxy),0.4447408157889508
2026-05-26,NVDA-VOL,Implied Vol (Realized Proxy),0.422067131791017
2026-05-27,NVDA-VOL,Implied Vol (Realized Proxy),0.4006221832408388
2026-05-28,NVDA-VOL,Implied Vol (Realized Proxy),0.397764199630878
2026-05-29,NVDA-VOL,Implied Vol (Realized Proxy),0.39564713342902136
2026-06-01,NVDA-VOL,Implied Vol (Realized Proxy),0.40812236263859425
2026-06-02,NVDA-VOL,Implied Vol (Realized Proxy),0.40858113869958246
2026-06-03,NVDA-VOL,Implied Vol (Realized Proxy),0.43406243876540085
2026-06-04,NVDA-VOL,Implied Vol (Realized Proxy),0.43372722045598266
2026-06-05,NVDA-VOL,Implied Vol (Realized Proxy),0.4548759769371946
2026-06-08,NVDA-VOL,Implied Vol (Realized Proxy),0.454681068941065
2026-06-09,NVDA-VOL,Implied Vol (Realized Proxy),0.4499522852344961
2026-06-10,NVDA-VOL,Implied Vol (Realized Proxy),0.46001677832075877
2026-06-11,NVDA-VOL,Implied Vol (Realized Proxy),0.4677613338030876
2026-06-12,NVDA-VOL,Implied Vol (Realized Proxy),0.45850968242617596
2026-06-15,NVDA-VOL,Implied Vol (Realized Proxy),0.44860180188885085
2026-06-16,NVDA-VOL,Implied Vol (Realized Proxy),0.4302696481928383
2026-06-17,NVDA-VOL,Implied Vol (Realized Proxy),0.4302675787961733
2026-06-18,NVDA-VOL,Implied Vol (Realized Proxy),0.44484167894736215
2026-06-22,NVDA-VOL,Implied Vol (Realized Proxy),0.44207617481150757
2026-06-23,NVDA-VOL,Implied Vol (Realized Proxy),0.4598133015145017
2026-06-24,NVDA-VOL,Implied Vol (Realized Proxy),0.4566806593399768
2026-06-25,NVDA-VOL,Implied Vol (Realized Proxy),0.45875378478071943
2026-06-26,NVDA-VOL,Implied Vol (Realized Proxy),0.46022084337034436
2026-06-29,NVDA-VOL,Implied Vol (Realized Proxy),0.4621828099282257
2026-06-30,NVDA-VOL,Implied Vol (Realized Proxy),0.47221477835988424
2026-07-01,NVDA-VOL,Implied Vol (Realized Proxy),0.41299305319161905
2026-07-02,NVDA-VOL,Implied Vol (Realized Proxy),0.4139118623709443
2026-07-06,NVDA-VOL,Implied Vol (Realized Proxy),0.39987036805359477
2026-07-07,NVDA-VOL,Implied Vol (Realized Proxy),0.3938361985872313
2026-07-08,NVDA-VOL,Implied Vol (Realized Proxy),0.3552841636412885
2026-07-09,NVDA-VOL,Implied Vol (Realized Proxy),0.3501577437983849
2026-07-10,NVDA-VOL,Implied Vol (Realized Proxy),0.37767676788244225
2026-07-13,NVDA-VOL,Implied Vol (Realized Proxy),0.37492918939784786
2026-07-14,NVDA-VOL,Implied Vol (Realized Proxy),0.3923795314725602
2026-07-15,NVDA-VOL,Implied Vol (Realized Proxy),0.39242445495360695
2026-07-16,NVDA-VOL,Implied Vol (Realized Proxy),0.38286762180579204
2026-07-17,NVDA-VOL,Implied Vol (Realized Proxy),0.38168136520988694
2026-07-20,NVDA-VOL,Implied Vol (Realized Proxy),0.3791591884102361
2026-07-21,NVDA-VOL,Implied Vol (Realized Proxy),0.37118455215291357
2026-07-22,NVDA-VOL,Implied Vol (Realized Proxy),0.3782960104801304
2026-07-23,NVDA-VOL,Implied Vol (Realized Proxy),0.350566578201057
2026-07-24,NVDA-VOL,Implied Vol (Realized Proxy),0.35189024208555864
2026-07-27,NVDA-VOL,Implied Vol (Realized Proxy),0.3928707891160978
2026-07-28,NVDA-VOL,Implied Vol (Realized Proxy),0.38816949844140847
2026-07-29,NVDA-VOL,Implied Vol (Realized Proxy),0.4063096165014612
2026-07-30,NVDA-VOL,Implied Vol (Realized Proxy),0.4064839917086622
2026-07-31,NVDA-VOL,Implied Vol (Realized Proxy),0.4170765178562709
2026-08-03,NVDA-VOL,Implied Vol (Realized Proxy),0.4243678561400904
2026-08-04,NVDA-VOL,Implied Vol (Realized Proxy),0.4314961270411741
2026-08-05,NVDA-VOL,Implied Vol (Realized Proxy),0.4437628540081537
2026-08-06,NVDA-VOL,Implied Vol (Realized Proxy),0.42973086938697813
2026-08-07,NVDA-VOL,Implied Vol (Realized Proxy),0.4330272652468638
2026-08-10,NVDA-VOL,Implied Vol (Realized Proxy),0.42870236554617147
2026-08-11,NVDA-VOL,Implied Vol (Realized Proxy),0.40683093452757624
2026-08-12,NVDA-VOL,Implied Vol (Realized Proxy),0.39684341972939813
2026-08-13,NVDA-VOL,Implied Vol (Realized Proxy),0.3969497989478728
2026-08-14,NVDA-VOL,Implied Vol (Realized Proxy),0.38489043236171366
2026-08-17,NVDA-VOL,Implied Vol (Realized Proxy),0.3733789452795053
2026-08-18,NVDA-VOL,Implied Vol (Realized Proxy),0.3863394166609009
2026-08-19,NVDA-VOL,Implied Vol (Realized Proxy),0.38462581426198744
2026-08-20,NVDA-VOL,Implied Vol (Realized Proxy),0.3776952413796837
2026-08-21,NVDA-VOL,Implied Vol (Realized Proxy),0.3749744981242505
2026-08-24,NVDA-VOL,Implied Vol (Realized Proxy),0.388493541416075
2026-08-25,NVDA-VOL,Implied Vol (Realized Proxy),0.34626400356662645
2026-08-26,NVDA-VOL,Implied Vol (Realized Proxy),0.3530634219811342
2026-08-27,NVDA-VOL,Implied Vol (Realized Proxy),0.42307578603011725
2026-08-28,NVDA-VOL,Implied Vol (Realized Proxy),0.4591066992120229
2026-08-31,NVDA-VOL,Implied Vol (Realized Proxy),0.4524988126220593
2026-09-01,NVDA-VOL,Implied Vol (Realized Proxy),0.44834848844434866
2026-09-02,NVDA-VOL,Implied Vol (Realized Proxy),0.4528518566064171
2026-09-03,NVDA-VOL,Implied Vol (Realized Proxy),0.4423294713040767
2024-09-04,UKGILT-10Y-YIELD,Yield,0.042
2024-09-05,UKGILT-10Y-YIELD,Yield,0.0426492976076858
2024-09-06,UKGILT-10Y-YIELD,Yield,0.04293595977529451
2024-09-09,UKGILT-10Y-YIELD,Yield,0.04261189004838712
2024-09-10,UKGILT-10Y-YIELD,Yield,0.04243378751017443
2024-09-11,UKGILT-10Y-YIELD,Yield,0.042692153226875154
2024-09-12,UKGILT-10Y-YIELD,Yield,0.04267897289985256
2024-09-13,UKGILT-10Y-YIELD,Yield,0.043036718841177206
2024-09-16,UKGILT-10Y-YIELD,Yield,0.042454048983365814
2024-09-17,UKGILT-10Y-YIELD,Yield,0.04308792503118077
2024-09-18,UKGILT-10Y-YIELD,Yield,0.04365341981334319
2024-09-19,UKGILT-10Y-YIELD,Yield,0.043218960010813025
2024-09-20,UKGILT-10Y-YIELD,Yield,0.04313016955507721
2024-09-23,UKGILT-10Y-YIELD,Yield,0.04294908457591313
2024-09-24,UKGILT-10Y-YIELD,Yield,0.04283838637805801
2024-09-25,UKGILT-10Y-YIELD,Yield,0.04313713772647966
2024-09-26,UKGILT-10Y-YIELD,Yield,0.042991231503400874
2024-09-27,UKGILT-10Y-YIELD,Yield,0.04272451850997732
2024-09-30,UKGILT-10Y-YIELD,Yield,0.04295162648106914
2024-10-01,UKGILT-10Y-YIELD,Yield,0.043373493655806714
2024-10-02,UKGILT-10Y-YIELD,Yield,0.04325704887212885
2024-10-03,UKGILT-10Y-YIELD,Yield,0.04336513590445618
2024-10-04,UKGILT-10Y-YIELD,Yield,0.04294833476461496
2024-10-07,UKGILT-10Y-YIELD,Yield,0.04327213269724919
2024-10-08,UKGILT-10Y-YIELD,Yield,0.04398933460150073
2024-10-09,UKGILT-10Y-YIELD,Yield,0.04419525326743813
2024-10-10,UKGILT-10Y-YIELD,Yield,0.0442004598499768
2024-10-11,UKGILT-10Y-YIELD,Yield,0.04360017406997218
2024-10-14,UKGILT-10Y-YIELD,Yield,0.04352741671942116
2024-10-15,UKGILT-10Y-YIELD,Yield,0.042920740981519816
2024-10-16,UKGILT-10Y-YIELD,Yield,0.04318370235775093
2024-10-17,UKGILT-10Y-YIELD,Yield,0.043756518201041934
2024-10-18,UKGILT-10Y-YIELD,Yield,0.04420982355228297
2024-10-21,UKGILT-10Y-YIELD,Yield,0.04428517781870962
2024-10-22,UKGILT-10Y-YIELD,Yield,0.04446096389280818
2024-10-23,UKGILT-10Y-YIELD,Yield,0.04427611406542462
2024-10-24,UKGILT-10Y-YIELD,Yield,0.044370137094252124
2024-10-25,UKGILT-10Y-YIELD,Yield,0.04446390848787864
2024-10-28,UKGILT-10Y-YIELD,Yield,0.044482042331763456
2024-10-29,UKGILT-10Y-YIELD,Yield,0.043677932332029094
2024-10-30,UKGILT-10Y-YIELD,Yield,0.0437777714284252
2024-10-31,UKGILT-10Y-YIELD,Yield,0.043934227781607674
2024-11-01,UKGILT-10Y-YIELD,Yield,0.04371553454598009
2024-11-04,UKGILT-10Y-YIELD,Yield,0.04386100971043548
2024-11-05,UKGILT-10Y-YIELD,Yield,0.04412255561216014
2024-11-06,UKGILT-10Y-YIELD,Yield,0.04346555661275614
2024-11-07,UKGILT-10Y-YIELD,Yield,0.04375207687420932
2024-11-08,UKGILT-10Y-YIELD,Yield,0.0435963503217261
2024-11-11,UKGILT-10Y-YIELD,Yield,0.04323547405594557
2024-11-12,UKGILT-10Y-YIELD,Yield,0.04327493243714859
2024-11-13,UKGILT-10Y-YIELD,Yield,0.043018204392085306
2024-11-14,UKGILT-10Y-YIELD,Yield,0.04285620136129008
2024-11-15,UKGILT-10Y-YIELD,Yield,0.042525101964559685
2024-11-18,UKGILT-10Y-YIELD,Yield,0.042296856703533454
2024-11-19,UKGILT-10Y-YIELD,Yield,0.041900996754095275
2024-11-20,UKGILT-10Y-YIELD,Yield,0.041698087744874254
2024-11-21,UKGILT-10Y-YIELD,Yield,0.04134038642800377
2024-11-22,UKGILT-10Y-YIELD,Yield,0.04090285915878103
2024-11-25,UKGILT-10Y-YIELD,Yield,0.041216948857486176
2024-11-26,UKGILT-10Y-YIELD,Yield,0.04121050619707084
2024-11-27,UKGILT-10Y-YIELD,Yield,0.041328556158397464
2024-11-28,UKGILT-10Y-YIELD,Yield,0.04185237557777555
2024-11-29,UKGILT-10Y-YIELD,Yield,0.0420488070174698
2024-12-02,UKGILT-10Y-YIELD,Yield,0.042043513578997896
2024-12-03,UKGILT-10Y-YIELD,Yield,0.041693970787246355
2024-12-04,UKGILT-10Y-YIELD,Yield,0.041931798239899946
2024-12-05,UKGILT-10Y-YIELD,Yield,0.04207123574515935
2024-12-06,UKGILT-10Y-YIELD,Yield,0.042384560059449766
2024-12-09,UKGILT-10Y-YIELD,Yield,0.04233736716248802
2024-12-10,UKGILT-10Y-YIELD,Yield,0.04221533428591904
2024-12-11,UKGILT-10Y-YIELD,Yield,0.041558592065037356
2024-12-12,UKGILT-10Y-YIELD,Yield,0.041722116516452676
2024-12-13,UKGILT-10Y-YIELD,Yield,0.0412335537288145
2024-12-16,UKGILT-10Y-YIELD,Yield,0.041067992589910216
2024-12-17,UKGILT-10Y-YIELD,Yield,0.04120700155157862
2024-12-18,UKGILT-10Y-YIELD,Yield,0.04121306121320015
2024-12-19,UKGILT-10Y-YIELD,Yield,0.041167414451649516
2024-12-20,UKGILT-10Y-YIELD,Yield,0.04128932333869655
2024-12-23,UKGILT-10Y-YIELD,Yield,0.04072126446229289
2024-12-24,UKGILT-10Y-YIELD,Yield,0.04071879563600916
2024-12-25,UKGILT-10Y-YIELD,Yield,0.04109200257683717
2024-12-26,UKGILT-10Y-YIELD,Yield,0.04143362914621522
2024-12-27,UKGILT-10Y-YIELD,Yield,0.040950222383058385
2024-12-30,UKGILT-10Y-YIELD,Yield,0.041225494429057166
2024-12-31,UKGILT-10Y-YIELD,Yield,0.041342455127189266
2025-01-01,UKGILT-10Y-YIELD,Yield,0.04101773835058277
2025-01-02,UKGILT-10Y-YIELD,Yield,0.04057638974799675
2025-01-03,UKGILT-10Y-YIELD,Yield,0.04051130671505124
2025-01-06,UKGILT-10Y-YIELD,Yield,0.040922894773028226
2025-01-07,UKGILT-10Y-YIELD,Yield,0.04105307331110156
2025-01-08,UKGILT-10Y-YIELD,Yield,0.040739733905147804
2025-01-09,UKGILT-10Y-YIELD,Yield,0.04075294959969065
2025-01-10,UKGILT-10Y-YIELD,Yield,0.04105955180901084
2025-01-13,UKGILT-10Y-YIELD,Yield,0.041012495072637586
2025-01-14,UKGILT-10Y-YIELD,Yield,0.040849456558187745
2025-01-15,UKGILT-10Y-YIELD,Yield,0.040973789474189545
2025-01-16,UKGILT-10Y-YIELD,Yield,0.040306257338009334
2025-01-17,UKGILT-10Y-YIELD,Yield,0.04042279321057598
2025-01-20,UKGILT-10Y-YIELD,Yield,0.03997878048008585
2025-01-21,UKGILT-10Y-YIELD,Yield,0.03993199194539078
2025-01-22,UKGILT-10Y-YIELD,Yield,0.040023651567747356
2025-01-23,UKGILT-10Y-YIELD,Yield,0.03995931113979564
2025-01-24,UKGILT-10Y-YIELD,Yield,0.039706299395674875
2025-01-27,UKGILT-10Y-YIELD,Yield,0.03956671223433682
2025-01-28,UKGILT-10Y-YIELD,Yield,0.03979975035284267
2025-01-29,UKGILT-10Y-YIELD,Yield,0.03935942648474865
2025-01-30,UKGILT-10Y-YIELD,Yield,0.0390612569915643
2025-01-31,UKGILT-10Y-YIELD,Yield,0.039140183466107537
2025-02-03,UKGILT-10Y-YIELD,Yield,0.03936822097016632
2025-02-04,UKGILT-10Y-YIELD,Yield,0.03934378615998525
2025-02-05,UKGILT-10Y-YIELD,Yield,0.0391595594680318
2025-02-06,UKGILT-10Y-YIELD,Yield,0.03935847894124103
2025-02-07,UKGILT-10Y-YIELD,Yield,0.03921821601776265
2025-02-10,UKGILT-10Y-YIELD,Yield,0.039836359759507646
2025-02-11,UKGILT-10Y-YIELD,Yield,0.0402314117829329
2025-02-12,UKGILT-10Y-YIELD,Yield,0.040799462992392205
2025-02-13,UKGILT-10Y-YIELD,Yield,0.04048511483571214
2025-02-14,UKGILT-10Y-YIELD,Yield,0.04031902131510173
2025-02-17,UKGILT-10Y-YIELD,Yield,0.04021728716494291
2025-02-18,UKGILT-10Y-YIELD,Yield,0.0398136661802253
2025-02-19,UKGILT-10Y-YIELD,Yield,0.039633493556416516
2025-02-20,UKGILT-10Y-YIELD,Yield,0.03991270529852019
2025-02-21,UKGILT-10Y-YIELD,Yield,0.03958245508334259
2025-02-24,UKGILT-10Y-YIELD,Yield,0.03947573612671953
2025-02-25,UKGILT-10Y-YIELD,Yield,0.03992608559584415
2025-02-26,UKGILT-10Y-YIELD,Yield,0.0400070137950634
2025-02-27,UKGILT-10Y-YIELD,Yield,0.04014910357059927
2025-02-28,UKGILT-10Y-YIELD,Yield,0.04013974447589478
2025-03-03,UKGILT-10Y-YIELD,Yield,0.03992961434128623
2025-03-04,UKGILT-10Y-YIELD,Yield,0.039801418195637275
2025-03-05,UKGILT-10Y-YIELD,Yield,0.0398688936892712
2025-03-06,UKGILT-10Y-YIELD,Yield,0.039672793397286646
2025-03-07,UKGILT-10Y-YIELD,Yield,0.039673258757438906
2025-03-10,UKGILT-10Y-YIELD,Yield,0.03951926751638668
2025-03-11,UKGILT-10Y-YIELD,Yield,0.03947843712848562
2025-03-12,UKGILT-10Y-YIELD,Yield,0.039950422189053744
2025-03-13,UKGILT-10Y-YIELD,Yield,0.04012843003760505
2025-03-14,UKGILT-10Y-YIELD,Yield,0.03971060190424297
2025-03-17,UKGILT-10Y-YIELD,Yield,0.0396387429460104
2025-03-18,UKGILT-10Y-YIELD,Yield,0.04019730929508945
2025-03-19,UKGILT-10Y-YIELD,Yield,0.04074965276780396
2025-03-20,UKGILT-10Y-YIELD,Yield,0.04037508990424445
2025-03-21,UKGILT-10Y-YIELD,Yield,0.04049984243576473
2025-03-24,UKGILT-10Y-YIELD,Yield,0.040490145551055734
2025-03-25,UKGILT-10Y-YIELD,Yield,0.03969628372211942
2025-03-26,UKGILT-10Y-YIELD,Yield,0.03977677561535931
2025-03-27,UKGILT-10Y-YIELD,Yield,0.04038463596981857
2025-03-28,UKGILT-10Y-YIELD,Yield,0.040151094689095876
2025-03-31,UKGILT-10Y-YIELD,Yield,0.040045913603302466
2025-04-01,UKGILT-10Y-YIELD,Yield,0.040330972803540484
2025-04-02,UKGILT-10Y-YIELD,Yield,0.04018091359810054
2025-04-03,UKGILT-10Y-YIELD,Yield,0.0400311622193603
2025-04-04,UKGILT-10Y-YIELD,Yield,0.04010711268314302
2025-04-07,UKGILT-10Y-YIELD,Yield,0.03964866286911465
2025-04-08,UKGILT-10Y-YIELD,Yield,0.0397915815117337
2025-04-09,UKGILT-10Y-YIELD,Yield,0.039370987795240675
2025-04-10,UKGILT-10Y-YIELD,Yield,0.03937677905682983
2025-04-11,UKGILT-10Y-YIELD,Yield,0.03962025376876195
2025-04-14,UKGILT-10Y-YIELD,Yield,0.04012326690928031
2025-04-15,UKGILT-10Y-YIELD,Yield,0.03987181316440924
2025-04-16,UKGILT-10Y-YIELD,Yield,0.039934044756002714
2025-04-17,UKGILT-10Y-YIELD,Yield,0.040000264551225885
2025-04-18,UKGILT-10Y-YIELD,Yield,0.03942985799892288
2025-04-21,UKGILT-10Y-YIELD,Yield,0.03938974982347796
2025-04-22,UKGILT-10Y-YIELD,Yield,0.03945145173634237
2025-04-23,UKGILT-10Y-YIELD,Yield,0.03961140814419233
2025-04-24,UKGILT-10Y-YIELD,Yield,0.04021572059253544
2025-04-25,UKGILT-10Y-YIELD,Yield,0.040242013184412284
2025-04-28,UKGILT-10Y-YIELD,Yield,0.04021614316034397
2025-04-29,UKGILT-10Y-YIELD,Yield,0.040182536026263316
2025-04-30,UKGILT-10Y-YIELD,Yield,0.040169643359706346
2025-05-01,UKGILT-10Y-YIELD,Yield,0.0403108188164271
2025-05-02,UKGILT-10Y-YIELD,Yield,0.040790822707015104
2025-05-05,UKGILT-10Y-YIELD,Yield,0.04045817759359361
2025-05-06,UKGILT-10Y-YIELD,Yield,0.04045772230489177
2025-05-07,UKGILT-10Y-YIELD,Yield,0.039709439946488054
2025-05-08,UKGILT-10Y-YIELD,Yield,0.039183085838686196
2025-05-09,UKGILT-10Y-YIELD,Yield,0.0392213130389742
2025-05-12,UKGILT-10Y-YIELD,Yield,0.0385559966232288
2025-05-13,UKGILT-10Y-YIELD,Yield,0.0386470692535993
2025-05-14,UKGILT-10Y-YIELD,Yield,0.039034215454149895
2025-05-15,UKGILT-10Y-YIELD,Yield,0.038756068800360824
2025-05-16,UKGILT-10Y-YIELD,Yield,0.03852122921106333
2025-05-19,UKGILT-10Y-YIELD,Yield,0.03850963223368371
2025-05-20,UKGILT-10Y-YIELD,Yield,0.038334780025719876
2025-05-21,UKGILT-10Y-YIELD,Yield,0.03830283731215211
2025-05-22,UKGILT-10Y-YIELD,Yield,0.03807068728965515
2025-05-23,UKGILT-10Y-YIELD,Yield,0.03832278449546879
2025-05-26,UKGILT-10Y-YIELD,Yield,0.038402389787443786
2025-05-27,UKGILT-10Y-YIELD,Yield,0.03836627255655921
2025-05-28,UKGILT-10Y-YIELD,Yield,0.0376557956940615
2025-05-29,UKGILT-10Y-YIELD,Yield,0.037422496384922024
2025-05-30,UKGILT-10Y-YIELD,Yield,0.03741916286019652
2025-06-02,UKGILT-10Y-YIELD,Yield,0.03761921550618066
2025-06-03,UKGILT-10Y-YIELD,Yield,0.03740043325333621
2025-06-04,UKGILT-10Y-YIELD,Yield,0.03757039933670045
2025-06-05,UKGILT-10Y-YIELD,Yield,0.03781544993886136
2025-06-06,UKGILT-10Y-YIELD,Yield,0.037614765359405195
2025-06-09,UKGILT-10Y-YIELD,Yield,0.037823053504550445
2025-06-10,UKGILT-10Y-YIELD,Yield,0.03775170698989172
2025-06-11,UKGILT-10Y-YIELD,Yield,0.03739497607712452
2025-06-12,UKGILT-10Y-YIELD,Yield,0.0373650330706655
2025-06-13,UKGILT-10Y-YIELD,Yield,0.03775212391031797
2025-06-16,UKGILT-10Y-YIELD,Yield,0.03785742874737645
2025-06-17,UKGILT-10Y-YIELD,Yield,0.03784834925370852
2025-06-18,UKGILT-10Y-YIELD,Yield,0.03809006659517227
2025-06-19,UKGILT-10Y-YIELD,Yield,0.03829403672901395
2025-06-20,UKGILT-10Y-YIELD,Yield,0.03834030602033197
2025-06-23,UKGILT-10Y-YIELD,Yield,0.03776026111024998
2025-06-24,UKGILT-10Y-YIELD,Yield,0.03696888815620359
2025-06-25,UKGILT-10Y-YIELD,Yield,0.036452098472264244
2025-06-26,UKGILT-10Y-YIELD,Yield,0.036937473717953445
2025-06-27,UKGILT-10Y-YIELD,Yield,0.03712735486930237
2025-06-30,UKGILT-10Y-YIELD,Yield,0.036627077300809295
2025-07-01,UKGILT-10Y-YIELD,Yield,0.036840094872599954
2025-07-02,UKGILT-10Y-YIELD,Yield,0.03638138657755555
2025-07-03,UKGILT-10Y-YIELD,Yield,0.03640836018886045
2025-07-04,UKGILT-10Y-YIELD,Yield,0.036658657333392936
2025-07-07,UKGILT-10Y-YIELD,Yield,0.03658859629496214
2025-07-08,UKGILT-10Y-YIELD,Yield,0.03679907851518573
2025-07-09,UKGILT-10Y-YIELD,Yield,0.037029602483311955
2025-07-10,UKGILT-10Y-YIELD,Yield,0.03647640144212223
2025-07-11,UKGILT-10Y-YIELD,Yield,0.03641014062363736
2025-07-14,UKGILT-10Y-YIELD,Yield,0.03651428431413988
2025-07-15,UKGILT-10Y-YIELD,Yield,0.03631298320571528
2025-07-16,UKGILT-10Y-YIELD,Yield,0.035851429260469206
2025-07-17,UKGILT-10Y-YIELD,Yield,0.03624644514455535
2025-07-18,UKGILT-10Y-YIELD,Yield,0.03627427959136481
2025-07-21,UKGILT-10Y-YIELD,Yield,0.03604649677993468
2025-07-22,UKGILT-10Y-YIELD,Yield,0.03572213364243071
2025-07-23,UKGILT-10Y-YIELD,Yield,0.035653699026462225
2025-07-24,UKGILT-10Y-YIELD,Yield,0.03595886825229726
2025-07-25,UKGILT-10Y-YIELD,Yield,0.03575848125107632
2025-07-28,UKGILT-10Y-YIELD,Yield,0.035860250126927104
2025-07-29,UKGILT-10Y-YIELD,Yield,0.03590184859777921
2025-07-30,UKGILT-10Y-YIELD,Yield,0.03578782177552726
2025-07-31,UKGILT-10Y-YIELD,Yield,0.03574544130149378
2025-08-01,UKGILT-10Y-YIELD,Yield,0.03571994551024404
2025-08-04,UKGILT-10Y-YIELD,Yield,0.03538923152122763
2025-08-05,UKGILT-10Y-YIELD,Yield,0.03491294500257315
2025-08-06,UKGILT-10Y-YIELD,Yield,0.035080367912604854
2025-08-07,UKGILT-10Y-YIELD,Yield,0.03547353357517184
2025-08-08,UKGILT-10Y-YIELD,Yield,0.03560734060086909
2025-08-11,UKGILT-10Y-YIELD,Yield,0.03531232782261769
2025-08-12,UKGILT-10Y-YIELD,Yield,0.035283551781867185
2025-08-13,UKGILT-10Y-YIELD,Yield,0.035086402957585985
2025-08-14,UKGILT-10Y-YIELD,Yield,0.03463167217241465
2025-08-15,UKGILT-10Y-YIELD,Yield,0.03429062223909978
2025-08-18,UKGILT-10Y-YIELD,Yield,0.03408410527915626
2025-08-19,UKGILT-10Y-YIELD,Yield,0.03421166103930951
2025-08-20,UKGILT-10Y-YIELD,Yield,0.03383652878255551
2025-08-21,UKGILT-10Y-YIELD,Yield,0.034143729629223185
2025-08-22,UKGILT-10Y-YIELD,Yield,0.03411962937714231
2025-08-25,UKGILT-10Y-YIELD,Yield,0.03444654630605246
2025-08-26,UKGILT-10Y-YIELD,Yield,0.03471248287196284
2025-08-27,UKGILT-10Y-YIELD,Yield,0.03474061086630534
2025-08-28,UKGILT-10Y-YIELD,Yield,0.034747657117084434
2025-08-29,UKGILT-10Y-YIELD,Yield,0.034814529732479435
2025-09-01,UKGILT-10Y-YIELD,Yield,0.03487903827828456
2025-09-02,UKGILT-10Y-YIELD,Yield,0.03506939616619124
2025-09-03,UKGILT-10Y-YIELD,Yield,0.03559769750667987
2025-09-04,UKGILT-10Y-YIELD,Yield,0.035767220735712126
2025-09-05,UKGILT-10Y-YIELD,Yield,0.036221454391950125
2025-09-08,UKGILT-10Y-YIELD,Yield,0.03648849305555857
2025-09-09,UKGILT-10Y-YIELD,Yield,0.03636349921889404
2025-09-10,UKGILT-10Y-YIELD,Yield,0.03649736221848078
2025-09-11,UKGILT-10Y-YIELD,Yield,0.03667424772332034
2025-09-12,UKGILT-10Y-YIELD,Yield,0.03692053228626141
2025-09-15,UKGILT-10Y-YIELD,Yield,0.036790267819237436
2025-09-16,UKGILT-10Y-YIELD,Yield,0.03709851790385722
2025-09-17,UKGILT-10Y-YIELD,Yield,0.03690362428616117
2025-09-18,UKGILT-10Y-YIELD,Yield,0.03683366513298322
2025-09-19,UKGILT-10Y-YIELD,Yield,0.037011176485869546
2025-09-22,UKGILT-10Y-YIELD,Yield,0.03704234391581223
2025-09-23,UKGILT-10Y-YIELD,Yield,0.036766512287538196
2025-09-24,UKGILT-10Y-YIELD,Yield,0.03636376101911912
2025-09-25,UKGILT-10Y-YIELD,Yield,0.03618925954995606
2025-09-26,UKGILT-10Y-YIELD,Yield,0.035960350660379246
2025-09-29,UKGILT-10Y-YIELD,Yield,0.03657976908867394
2025-09-30,UKGILT-10Y-YIELD,Yield,0.03624648291585286
2025-10-01,UKGILT-10Y-YIELD,Yield,0.035800583781944194
2025-10-02,UKGILT-10Y-YIELD,Yield,0.036438363426252396
2025-10-03,UKGILT-10Y-YIELD,Yield,0.03591678586502579
2025-10-06,UKGILT-10Y-YIELD,Yield,0.035718196575422384
2025-10-07,UKGILT-10Y-YIELD,Yield,0.03584557198933967
2025-10-08,UKGILT-10Y-YIELD,Yield,0.035828667140694354
2025-10-09,UKGILT-10Y-YIELD,Yield,0.035900418530788465
2025-10-10,UKGILT-10Y-YIELD,Yield,0.03634181379767337
2025-10-13,UKGILT-10Y-YIELD,Yield,0.037020245088280945
2025-10-14,UKGILT-10Y-YIELD,Yield,0.03706456622085044
2025-10-15,UKGILT-10Y-YIELD,Yield,0.037151833433305574
2025-10-16,UKGILT-10Y-YIELD,Yield,0.03703707548458115
2025-10-17,UKGILT-10Y-YIELD,Yield,0.03685291895921332
2025-10-20,UKGILT-10Y-YIELD,Yield,0.03669580367424042
2025-10-21,UKGILT-10Y-YIELD,Yield,0.03673332794629586
2025-10-22,UKGILT-10Y-YIELD,Yield,0.03655776258082263
2025-10-23,UKGILT-10Y-YIELD,Yield,0.03661345448343296
2025-10-24,UKGILT-10Y-YIELD,Yield,0.03643986670815629
2025-10-27,UKGILT-10Y-YIELD,Yield,0.03607845505830437
2025-10-28,UKGILT-10Y-YIELD,Yield,0.035937107726422925
2025-10-29,UKGILT-10Y-YIELD,Yield,0.035818023456854274
2025-10-30,UKGILT-10Y-YIELD,Yield,0.035621949269604256
2025-10-31,UKGILT-10Y-YIELD,Yield,0.03544775472682305
2025-11-03,UKGILT-10Y-YIELD,Yield,0.035561093342419636
2025-11-04,UKGILT-10Y-YIELD,Yield,0.03512280925707704
2025-11-05,UKGILT-10Y-YIELD,Yield,0.0353492528073674
2025-11-06,UKGILT-10Y-YIELD,Yield,0.0351196800087779
2025-11-07,UKGILT-10Y-YIELD,Yield,0.035030796208515846
2025-11-10,UKGILT-10Y-YIELD,Yield,0.035355794755819264
2025-11-11,UKGILT-10Y-YIELD,Yield,0.03558632488492971
2025-11-12,UKGILT-10Y-YIELD,Yield,0.034989513953390415
2025-11-13,UKGILT-10Y-YIELD,Yield,0.035044100969097075
2025-11-14,UKGILT-10Y-YIELD,Yield,0.035400388611270414
2025-11-17,UKGILT-10Y-YIELD,Yield,0.035066158031382695
2025-11-18,UKGILT-10Y-YIELD,Yield,0.034881078452106605
2025-11-19,UKGILT-10Y-YIELD,Yield,0.035237135214208494
2025-11-20,UKGILT-10Y-YIELD,Yield,0.03480552860588299
2025-11-21,UKGILT-10Y-YIELD,Yield,0.035286088047449954
2025-11-24,UKGILT-10Y-YIELD,Yield,0.03483919889811513
2025-11-25,UKGILT-10Y-YIELD,Yield,0.03457664980943549
2025-11-26,UKGILT-10Y-YIELD,Yield,0.03436462285390906
2025-11-27,UKGILT-10Y-YIELD,Yield,0.03418672131416617
2025-11-28,UKGILT-10Y-YIELD,Yield,0.03436997689976425
2025-12-01,UKGILT-10Y-YIELD,Yield,0.03444881599976809
2025-12-02,UKGILT-10Y-YIELD,Yield,0.034454698221146496
2025-12-03,UKGILT-10Y-YIELD,Yield,0.03447359816194476
2025-12-04,UKGILT-10Y-YIELD,Yield,0.033941792346647945
2025-12-05,UKGILT-10Y-YIELD,Yield,0.03370400554213753
2025-12-08,UKGILT-10Y-YIELD,Yield,0.03398139068788679
2025-12-09,UKGILT-10Y-YIELD,Yield,0.033574690748515726
2025-12-10,UKGILT-10Y-YIELD,Yield,0.0339475943044424
2025-12-11,UKGILT-10Y-YIELD,Yield,0.03384654554913878
2025-12-12,UKGILT-10Y-YIELD,Yield,0.033489552951718016
2025-12-15,UKGILT-10Y-YIELD,Yield,0.033676728000008246
2025-12-16,UKGILT-10Y-YIELD,Yield,0.033854593045854725
2025-12-17,UKGILT-10Y-YIELD,Yield,0.03360621259352477
2025-12-18,UKGILT-10Y-YIELD,Yield,0.03338629691074165
2025-12-19,UKGILT-10Y-YIELD,Yield,0.033080176960577044
2025-12-22,UKGILT-10Y-YIELD,Yield,0.03284418622641731
2025-12-23,UKGILT-10Y-YIELD,Yield,0.03210120905459469
2025-12-24,UKGILT-10Y-YIELD,Yield,0.031847821975095364
2025-12-25,UKGILT-10Y-YIELD,Yield,0.03218225036041696
2025-12-26,UKGILT-10Y-YIELD,Yield,0.03198193897269688
2025-12-29,UKGILT-10Y-YIELD,Yield,0.03205154894162468
2025-12-30,UKGILT-10Y-YIELD,Yield,0.03225445320318854
2025-12-31,UKGILT-10Y-YIELD,Yield,0.03225869103220748
2026-01-01,UKGILT-10Y-YIELD,Yield,0.03206809645857388
2026-01-02,UKGILT-10Y-YIELD,Yield,0.03186009625886128
2026-01-05,UKGILT-10Y-YIELD,Yield,0.03165042626246242
2026-01-06,UKGILT-10Y-YIELD,Yield,0.031704011998735473
2026-01-07,UKGILT-10Y-YIELD,Yield,0.03154763813751778
2026-01-08,UKGILT-10Y-YIELD,Yield,0.0317314910949479
2026-01-09,UKGILT-10Y-YIELD,Yield,0.032225675158386105
2026-01-12,UKGILT-10Y-YIELD,Yield,0.03233978036987159
2026-01-13,UKGILT-10Y-YIELD,Yield,0.0318730516688259
2026-01-14,UKGILT-10Y-YIELD,Yield,0.03193821960231373
2026-01-15,UKGILT-10Y-YIELD,Yield,0.03184186691081362
2026-01-16,UKGILT-10Y-YIELD,Yield,0.031683258409543655
2026-01-19,UKGILT-10Y-YIELD,Yield,0.03142514440326239
2026-01-20,UKGILT-10Y-YIELD,Yield,0.03130903478678406
2026-01-21,UKGILT-10Y-YIELD,Yield,0.03223959702900683
2026-01-22,UKGILT-10Y-YIELD,Yield,0.03314336342050145
2026-01-23,UKGILT-10Y-YIELD,Yield,0.03363725407419995
2026-01-26,UKGILT-10Y-YIELD,Yield,0.033331239253232725
2026-01-27,UKGILT-10Y-YIELD,Yield,0.033349559893013414
2026-01-28,UKGILT-10Y-YIELD,Yield,0.03364251912824792
2026-01-29,UKGILT-10Y-YIELD,Yield,0.033511082166111
2026-01-30,UKGILT-10Y-YIELD,Yield,0.033667008298611294
2026-02-02,UKGILT-10Y-YIELD,Yield,0.03397164168486635
2026-02-03,UKGILT-10Y-YIELD,Yield,0.03441048722893315
2026-02-04,UKGILT-10Y-YIELD,Yield,0.03451544745862863
2026-02-05,UKGILT-10Y-YIELD,Yield,0.03458717242544605
2026-02-06,UKGILT-10Y-YIELD,Yield,0.03448530639737084
2026-02-09,UKGILT-10Y-YIELD,Yield,0.034353426677579964
2026-02-10,UKGILT-10Y-YIELD,Yield,0.03436309096874917
2026-02-11,UKGILT-10Y-YIELD,Yield,0.03429529766768169
2026-02-12,UKGILT-10Y-YIELD,Yield,0.03449788235278349
2026-02-13,UKGILT-10Y-YIELD,Yield,0.03456071304554928
2026-02-16,UKGILT-10Y-YIELD,Yield,0.034459596464858265
2026-02-17,UKGILT-10Y-YIELD,Yield,0.03487084766169077
2026-02-18,UKGILT-10Y-YIELD,Yield,0.03473764880760143
2026-02-19,UKGILT-10Y-YIELD,Yield,0.034884929541969534
2026-02-20,UKGILT-10Y-YIELD,Yield,0.03500133512134482
2026-02-23,UKGILT-10Y-YIELD,Yield,0.034790417652286514
2026-02-24,UKGILT-10Y-YIELD,Yield,0.03475279425249854
2026-02-25,UKGILT-10Y-YIELD,Yield,0.034790161836988624
2026-02-26,UKGILT-10Y-YIELD,Yield,0.03458501800917771
2026-02-27,UKGILT-10Y-YIELD,Yield,0.034153958606447196
2026-03-02,UKGILT-10Y-YIELD,Yield,0.03490886863657562
2026-03-03,UKGILT-10Y-YIELD,Yield,0.03467903313945709
2026-03-04,UKGILT-10Y-YIELD,Yield,0.03454485324740749
2026-03-05,UKGILT-10Y-YIELD,Yield,0.034429138163365826
2026-03-06,UKGILT-10Y-YIELD,Yield,0.034386980106856854
2026-03-09,UKGILT-10Y-YIELD,Yield,0.03460714810672162
2026-03-10,UKGILT-10Y-YIELD,Yield,0.034810135369330024
2026-03-11,UKGILT-10Y-YIELD,Yield,0.034595263599222666
2026-03-12,UKGILT-10Y-YIELD,Yield,0.03466386797430175
2026-03-13,UKGILT-10Y-YIELD,Yield,0.0348272897276691
2026-03-16,UKGILT-10Y-YIELD,Yield,0.0347333359580182
2026-03-17,UKGILT-10Y-YIELD,Yield,0.035031667857275746
2026-03-18,UKGILT-10Y-YIELD,Yield,0.03507464732287929
2026-03-19,UKGILT-10Y-YIELD,Yield,0.03531556481661894
2026-03-20,UKGILT-10Y-YIELD,Yield,0.034975097787308645
2026-03-23,UKGILT-10Y-YIELD,Yield,0.0354771726273
2026-03-24,UKGILT-10Y-YIELD,Yield,0.03540231483805717
2026-03-25,UKGILT-10Y-YIELD,Yield,0.03508048883831918
2026-03-26,UKGILT-10Y-YIELD,Yield,0.034795146563913394
2026-03-27,UKGILT-10Y-YIELD,Yield,0.03454691921490908
2026-03-30,UKGILT-10Y-YIELD,Yield,0.03462870279347059
2026-03-31,UKGILT-10Y-YIELD,Yield,0.03394114822230336
2026-04-01,UKGILT-10Y-YIELD,Yield,0.03364201113195486
2026-04-02,UKGILT-10Y-YIELD,Yield,0.03396205336386401
2026-04-03,UKGILT-10Y-YIELD,Yield,0.03432798316301953
2026-04-06,UKGILT-10Y-YIELD,Yield,0.034005861074457966
2026-04-07,UKGILT-10Y-YIELD,Yield,0.0340524228205914
2026-04-08,UKGILT-10Y-YIELD,Yield,0.034126127220113614
2026-04-09,UKGILT-10Y-YIELD,Yield,0.03406624147657556
2026-04-10,UKGILT-10Y-YIELD,Yield,0.03390873930211088
2026-04-13,UKGILT-10Y-YIELD,Yield,0.034167202315537125
2026-04-14,UKGILT-10Y-YIELD,Yield,0.03410410696961603
2026-04-15,UKGILT-10Y-YIELD,Yield,0.03418343670173231
2026-04-16,UKGILT-10Y-YIELD,Yield,0.0344394109236388
2026-04-17,UKGILT-10Y-YIELD,Yield,0.03417740352279854
2026-04-20,UKGILT-10Y-YIELD,Yield,0.03392646175532577
2026-04-21,UKGILT-10Y-YIELD,Yield,0.03461828398878677
2026-04-22,UKGILT-10Y-YIELD,Yield,0.03434087612104686
2026-04-23,UKGILT-10Y-YIELD,Yield,0.03470225549835079
2026-04-24,UKGILT-10Y-YIELD,Yield,0.035082147922483264
2026-04-27,UKGILT-10Y-YIELD,Yield,0.03513817563144819
2026-04-28,UKGILT-10Y-YIELD,Yield,0.035070738071180836
2026-04-29,UKGILT-10Y-YIELD,Yield,0.03507210076363606
2026-04-30,UKGILT-10Y-YIELD,Yield,0.03487584237358757
2026-05-01,UKGILT-10Y-YIELD,Yield,0.03490796306470411
2026-05-04,UKGILT-10Y-YIELD,Yield,0.034868983072859266
2026-05-05,UKGILT-10Y-YIELD,Yield,0.03473589328444888
2026-05-06,UKGILT-10Y-YIELD,Yield,0.03465283701894114
2026-05-07,UKGILT-10Y-YIELD,Yield,0.03492783090207202
2026-05-08,UKGILT-10Y-YIELD,Yield,0.034956389280989694
2026-05-11,UKGILT-10Y-YIELD,Yield,0.03491715600233207
2026-05-12,UKGILT-10Y-YIELD,Yield,0.03551310705031852
2026-05-13,UKGILT-10Y-YIELD,Yield,0.035531428394254036
2026-05-14,UKGILT-10Y-YIELD,Yield,0.03574077287866168
2026-05-15,UKGILT-10Y-YIELD,Yield,0.03550392654965663
2026-05-18,UKGILT-10Y-YIELD,Yield,0.03521458442319694
2026-05-19,UKGILT-10Y-YIELD,Yield,0.03538179385106985
2026-05-20,UKGILT-10Y-YIELD,Yield,0.035692518412640345
2026-05-21,UKGILT-10Y-YIELD,Yield,0.03482475666167488
2026-05-22,UKGILT-10Y-YIELD,Yield,0.03504888140375409
2026-05-25,UKGILT-10Y-YIELD,Yield,0.03530249904388346
2026-05-26,UKGILT-10Y-YIELD,Yield,0.035331136889165476
2026-05-27,UKGILT-10Y-YIELD,Yield,0.035541288129265915
2026-05-28,UKGILT-10Y-YIELD,Yield,0.03524510031324361
2026-05-29,UKGILT-10Y-YIELD,Yield,0.03537700459050692
2026-06-01,UKGILT-10Y-YIELD,Yield,0.03506042508585866
2026-06-02,UKGILT-10Y-YIELD,Yield,0.03500109605326275
2026-06-03,UKGILT-10Y-YIELD,Yield,0.034898444276385235
2026-06-04,UKGILT-10Y-YIELD,Yield,0.03495323512168285
2026-06-05,UKGILT-10Y-YIELD,Yield,0.03455959102703579
2026-06-08,UKGILT-10Y-YIELD,Yield,0.034645653541124866
2026-06-09,UKGILT-10Y-YIELD,Yield,0.03475858261787119
2026-06-10,UKGILT-10Y-YIELD,Yield,0.035104415925063824
2026-06-11,UKGILT-10Y-YIELD,Yield,0.03493408273081048
2026-06-12,UKGILT-10Y-YIELD,Yield,0.03508362760451358
2026-06-15,UKGILT-10Y-YIELD,Yield,0.03488818340737408
2026-06-16,UKGILT-10Y-YIELD,Yield,0.035039792088649976
2026-06-17,UKGILT-10Y-YIELD,Yield,0.03484729403760642
2026-06-18,UKGILT-10Y-YIELD,Yield,0.03452643943399722
2026-06-19,UKGILT-10Y-YIELD,Yield,0.03434795922722092
2026-06-22,UKGILT-10Y-YIELD,Yield,0.03481029634533454
2026-06-23,UKGILT-10Y-YIELD,Yield,0.0352429446672843
2026-06-24,UKGILT-10Y-YIELD,Yield,0.03526647235882013
2026-06-25,UKGILT-10Y-YIELD,Yield,0.03530168323941524
2026-06-26,UKGILT-10Y-YIELD,Yield,0.03541609452714186
2026-06-29,UKGILT-10Y-YIELD,Yield,0.03497545748926595
2026-06-30,UKGILT-10Y-YIELD,Yield,0.035567607831530686
2026-07-01,UKGILT-10Y-YIELD,Yield,0.035290890879704655
2026-07-02,UKGILT-10Y-YIELD,Yield,0.03493442335721384
2026-07-03,UKGILT-10Y-YIELD,Yield,0.03488372771187935
2026-07-06,UKGILT-10Y-YIELD,Yield,0.03459873068715612
2026-07-07,UKGILT-10Y-YIELD,Yield,0.03469496509013611
2026-07-08,UKGILT-10Y-YIELD,Yield,0.03488915210442917
2026-07-09,UKGILT-10Y-YIELD,Yield,0.034793000961811885
2026-07-10,UKGILT-10Y-YIELD,Yield,0.0348438930989969
2026-07-13,UKGILT-10Y-YIELD,Yield,0.03466584362106416
2026-07-14,UKGILT-10Y-YIELD,Yield,0.034165329254093664
2026-07-15,UKGILT-10Y-YIELD,Yield,0.033794241555378385
2026-07-16,UKGILT-10Y-YIELD,Yield,0.034385789740993
2026-07-17,UKGILT-10Y-YIELD,Yield,0.03435396018391716
2026-07-20,UKGILT-10Y-YIELD,Yield,0.033809822603329126
2026-07-21,UKGILT-10Y-YIELD,Yield,0.033475914719402936
2026-07-22,UKGILT-10Y-YIELD,Yield,0.03322176215175632
2026-07-23,UKGILT-10Y-YIELD,Yield,0.033442811509743174
2026-07-24,UKGILT-10Y-YIELD,Yield,0.033476740588099074
2026-07-27,UKGILT-10Y-YIELD,Yield,0.03390459366214346
2026-07-28,UKGILT-10Y-YIELD,Yield,0.03446933485524762
2026-07-29,UKGILT-10Y-YIELD,Yield,0.034651621120134306
2026-07-30,UKGILT-10Y-YIELD,Yield,0.034814688018004095
2026-07-31,UKGILT-10Y-YIELD,Yield,0.035184458893480666
2026-08-03,UKGILT-10Y-YIELD,Yield,0.03506558841046713
2026-08-04,UKGILT-10Y-YIELD,Yield,0.034988413820204914
2026-08-05,UKGILT-10Y-YIELD,Yield,0.034497230805293794
2026-08-06,UKGILT-10Y-YIELD,Yield,0.03473207152553348
2026-08-07,UKGILT-10Y-YIELD,Yield,0.034475568430964845
2026-08-10,UKGILT-10Y-YIELD,Yield,0.03456139164976108
2026-08-11,UKGILT-10Y-YIELD,Yield,0.0352808172245724
2026-08-12,UKGILT-10Y-YIELD,Yield,0.03488382079797714
2026-08-13,UKGILT-10Y-YIELD,Yield,0.034738385981861644
2026-08-14,UKGILT-10Y-YIELD,Yield,0.03443455229844296
2026-08-17,UKGILT-10Y-YIELD,Yield,0.03409403819504097
2026-08-18,UKGILT-10Y-YIELD,Yield,0.03430467710185102
2026-08-19,UKGILT-10Y-YIELD,Yield,0.03382070656853152
2026-08-20,UKGILT-10Y-YIELD,Yield,0.03390408542620257
2026-08-21,UKGILT-10Y-YIELD,Yield,0.03392365994758914
2026-08-24,UKGILT-10Y-YIELD,Yield,0.03423258288128999
2026-08-25,UKGILT-10Y-YIELD,Yield,0.033695358010751394
2026-08-26,UKGILT-10Y-YIELD,Yield,0.033313706784129773
2026-08-27,UKGILT-10Y-YIELD,Yield,0.033599129245507495
2026-08-28,UKGILT-10Y-YIELD,Yield,0.033042322574146396
2026-08-31,UKGILT-10Y-YIELD,Yield,0.033081833589206834
2026-09-01,UKGILT-10Y-YIELD,Yield,0.03340495963986252
2026-09-02,UKGILT-10Y-YIELD,Yield,0.03293625634945793
2026-09-03,UKGILT-10Y-YIELD,Yield,0.03260323625058522
2026-09-04,UKGILT-10Y-YIELD,Yield,0.032849232556180524
2024-09-04,UKGILT-5Y-YIELD,Yield,0.04
2024-09-05,UKGILT-5Y-YIELD,Yield,0.03938961235545044
2024-09-06,UKGILT-5Y-YIELD,Yield,0.03957060287952787
2024-09-09,UKGILT-5Y-YIELD,Yield,0.03979389123849184
2024-09-10,UKGILT-5Y-YIELD,Yield,0.03970098519853196
2024-09-11,UKGILT-5Y-YIELD,Yield,0.03981118161041562
2024-09-12,UKGILT-5Y-YIELD,Yield,0.04032429989785891
2024-09-13,UKGILT-5Y-YIELD,Yield,0.04064253924987866
2024-09-16,UKGILT-5Y-YIELD,Yield,0.04085483095612048
2024-09-17,UKGILT-5Y-YIELD,Yield,0.041061155772672116
2024-09-18,UKGILT-5Y-YIELD,Yield,0.040802085536546406
2024-09-19,UKGILT-5Y-YIELD,Yield,0.041091290556048474
2024-09-20,UKGILT-5Y-YIELD,Yield,0.04059675171134602
2024-09-23,UKGILT-5Y-YIELD,Yield,0.040497124167515414
2024-09-24,UKGILT-5Y-YIELD,Yield,0.040365936015235186
2024-09-25,UKGILT-5Y-YIELD,Yield,0.03984738040348138
2024-09-26,UKGILT-5Y-YIELD,Yield,0.03981427873738094
2024-09-27,UKGILT-5Y-YIELD,Yield,0.04030731526037126
2024-09-30,UKGILT-5Y-YIELD,Yield,0.04020527705908373
2024-10-01,UKGILT-5Y-YIELD,Yield,0.039842996057005926
2024-10-02,UKGILT-5Y-YIELD,Yield,0.039815679941454
2024-10-03,UKGILT-5Y-YIELD,Yield,0.040071857236404294
2024-10-04,UKGILT-5Y-YIELD,Yield,0.04012982267109941
2024-10-07,UKGILT-5Y-YIELD,Yield,0.04012902295616046
2024-10-08,UKGILT-5Y-YIELD,Yield,0.03970625627863818
2024-10-09,UKGILT-5Y-YIELD,Yield,0.0398565610013748
2024-10-10,UKGILT-5Y-YIELD,Yield,0.04000228032740991
2024-10-11,UKGILT-5Y-YIELD,Yield,0.040404660189125086
2024-10-14,UKGILT-5Y-YIELD,Yield,0.04085137617121137
2024-10-15,UKGILT-5Y-YIELD,Yield,0.04105795106524169
2024-10-16,UKGILT-5Y-YIELD,Yield,0.04056522600088586
2024-10-17,UKGILT-5Y-YIELD,Yield,0.04013460795022127
2024-10-18,UKGILT-5Y-YIELD,Yield,0.039805214413708954
2024-10-21,UKGILT-5Y-YIELD,Yield,0.03989369190104374
2024-10-22,UKGILT-5Y-YIELD,Yield,0.03965751807042707
2024-10-23,UKGILT-5Y-YIELD,Yield,0.04005037936874998
2024-10-24,UKGILT-5Y-YIELD,Yield,0.040123535946972606
2024-10-25,UKGILT-5Y-YIELD,Yield,0.040232966165682775
2024-10-28,UKGILT-5Y-YIELD,Yield,0.040458118597097324
2024-10-29,UKGILT-5Y-YIELD,Yield,0.04056019296752569
2024-10-30,UKGILT-5Y-YIELD,Yield,0.04013702286496991
2024-10-31,UKGILT-5Y-YIELD,Yield,0.04087260161894403
2024-11-01,UKGILT-5Y-YIELD,Yield,0.041311498290642575
2024-11-04,UKGILT-5Y-YIELD,Yield,0.041768436892038796
2024-11-05,UKGILT-5Y-YIELD,Yield,0.04154419210213715
2024-11-06,UKGILT-5Y-YIELD,Yield,0.040989942769411314
2024-11-07,UKGILT-5Y-YIELD,Yield,0.040537952355745185
2024-11-08,UKGILT-5Y-YIELD,Yield,0.04022191339155397
2024-11-11,UKGILT-5Y-YIELD,Yield,0.040486555231404465
2024-11-12,UKGILT-5Y-YIELD,Yield,0.04075665105464687
2024-11-13,UKGILT-5Y-YIELD,Yield,0.04119416892899455
2024-11-14,UKGILT-5Y-YIELD,Yield,0.04183690391578543
2024-11-15,UKGILT-5Y-YIELD,Yield,0.04199317619837785
2024-11-18,UKGILT-5Y-YIELD,Yield,0.042099544745836166
2024-11-19,UKGILT-5Y-YIELD,Yield,0.04199064404616378
2024-11-20,UKGILT-5Y-YIELD,Yield,0.04188970523771637
2024-11-21,UKGILT-5Y-YIELD,Yield,0.041542370125117176
2024-11-22,UKGILT-5Y-YIELD,Yield,0.041695610163151375
2024-11-25,UKGILT-5Y-YIELD,Yield,0.04179106147513755
2024-11-26,UKGILT-5Y-YIELD,Yield,0.04166950198962211
2024-11-27,UKGILT-5Y-YIELD,Yield,0.04142632633420666
2024-11-28,UKGILT-5Y-YIELD,Yield,0.041563411762712485
2024-11-29,UKGILT-5Y-YIELD,Yield,0.04195525978215256
2024-12-02,UKGILT-5Y-YIELD,Yield,0.04197970921803987
2024-12-03,UKGILT-5Y-YIELD,Yield,0.04206483993123738
2024-12-04,UKGILT-5Y-YIELD,Yield,0.04190038999959627
2024-12-05,UKGILT-5Y-YIELD,Yield,0.041825832244617195
2024-12-06,UKGILT-5Y-YIELD,Yield,0.041730881575955336
2024-12-09,UKGILT-5Y-YIELD,Yield,0.041645357982829846
2024-12-10,UKGILT-5Y-YIELD,Yield,0.0414661845491471
2024-12-11,UKGILT-5Y-YIELD,Yield,0.04158509956259349
2024-12-12,UKGILT-5Y-YIELD,Yield,0.04197501835096894
2024-12-13,UKGILT-5Y-YIELD,Yield,0.041690865695755655
2024-12-16,UKGILT-5Y-YIELD,Yield,0.04211062771588453
2024-12-17,UKGILT-5Y-YIELD,Yield,0.04198972698305523
2024-12-18,UKGILT-5Y-YIELD,Yield,0.04187960034809456
2024-12-19,UKGILT-5Y-YIELD,Yield,0.04123266058078502
2024-12-20,UKGILT-5Y-YIELD,Yield,0.04050621786994061
2024-12-23,UKGILT-5Y-YIELD,Yield,0.04072686878250917
2024-12-24,UKGILT-5Y-YIELD,Yield,0.04039954375915332
2024-12-25,UKGILT-5Y-YIELD,Yield,0.04064113625495968
2024-12-26,UKGILT-5Y-YIELD,Yield,0.04065632401743876
2024-12-27,UKGILT-5Y-YIELD,Yield,0.040731465960764435
2024-12-30,UKGILT-5Y-YIELD,Yield,0.0411314573902732
2024-12-31,UKGILT-5Y-YIELD,Yield,0.04110975086684125
2025-01-01,UKGILT-5Y-YIELD,Yield,0.04012991797877102
2025-01-02,UKGILT-5Y-YIELD,Yield,0.03960833036428038
2025-01-03,UKGILT-5Y-YIELD,Yield,0.03990011997608869
2025-01-06,UKGILT-5Y-YIELD,Yield,0.04049912405881053
2025-01-07,UKGILT-5Y-YIELD,Yield,0.04047033873743584
2025-01-08,UKGILT-5Y-YIELD,Yield,0.040259679038588604
2025-01-09,UKGILT-5Y-YIELD,Yield,0.039842014453276405
2025-01-10,UKGILT-5Y-YIELD,Yield,0.0400058306301113
2025-01-13,UKGILT-5Y-YIELD,Yield,0.03946646453280163
2025-01-14,UKGILT-5Y-YIELD,Yield,0.03909272120368697
2025-01-15,UKGILT-5Y-YIELD,Yield,0.03913350111393226
2025-01-16,UKGILT-5Y-YIELD,Yield,0.03916408142141451
2025-01-17,UKGILT-5Y-YIELD,Yield,0.03908643713168019
2025-01-20,UKGILT-5Y-YIELD,Yield,0.03940545329142179
2025-01-21,UKGILT-5Y-YIELD,Yield,0.03903243003692784
2025-01-22,UKGILT-5Y-YIELD,Yield,0.03867518134652227
2025-01-23,UKGILT-5Y-YIELD,Yield,0.038549673868452
2025-01-24,UKGILT-5Y-YIELD,Yield,0.03856921626007571
2025-01-27,UKGILT-5Y-YIELD,Yield,0.0384678864662793
2025-01-28,UKGILT-5Y-YIELD,Yield,0.03906569450526723
2025-01-29,UKGILT-5Y-YIELD,Yield,0.03888453202672633
2025-01-30,UKGILT-5Y-YIELD,Yield,0.03907513534752077
2025-01-31,UKGILT-5Y-YIELD,Yield,0.038899215783875465
2025-02-03,UKGILT-5Y-YIELD,Yield,0.038995426012420766
2025-02-04,UKGILT-5Y-YIELD,Yield,0.038862559050458996
2025-02-05,UKGILT-5Y-YIELD,Yield,0.038744651121998284
2025-02-06,UKGILT-5Y-YIELD,Yield,0.039231749316135614
2025-02-07,UKGILT-5Y-YIELD,Yield,0.039130640692650334
2025-02-10,UKGILT-5Y-YIELD,Yield,0.03964578197343055
2025-02-11,UKGILT-5Y-YIELD,Yield,0.03942392369764931
2025-02-12,UKGILT-5Y-YIELD,Yield,0.03928328494833236
2025-02-13,UKGILT-5Y-YIELD,Yield,0.03961611808667297
2025-02-14,UKGILT-5Y-YIELD,Yield,0.038872219267634255
2025-02-17,UKGILT-5Y-YIELD,Yield,0.03837006280929681
2025-02-18,UKGILT-5Y-YIELD,Yield,0.03837545397955833
2025-02-19,UKGILT-5Y-YIELD,Yield,0.038518524747928565
2025-02-20,UKGILT-5Y-YIELD,Yield,0.038690387082224165
2025-02-21,UKGILT-5Y-YIELD,Yield,0.03859257756824168
2025-02-24,UKGILT-5Y-YIELD,Yield,0.038158991152842624
2025-02-25,UKGILT-5Y-YIELD,Yield,0.038409323220498115
2025-02-26,UKGILT-5Y-YIELD,Yield,0.03854322624767317
2025-02-27,UKGILT-5Y-YIELD,Yield,0.03820082015640307
2025-02-28,UKGILT-5Y-YIELD,Yield,0.038226668087406074
2025-03-03,UKGILT-5Y-YIELD,Yield,0.038773042335505596
2025-03-04,UKGILT-5Y-YIELD,Yield,0.03881019526965158
2025-03-05,UKGILT-5Y-YIELD,Yield,0.038449278519007604
2025-03-06,UKGILT-5Y-YIELD,Yield,0.03831936516446563
2025-03-07,UKGILT-5Y-YIELD,Yield,0.03820704945525846
2025-03-10,UKGILT-5Y-YIELD,Yield,0.038310181890619306
2025-03-11,UKGILT-5Y-YIELD,Yield,0.0385842932563979
2025-03-12,UKGILT-5Y-YIELD,Yield,0.038299238921961624
2025-03-13,UKGILT-5Y-YIELD,Yield,0.03810030305685722
2025-03-14,UKGILT-5Y-YIELD,Yield,0.03840951690911724
2025-03-17,UKGILT-5Y-YIELD,Yield,0.03863374237989405
2025-03-18,UKGILT-5Y-YIELD,Yield,0.03904559512150092
2025-03-19,UKGILT-5Y-YIELD,Yield,0.038599780880583766
2025-03-20,UKGILT-5Y-YIELD,Yield,0.03830732147957319
2025-03-21,UKGILT-5Y-YIELD,Yield,0.03861259285967232
2025-03-24,UKGILT-5Y-YIELD,Yield,0.03832190683771319
2025-03-25,UKGILT-5Y-YIELD,Yield,0.03841971571156382
2025-03-26,UKGILT-5Y-YIELD,Yield,0.03840209707109152
2025-03-27,UKGILT-5Y-YIELD,Yield,0.038173334890572626
2025-03-28,UKGILT-5Y-YIELD,Yield,0.03861941528609188
2025-03-31,UKGILT-5Y-YIELD,Yield,0.0386138760947152
2025-04-01,UKGILT-5Y-YIELD,Yield,0.03845806281137801
2025-04-02,UKGILT-5Y-YIELD,Yield,0.03840824426792699
2025-04-03,UKGILT-5Y-YIELD,Yield,0.03848284933696249
2025-04-04,UKGILT-5Y-YIELD,Yield,0.038001050220492875
2025-04-07,UKGILT-5Y-YIELD,Yield,0.03773631752519979
2025-04-08,UKGILT-5Y-YIELD,Yield,0.03734439105689625
2025-04-09,UKGILT-5Y-YIELD,Yield,0.03670107061435984
2025-04-10,UKGILT-5Y-YIELD,Yield,0.03699826198750589
2025-04-11,UKGILT-5Y-YIELD,Yield,0.03743492603990718
2025-04-14,UKGILT-5Y-YIELD,Yield,0.03779681659599452
2025-04-15,UKGILT-5Y-YIELD,Yield,0.03725517776186839
2025-04-16,UKGILT-5Y-YIELD,Yield,0.0373757928751072
2025-04-17,UKGILT-5Y-YIELD,Yield,0.03758203096958864
2025-04-18,UKGILT-5Y-YIELD,Yield,0.0374068180690323
2025-04-21,UKGILT-5Y-YIELD,Yield,0.037654971709900315
2025-04-22,UKGILT-5Y-YIELD,Yield,0.03731311590752969
2025-04-23,UKGILT-5Y-YIELD,Yield,0.03698398956884992
2025-04-24,UKGILT-5Y-YIELD,Yield,0.036728429954493054
2025-04-25,UKGILT-5Y-YIELD,Yield,0.036507029423031134
2025-04-28,UKGILT-5Y-YIELD,Yield,0.036198095100290734
2025-04-29,UKGILT-5Y-YIELD,Yield,0.03648979239924388
2025-04-30,UKGILT-5Y-YIELD,Yield,0.03616198630145471
2025-05-01,UKGILT-5Y-YIELD,Yield,0.03601882493218293
2025-05-02,UKGILT-5Y-YIELD,Yield,0.0358231413149038
2025-05-05,UKGILT-5Y-YIELD,Yield,0.0364920015314915
2025-05-06,UKGILT-5Y-YIELD,Yield,0.0362168865530481
2025-05-07,UKGILT-5Y-YIELD,Yield,0.03635910240519609
2025-05-08,UKGILT-5Y-YIELD,Yield,0.03691114346891434
2025-05-09,UKGILT-5Y-YIELD,Yield,0.036549355781821675
2025-05-12,UKGILT-5Y-YIELD,Yield,0.03629490637101984
2025-05-13,UKGILT-5Y-YIELD,Yield,0.0361930093316966
2025-05-14,UKGILT-5Y-YIELD,Yield,0.03578886173749588
2025-05-15,UKGILT-5Y-YIELD,Yield,0.03615982040985517
2025-05-16,UKGILT-5Y-YIELD,Yield,0.03601414972173067
2025-05-19,UKGILT-5Y-YIELD,Yield,0.03633225099080645
2025-05-20,UKGILT-5Y-YIELD,Yield,0.036492566612753116
2025-05-21,UKGILT-5Y-YIELD,Yield,0.03649785379325605
2025-05-22,UKGILT-5Y-YIELD,Yield,0.0367872237559494
2025-05-23,UKGILT-5Y-YIELD,Yield,0.03669424716197396
2025-05-26,UKGILT-5Y-YIELD,Yield,0.03701256804010401
2025-05-27,UKGILT-5Y-YIELD,Yield,0.03661417356666741
2025-05-28,UKGILT-5Y-YIELD,Yield,0.03638782021276303
2025-05-29,UKGILT-5Y-YIELD,Yield,0.036751999751294076
2025-05-30,UKGILT-5Y-YIELD,Yield,0.03611729743015628
2025-06-02,UKGILT-5Y-YIELD,Yield,0.03626019299031044
2025-06-03,UKGILT-5Y-YIELD,Yield,0.0361351825231841
2025-06-04,UKGILT-5Y-YIELD,Yield,0.035969457932938154
2025-06-05,UKGILT-5Y-YIELD,Yield,0.035757960044980164
2025-06-06,UKGILT-5Y-YIELD,Yield,0.03614518832321091
2025-06-09,UKGILT-5Y-YIELD,Yield,0.03568381803328677
2025-06-10,UKGILT-5Y-YIELD,Yield,0.03593437293463621
2025-06-11,UKGILT-5Y-YIELD,Yield,0.03607751899508956
2025-06-12,UKGILT-5Y-YIELD,Yield,0.035948590780018774
2025-06-13,UKGILT-5Y-YIELD,Yield,0.035921969736240726
2025-06-16,UKGILT-5Y-YIELD,Yield,0.03613406520841693
2025-06-17,UKGILT-5Y-YIELD,Yield,0.03595471545734049
2025-06-18,UKGILT-5Y-YIELD,Yield,0.03549822406644596
2025-06-19,UKGILT-5Y-YIELD,Yield,0.03558282952491547
2025-06-20,UKGILT-5Y-YIELD,Yield,0.035328827387104106
2025-06-23,UKGILT-5Y-YIELD,Yield,0.03520490346453731
2025-06-24,UKGILT-5Y-YIELD,Yield,0.03522065374014242
2025-06-25,UKGILT-5Y-YIELD,Yield,0.03544183102571782
2025-06-26,UKGILT-5Y-YIELD,Yield,0.0359868309055884
2025-06-27,UKGILT-5Y-YIELD,Yield,0.03608959735887867
2025-06-30,UKGILT-5Y-YIELD,Yield,0.0361241348165447
2025-07-01,UKGILT-5Y-YIELD,Yield,0.0363699867772148
2025-07-02,UKGILT-5Y-YIELD,Yield,0.03645571527748033
2025-07-03,UKGILT-5Y-YIELD,Yield,0.035948359156953914
2025-07-04,UKGILT-5Y-YIELD,Yield,0.035767507196386494
2025-07-07,UKGILT-5Y-YIELD,Yield,0.03539560374849758
2025-07-08,UKGILT-5Y-YIELD,Yield,0.0356045880688998
2025-07-09,UKGILT-5Y-YIELD,Yield,0.035986601017543786
2025-07-10,UKGILT-5Y-YIELD,Yield,0.03609346358777034
2025-07-11,UKGILT-5Y-YIELD,Yield,0.03578400190913218
2025-07-14,UKGILT-5Y-YIELD,Yield,0.03602435070426184
2025-07-15,UKGILT-5Y-YIELD,Yield,0.035735283767552514
2025-07-16,UKGILT-5Y-YIELD,Yield,0.035811282256183935
2025-07-17,UKGILT-5Y-YIELD,Yield,0.03545132315679311
2025-07-18,UKGILT-5Y-YIELD,Yield,0.035035187800085396
2025-07-21,UKGILT-5Y-YIELD,Yield,0.03461385479894922
2025-07-22,UKGILT-5Y-YIELD,Yield,0.0346190391557172
2025-07-23,UKGILT-5Y-YIELD,Yield,0.034420484313272756
2025-07-24,UKGILT-5Y-YIELD,Yield,0.034551412946534195
2025-07-25,UKGILT-5Y-YIELD,Yield,0.0341616107227105
2025-07-28,UKGILT-5Y-YIELD,Yield,0.0343086872770417
2025-07-29,UKGILT-5Y-YIELD,Yield,0.03412291796950975
2025-07-30,UKGILT-5Y-YIELD,Yield,0.03449869363703625
2025-07-31,UKGILT-5Y-YIELD,Yield,0.03480461489601465
2025-08-01,UKGILT-5Y-YIELD,Yield,0.03473973742738668
2025-08-04,UKGILT-5Y-YIELD,Yield,0.034772221651979004
2025-08-05,UKGILT-5Y-YIELD,Yield,0.0348453015136042
2025-08-06,UKGILT-5Y-YIELD,Yield,0.03498442856997424
2025-08-07,UKGILT-5Y-YIELD,Yield,0.03490216050399694
2025-08-08,UKGILT-5Y-YIELD,Yield,0.03523085486070815
2025-08-11,UKGILT-5Y-YIELD,Yield,0.03507832003326085
2025-08-12,UKGILT-5Y-YIELD,Yield,0.034500779583734584
2025-08-13,UKGILT-5Y-YIELD,Yield,0.034574687645296726
2025-08-14,UKGILT-5Y-YIELD,Yield,0.034542170155350924
2025-08-15,UKGILT-5Y-YIELD,Yield,0.034791895855294706
2025-08-18,UKGILT-5Y-YIELD,Yield,0.03497069478630894
2025-08-19,UKGILT-5Y-YIELD,Yield,0.03500954055376755
2025-08-20,UKGILT-5Y-YIELD,Yield,0.03504172647170403
2025-08-21,UKGILT-5Y-YIELD,Yield,0.03507974132669615
2025-08-22,UKGILT-5Y-YIELD,Yield,0.034881959792729816
2025-08-25,UKGILT-5Y-YIELD,Yield,0.034516727166664866
2025-08-26,UKGILT-5Y-YIELD,Yield,0.03427045102742904
2025-08-27,UKGILT-5Y-YIELD,Yield,0.034243053882794555
2025-08-28,UKGILT-5Y-YIELD,Yield,0.03356344513302297
2025-08-29,UKGILT-5Y-YIELD,Yield,0.033432728793574444
2025-09-01,UKGILT-5Y-YIELD,Yield,0.03313814563674554
2025-09-02,UKGILT-5Y-YIELD,Yield,0.03311169347406528
2025-09-03,UKGILT-5Y-YIELD,Yield,0.032867660300836536
2025-09-04,UKGILT-5Y-YIELD,Yield,0.032886347282732646
2025-09-05,UKGILT-5Y-YIELD,Yield,0.03281790076560817
2025-09-08,UKGILT-5Y-YIELD,Yield,0.033206723765547605
2025-09-09,UKGILT-5Y-YIELD,Yield,0.03310375018071293
2025-09-10,UKGILT-5Y-YIELD,Yield,0.03303069105894933
2025-09-11,UKGILT-5Y-YIELD,Yield,0.03303841490914534
2025-09-12,UKGILT-5Y-YIELD,Yield,0.032493049245823954
2025-09-15,UKGILT-5Y-YIELD,Yield,0.03217139510310696
2025-09-16,UKGILT-5Y-YIELD,Yield,0.03260226658002369
2025-09-17,UKGILT-5Y-YIELD,Yield,0.0327572155770819
2025-09-18,UKGILT-5Y-YIELD,Yield,0.03278249950098785
2025-09-19,UKGILT-5Y-YIELD,Yield,0.03310696125562436
2025-09-22,UKGILT-5Y-YIELD,Yield,0.03305288804520558
2025-09-23,UKGILT-5Y-YIELD,Yield,0.03297814244975358
2025-09-24,UKGILT-5Y-YIELD,Yield,0.03288734277503443
2025-09-25,UKGILT-5Y-YIELD,Yield,0.03235456490301793
2025-09-26,UKGILT-5Y-YIELD,Yield,0.03263629010402975
2025-09-29,UKGILT-5Y-YIELD,Yield,0.032579536717867764
2025-09-30,UKGILT-5Y-YIELD,Yield,0.03255130418094165
2025-10-01,UKGILT-5Y-YIELD,Yield,0.03245103640457844
2025-10-02,UKGILT-5Y-YIELD,Yield,0.03226054693146421
2025-10-03,UKGILT-5Y-YIELD,Yield,0.03158281643634761
2025-10-06,UKGILT-5Y-YIELD,Yield,0.031628156803041804
2025-10-07,UKGILT-5Y-YIELD,Yield,0.03228246184686508
2025-10-08,UKGILT-5Y-YIELD,Yield,0.03257891128405633
2025-10-09,UKGILT-5Y-YIELD,Yield,0.032492460770414476
2025-10-10,UKGILT-5Y-YIELD,Yield,0.032215052746911894
2025-10-13,UKGILT-5Y-YIELD,Yield,0.032222758807230814
2025-10-14,UKGILT-5Y-YIELD,Yield,0.0323340287788449
2025-10-15,UKGILT-5Y-YIELD,Yield,0.03229793219353681
2025-10-16,UKGILT-5Y-YIELD,Yield,0.03254814818845971
2025-10-17,UKGILT-5Y-YIELD,Yield,0.03226220257547082
2025-10-20,UKGILT-5Y-YIELD,Yield,0.03258250553604201
2025-10-21,UKGILT-5Y-YIELD,Yield,0.03262904359145004
2025-10-22,UKGILT-5Y-YIELD,Yield,0.03246429004398261
2025-10-23,UKGILT-5Y-YIELD,Yield,0.0323791906298586
2025-10-24,UKGILT-5Y-YIELD,Yield,0.03248339247482851
2025-10-27,UKGILT-5Y-YIELD,Yield,0.032712082201289405
2025-10-28,UKGILT-5Y-YIELD,Yield,0.032733815204460635
2025-10-29,UKGILT-5Y-YIELD,Yield,0.03290837957544258
2025-10-30,UKGILT-5Y-YIELD,Yield,0.03362943714539533
2025-10-31,UKGILT-5Y-YIELD,Yield,0.03313776671154161
2025-11-03,UKGILT-5Y-YIELD,Yield,0.03253615956899166
2025-11-04,UKGILT-5Y-YIELD,Yield,0.03256278075708063
2025-11-05,UKGILT-5Y-YIELD,Yield,0.03227245349993692
2025-11-06,UKGILT-5Y-YIELD,Yield,0.03230636138922526
2025-11-07,UKGILT-5Y-YIELD,Yield,0.03182323663813937
2025-11-10,UKGILT-5Y-YIELD,Yield,0.03186311251820166
2025-11-11,UKGILT-5Y-YIELD,Yield,0.03225637288791064
2025-11-12,UKGILT-5Y-YIELD,Yield,0.03258891589040563
2025-11-13,UKGILT-5Y-YIELD,Yield,0.03225951581911223
2025-11-14,UKGILT-5Y-YIELD,Yield,0.032166651592124264
2025-11-17,UKGILT-5Y-YIELD,Yield,0.03243220187701313
2025-11-18,UKGILT-5Y-YIELD,Yield,0.03297956427764284
2025-11-19,UKGILT-5Y-YIELD,Yield,0.032693631738307125
2025-11-20,UKGILT-5Y-YIELD,Yield,0.032437415909462905
2025-11-21,UKGILT-5Y-YIELD,Yield,0.03277270760750466
2025-11-24,UKGILT-5Y-YIELD,Yield,0.03266493998743672
2025-11-25,UKGILT-5Y-YIELD,Yield,0.03235692139279293
2025-11-26,UKGILT-5Y-YIELD,Yield,0.03267227196911805
2025-11-27,UKGILT-5Y-YIELD,Yield,0.03216826010405891
2025-11-28,UKGILT-5Y-YIELD,Yield,0.03196307232193379
2025-12-01,UKGILT-5Y-YIELD,Yield,0.032252973569173685
2025-12-02,UKGILT-5Y-YIELD,Yield,0.03206447522559867
2025-12-03,UKGILT-5Y-YIELD,Yield,0.03229359580497343
2025-12-04,UKGILT-5Y-YIELD,Yield,0.03192559731082944
2025-12-05,UKGILT-5Y-YIELD,Yield,0.032158206898895564
2025-12-08,UKGILT-5Y-YIELD,Yield,0.03229983801693333
2025-12-09,UKGILT-5Y-YIELD,Yield,0.03278603930274321
2025-12-10,UKGILT-5Y-YIELD,Yield,0.0327122748201091
2025-12-11,UKGILT-5Y-YIELD,Yield,0.03260648033225858
2025-12-12,UKGILT-5Y-YIELD,Yield,0.03257773263962879
2025-12-15,UKGILT-5Y-YIELD,Yield,0.032892001951748406
2025-12-16,UKGILT-5Y-YIELD,Yield,0.03266919903249183
2025-12-17,UKGILT-5Y-YIELD,Yield,0.0326265601345988
2025-12-18,UKGILT-5Y-YIELD,Yield,0.033211452524804154
2025-12-19,UKGILT-5Y-YIELD,Yield,0.03344553490115321
2025-12-22,UKGILT-5Y-YIELD,Yield,0.033662819733649714
2025-12-23,UKGILT-5Y-YIELD,Yield,0.03350649215011905
2025-12-24,UKGILT-5Y-YIELD,Yield,0.033764805756442806
2025-12-25,UKGILT-5Y-YIELD,Yield,0.0334154082925678
2025-12-26,UKGILT-5Y-YIELD,Yield,0.03296782151298103
2025-12-29,UKGILT-5Y-YIELD,Yield,0.03268510399746068
2025-12-30,UKGILT-5Y-YIELD,Yield,0.03311042345543343
2025-12-31,UKGILT-5Y-YIELD,Yield,0.03316060752510225
2026-01-01,UKGILT-5Y-YIELD,Yield,0.03288038763545825
2026-01-02,UKGILT-5Y-YIELD,Yield,0.032772932695566796
2026-01-05,UKGILT-5Y-YIELD,Yield,0.032908165766193244
2026-01-06,UKGILT-5Y-YIELD,Yield,0.033262631631821846
2026-01-07,UKGILT-5Y-YIELD,Yield,0.03277260053013375
2026-01-08,UKGILT-5Y-YIELD,Yield,0.0331736947669155
2026-01-09,UKGILT-5Y-YIELD,Yield,0.0334531032154623
2026-01-12,UKGILT-5Y-YIELD,Yield,0.0332438188439093
2026-01-13,UKGILT-5Y-YIELD,Yield,0.03312401784466411
2026-01-14,UKGILT-5Y-YIELD,Yield,0.03327117766721044
2026-01-15,UKGILT-5Y-YIELD,Yield,0.033185213050776964
2026-01-16,UKGILT-5Y-YIELD,Yield,0.03322644719853322
2026-01-19,UKGILT-5Y-YIELD,Yield,0.03290841514968923
2026-01-20,UKGILT-5Y-YIELD,Yield,0.03236157979469104
2026-01-21,UKGILT-5Y-YIELD,Yield,0.03309020309477503
2026-01-22,UKGILT-5Y-YIELD,Yield,0.03314138898666676
2026-01-23,UKGILT-5Y-YIELD,Yield,0.03320872473457554
2026-01-26,UKGILT-5Y-YIELD,Yield,0.033361365471121764
2026-01-27,UKGILT-5Y-YIELD,Yield,0.03376200920860236
2026-01-28,UKGILT-5Y-YIELD,Yield,0.03404068815676836
2026-01-29,UKGILT-5Y-YIELD,Yield,0.03373216592732144
2026-01-30,UKGILT-5Y-YIELD,Yield,0.03369826239475948
2026-02-02,UKGILT-5Y-YIELD,Yield,0.03371902854295304
2026-02-03,UKGILT-5Y-YIELD,Yield,0.033947561905683224
2026-02-04,UKGILT-5Y-YIELD,Yield,0.033767445755808596
2026-02-05,UKGILT-5Y-YIELD,Yield,0.03388185246213291
2026-02-06,UKGILT-5Y-YIELD,Yield,0.03394939615308855
2026-02-09,UKGILT-5Y-YIELD,Yield,0.03436323692116395
2026-02-10,UKGILT-5Y-YIELD,Yield,0.03358055999701036
2026-02-11,UKGILT-5Y-YIELD,Yield,0.03360443615736498
2026-02-12,UKGILT-5Y-YIELD,Yield,0.03370619303259693
2026-02-13,UKGILT-5Y-YIELD,Yield,0.03390856337105444
2026-02-16,UKGILT-5Y-YIELD,Yield,0.03390598637156177
2026-02-17,UKGILT-5Y-YIELD,Yield,0.03365740407129546
2026-02-18,UKGILT-5Y-YIELD,Yield,0.033858208004396984
2026-02-19,UKGILT-5Y-YIELD,Yield,0.033968826343437585
2026-02-20,UKGILT-5Y-YIELD,Yield,0.033716504591380085
2026-02-23,UKGILT-5Y-YIELD,Yield,0.033308165335263824
2026-02-24,UKGILT-5Y-YIELD,Yield,0.03347550020932882
2026-02-25,UKGILT-5Y-YIELD,Yield,0.033215295482409195
2026-02-26,UKGILT-5Y-YIELD,Yield,0.033410258343055214
2026-02-27,UKGILT-5Y-YIELD,Yield,0.03386500492083101
2026-03-02,UKGILT-5Y-YIELD,Yield,0.033926828173901885
2026-03-03,UKGILT-5Y-YIELD,Yield,0.033995455364872675
2026-03-04,UKGILT-5Y-YIELD,Yield,0.03403306607114667
2026-03-05,UKGILT-5Y-YIELD,Yield,0.03444885456496033
2026-03-06,UKGILT-5Y-YIELD,Yield,0.03486972671502723
2026-03-09,UKGILT-5Y-YIELD,Yield,0.03489501447255369
2026-03-10,UKGILT-5Y-YIELD,Yield,0.035117741214552294
2026-03-11,UKGILT-5Y-YIELD,Yield,0.0351312274074396
2026-03-12,UKGILT-5Y-YIELD,Yield,0.03498213817469459
2026-03-13,UKGILT-5Y-YIELD,Yield,0.035212590898069294
2026-03-16,UKGILT-5Y-YIELD,Yield,0.03518596263008192
2026-03-17,UKGILT-5Y-YIELD,Yield,0.03493097427396066
2026-03-18,UKGILT-5Y-YIELD,Yield,0.03448156644302895
2026-03-19,UKGILT-5Y-YIELD,Yield,0.03477919939165635
2026-03-20,UKGILT-5Y-YIELD,Yield,0.0344900313614605
2026-03-23,UKGILT-5Y-YIELD,Yield,0.03415686428124104
2026-03-24,UKGILT-5Y-YIELD,Yield,0.03407779225181378
2026-03-25,UKGILT-5Y-YIELD,Yield,0.0342996274605648
2026-03-26,UKGILT-5Y-YIELD,Yield,0.033781422788452586
2026-03-27,UKGILT-5Y-YIELD,Yield,0.033972452980155395
2026-03-30,UKGILT-5Y-YIELD,Yield,0.03408994467217881
2026-03-31,UKGILT-5Y-YIELD,Yield,0.03372517575043386
2026-04-01,UKGILT-5Y-YIELD,Yield,0.03338341502096327
2026-04-02,UKGILT-5Y-YIELD,Yield,0.03333107732073248
2026-04-03,UKGILT-5Y-YIELD,Yield,0.03391124384627828
2026-04-06,UKGILT-5Y-YIELD,Yield,0.03383601107804228
2026-04-07,UKGILT-5Y-YIELD,Yield,0.03416182848669154
2026-04-08,UKGILT-5Y-YIELD,Yield,0.034444957690610054
2026-04-09,UKGILT-5Y-YIELD,Yield,0.03396876378068977
2026-04-10,UKGILT-5Y-YIELD,Yield,0.03396837045261278
2026-04-13,UKGILT-5Y-YIELD,Yield,0.034264489043016946
2026-04-14,UKGILT-5Y-YIELD,Yield,0.0341153885776538
2026-04-15,UKGILT-5Y-YIELD,Yield,0.03448199063648262
2026-04-16,UKGILT-5Y-YIELD,Yield,0.03415875264269926
2026-04-17,UKGILT-5Y-YIELD,Yield,0.03371800415940212
2026-04-20,UKGILT-5Y-YIELD,Yield,0.03358652621584715
2026-04-21,UKGILT-5Y-YIELD,Yield,0.03378416229577544
2026-04-22,UKGILT-5Y-YIELD,Yield,0.03366913027135778
2026-04-23,UKGILT-5Y-YIELD,Yield,0.033946582240104294
2026-04-24,UKGILT-5Y-YIELD,Yield,0.03348424273353091
2026-04-27,UKGILT-5Y-YIELD,Yield,0.03331087964922258
2026-04-28,UKGILT-5Y-YIELD,Yield,0.03372261395127623
2026-04-29,UKGILT-5Y-YIELD,Yield,0.03298720838376758
2026-04-30,UKGILT-5Y-YIELD,Yield,0.03308139180058551
2026-05-01,UKGILT-5Y-YIELD,Yield,0.03281588527122432
2026-05-04,UKGILT-5Y-YIELD,Yield,0.03259401179812976
2026-05-05,UKGILT-5Y-YIELD,Yield,0.03249725376429494
2026-05-06,UKGILT-5Y-YIELD,Yield,0.03205772880404001
2026-05-07,UKGILT-5Y-YIELD,Yield,0.03233739700598605
2026-05-08,UKGILT-5Y-YIELD,Yield,0.03251373937580634
2026-05-11,UKGILT-5Y-YIELD,Yield,0.032881142128246756
2026-05-12,UKGILT-5Y-YIELD,Yield,0.03293180892403483
2026-05-13,UKGILT-5Y-YIELD,Yield,0.03264983081314815
2026-05-14,UKGILT-5Y-YIELD,Yield,0.03284576175459248
2026-05-15,UKGILT-5Y-YIELD,Yield,0.03244542254559835
2026-05-18,UKGILT-5Y-YIELD,Yield,0.032171667043789695
2026-05-19,UKGILT-5Y-YIELD,Yield,0.03280307737466252
2026-05-20,UKGILT-5Y-YIELD,Yield,0.03312766029087544
2026-05-21,UKGILT-5Y-YIELD,Yield,0.03326238392538624
2026-05-22,UKGILT-5Y-YIELD,Yield,0.03370942117893906
2026-05-25,UKGILT-5Y-YIELD,Yield,0.03362438795597477
2026-05-26,UKGILT-5Y-YIELD,Yield,0.03380286191385237
2026-05-27,UKGILT-5Y-YIELD,Yield,0.03356105855889904
2026-05-28,UKGILT-5Y-YIELD,Yield,0.03346341426942039
2026-05-29,UKGILT-5Y-YIELD,Yield,0.033492507715488555
2026-06-01,UKGILT-5Y-YIELD,Yield,0.033944235135604794
2026-06-02,UKGILT-5Y-YIELD,Yield,0.033737723452074736
2026-06-03,UKGILT-5Y-YIELD,Yield,0.034058291221533296
2026-06-04,UKGILT-5Y-YIELD,Yield,0.034058602867261936
2026-06-05,UKGILT-5Y-YIELD,Yield,0.03353305877008583
2026-06-08,UKGILT-5Y-YIELD,Yield,0.03295599764547463
2026-06-09,UKGILT-5Y-YIELD,Yield,0.03274966676042695
2026-06-10,UKGILT-5Y-YIELD,Yield,0.03307561002295203
2026-06-11,UKGILT-5Y-YIELD,Yield,0.03315649066013732
2026-06-12,UKGILT-5Y-YIELD,Yield,0.03370675053663043
2026-06-15,UKGILT-5Y-YIELD,Yield,0.03376471415250694
2026-06-16,UKGILT-5Y-YIELD,Yield,0.03419465887019373
2026-06-17,UKGILT-5Y-YIELD,Yield,0.03427360287560237
2026-06-18,UKGILT-5Y-YIELD,Yield,0.03400281045414599
2026-06-19,UKGILT-5Y-YIELD,Yield,0.034221489787430504
2026-06-22,UKGILT-5Y-YIELD,Yield,0.034001202086800575
2026-06-23,UKGILT-5Y-YIELD,Yield,0.03358000192401761
2026-06-24,UKGILT-5Y-YIELD,Yield,0.033357458916376065
2026-06-25,UKGILT-5Y-YIELD,Yield,0.03324387451570224
2026-06-26,UKGILT-5Y-YIELD,Yield,0.033322887213643876
2026-06-29,UKGILT-5Y-YIELD,Yield,0.03358323140895744
2026-06-30,UKGILT-5Y-YIELD,Yield,0.03377067958955463
2026-07-01,UKGILT-5Y-YIELD,Yield,0.03440442340278843
2026-07-02,UKGILT-5Y-YIELD,Yield,0.03381897181239991
2026-07-03,UKGILT-5Y-YIELD,Yield,0.033769136296452604
2026-07-06,UKGILT-5Y-YIELD,Yield,0.0345527121249242
2026-07-07,UKGILT-5Y-YIELD,Yield,0.03446348731790399
2026-07-08,UKGILT-5Y-YIELD,Yield,0.034089511902858485
2026-07-09,UKGILT-5Y-YIELD,Yield,0.033867337834568634
2026-07-10,UKGILT-5Y-YIELD,Yield,0.03358045894875881
2026-07-13,UKGILT-5Y-YIELD,Yield,0.033437329312161555
2026-07-14,UKGILT-5Y-YIELD,Yield,0.03396421626050653
2026-07-15,UKGILT-5Y-YIELD,Yield,0.03354903997935224
2026-07-16,UKGILT-5Y-YIELD,Yield,0.033345493265881876
2026-07-17,UKGILT-5Y-YIELD,Yield,0.03377877235803971
2026-07-20,UKGILT-5Y-YIELD,Yield,0.03387443338975275
2026-07-21,UKGILT-5Y-YIELD,Yield,0.033980098043114255
2026-07-22,UKGILT-5Y-YIELD,Yield,0.033872974405809345
2026-07-23,UKGILT-5Y-YIELD,Yield,0.03416337637006495
2026-07-24,UKGILT-5Y-YIELD,Yield,0.033863252721750114
2026-07-27,UKGILT-5Y-YIELD,Yield,0.03415835560473604
2026-07-28,UKGILT-5Y-YIELD,Yield,0.03420213693725632
2026-07-29,UKGILT-5Y-YIELD,Yield,0.03415237383710488
2026-07-30,UKGILT-5Y-YIELD,Yield,0.03399799892217282
2026-07-31,UKGILT-5Y-YIELD,Yield,0.03429148110743864
2026-08-03,UKGILT-5Y-YIELD,Yield,0.03440043220044825
2026-08-04,UKGILT-5Y-YIELD,Yield,0.03428956366804113
2026-08-05,UKGILT-5Y-YIELD,Yield,0.03433263736153146
2026-08-06,UKGILT-5Y-YIELD,Yield,0.03402390535502176
2026-08-07,UKGILT-5Y-YIELD,Yield,0.03441701508832262
2026-08-10,UKGILT-5Y-YIELD,Yield,0.034841372090415275
2026-08-11,UKGILT-5Y-YIELD,Yield,0.03519129381087081
2026-08-12,UKGILT-5Y-YIELD,Yield,0.03528711482602426
2026-08-13,UKGILT-5Y-YIELD,Yield,0.0354499243057311
2026-08-14,UKGILT-5Y-YIELD,Yield,0.035049692316013105
2026-08-17,UKGILT-5Y-YIELD,Yield,0.03494847086435377
2026-08-18,UKGILT-5Y-YIELD,Yield,0.03488449610427873
2026-08-19,UKGILT-5Y-YIELD,Yield,0.03485429634864222
2026-08-20,UKGILT-5Y-YIELD,Yield,0.03505423231843798
2026-08-21,UKGILT-5Y-YIELD,Yield,0.034931748337972815
2026-08-24,UKGILT-5Y-YIELD,Yield,0.034719465646214004
2026-08-25,UKGILT-5Y-YIELD,Yield,0.03509141493065103
2026-08-26,UKGILT-5Y-YIELD,Yield,0.035007488931376333
2026-08-27,UKGILT-5Y-YIELD,Yield,0.03482384467225557
2026-08-28,UKGILT-5Y-YIELD,Yield,0.034226812750534366
2026-08-31,UKGILT-5Y-YIELD,Yield,0.03382546538371845
2026-09-01,UKGILT-5Y-YIELD,Yield,0.03376493484068302
2026-09-02,UKGILT-5Y-YIELD,Yield,0.03385515033600247
2026-09-03,UKGILT-5Y-YIELD,Yield,0.033327384271376374
2026-09-04,UKGILT-5Y-YIELD,Yield,0.033329846117966966
2024-09-04,USDCAD,FX Spot,1.3519
2024-09-05,USDCAD,FX Spot,1.3515
2024-09-06,USDCAD,FX Spot,1.3561
2024-09-09,USDCAD,FX Spot,1.356
2024-09-10,USDCAD,FX Spot,1.3607
2024-09-11,USDCAD,FX Spot,1.3595
2024-09-12,USDCAD,FX Spot,1.3595
2024-09-13,USDCAD,FX Spot,1.3581
2024-09-16,USDCAD,FX Spot,1.3599
2024-09-17,USDCAD,FX Spot,1.3598
2024-09-18,USDCAD,FX Spot,1.3607
2024-09-19,USDCAD,FX Spot,1.356
2024-09-20,USDCAD,FX Spot,1.3565
2024-09-23,USDCAD,FX Spot,1.3502
2024-09-24,USDCAD,FX Spot,1.347
2024-09-25,USDCAD,FX Spot,1.3466
2024-09-26,USDCAD,FX Spot,1.3466
2024-09-27,USDCAD,FX Spot,1.3504
2024-09-30,USDCAD,FX Spot,1.3511
2024-10-01,USDCAD,FX Spot,1.3492
2024-10-02,USDCAD,FX Spot,1.3485
2024-10-03,USDCAD,FX Spot,1.3533
2024-10-04,USDCAD,FX Spot,1.3578
2024-10-07,USDCAD,FX Spot,1.3608
2024-10-08,USDCAD,FX Spot,1.3662
2024-10-09,USDCAD,FX Spot,1.3682
2024-10-10,USDCAD,FX Spot,1.3752
2024-10-11,USDCAD,FX Spot,1.3768
2024-10-15,USDCAD,FX Spot,1.3803
2024-10-16,USDCAD,FX Spot,1.3772
2024-10-17,USDCAD,FX Spot,1.3791
2024-10-18,USDCAD,FX Spot,1.3804
2024-10-21,USDCAD,FX Spot,1.3847
2024-10-22,USDCAD,FX Spot,1.383
2024-10-23,USDCAD,FX Spot,1.3838
2024-10-24,USDCAD,FX Spot,1.3858
2024-10-25,USDCAD,FX Spot,1.3882
2024-10-28,USDCAD,FX Spot,1.3903
2024-10-29,USDCAD,FX Spot,1.3909
2024-10-30,USDCAD,FX Spot,1.3911
2024-10-31,USDCAD,FX Spot,1.3939
2024-11-01,USDCAD,FX Spot,1.3925
2024-11-04,USDCAD,FX Spot,1.3898
2024-11-05,USDCAD,FX Spot,1.385
2024-11-06,USDCAD,FX Spot,1.3929
2024-11-07,USDCAD,FX Spot,1.3866
2024-11-08,USDCAD,FX Spot,1.3921
2024-11-12,USDCAD,FX Spot,1.3956
2024-11-13,USDCAD,FX Spot,1.3985
2024-11-14,USDCAD,FX Spot,1.4025
2024-11-15,USDCAD,FX Spot,1.4076
2024-11-18,USDCAD,FX Spot,1.4028
2024-11-19,USDCAD,FX Spot,1.3981
2024-11-20,USDCAD,FX Spot,1.3995
2024-11-21,USDCAD,FX Spot,1.396
2024-11-22,USDCAD,FX Spot,1.3985
2024-11-25,USDCAD,FX Spot,1.4003
2024-11-26,USDCAD,FX Spot,1.4058
2024-11-27,USDCAD,FX Spot,1.4028
2024-11-29,USDCAD,FX Spot,1.4014
2024-12-02,USDCAD,FX Spot,1.4069
2024-12-03,USDCAD,FX Spot,1.4065
2024-12-04,USDCAD,FX Spot,1.4069
2024-12-05,USDCAD,FX Spot,1.4035
2024-12-06,USDCAD,FX Spot,1.4144
2024-12-09,USDCAD,FX Spot,1.412
2024-12-10,USDCAD,FX Spot,1.416
2024-12-11,USDCAD,FX Spot,1.4126
2024-12-12,USDCAD,FX Spot,1.4179
2024-12-13,USDCAD,FX Spot,1.424
2024-12-16,USDCAD,FX Spot,1.423
2024-12-17,USDCAD,FX Spot,1.4312
2024-12-18,USDCAD,FX Spot,1.4335
2024-12-19,USDCAD,FX Spot,1.4366
2024-12-20,USDCAD,FX Spot,1.4354
2024-12-23,USDCAD,FX Spot,1.439
2024-12-24,USDCAD,FX Spot,1.4383
2024-12-26,USDCAD,FX Spot,1.4404
2024-12-27,USDCAD,FX Spot,1.4433
2024-12-30,USDCAD,FX Spot,1.4374
2024-12-31,USDCAD,FX Spot,1.44
2025-01-02,USDCAD,FX Spot,1.4422
2025-01-03,USDCAD,FX Spot,1.4455
2025-01-06,USDCAD,FX Spot,1.4359
2025-01-07,USDCAD,FX Spot,1.4341
2025-01-08,USDCAD,FX Spot,1.4375
2025-01-09,USDCAD,FX Spot,1.4394
2025-01-10,USDCAD,FX Spot,1.4437
2025-01-13,USDCAD,FX Spot,1.4411
2025-01-14,USDCAD,FX Spot,1.4369
2025-01-15,USDCAD,FX Spot,1.434
2025-01-16,USDCAD,FX Spot,1.4377
2025-01-17,USDCAD,FX Spot,1.442
2025-01-21,USDCAD,FX Spot,1.4328
2025-01-22,USDCAD,FX Spot,1.4361
2025-01-23,USDCAD,FX Spot,1.4359
2025-01-24,USDCAD,FX Spot,1.4331
2025-01-27,USDCAD,FX Spot,1.4388
2025-01-28,USDCAD,FX Spot,1.4392
2025-01-29,USDCAD,FX Spot,1.4432
2025-01-30,USDCAD,FX Spot,1.4411
2025-01-31,USDCAD,FX Spot,1.4459
2025-02-03,USDCAD,FX Spot,1.4601
2025-02-04,USDCAD,FX Spot,1.4318
2025-02-05,USDCAD,FX Spot,1.428
2025-02-06,USDCAD,FX Spot,1.4314
2025-02-07,USDCAD,FX Spot,1.4311
2025-02-10,USDCAD,FX Spot,1.4317
2025-02-11,USDCAD,FX Spot,1.4308
2025-02-12,USDCAD,FX Spot,1.4288
2025-02-13,USDCAD,FX Spot,1.423
2025-02-14,USDCAD,FX Spot,1.417
2025-02-18,USDCAD,FX Spot,1.4189
2025-02-19,USDCAD,FX Spot,1.4235
2025-02-20,USDCAD,FX Spot,1.4195
2025-02-21,USDCAD,FX Spot,1.4196
2025-02-24,USDCAD,FX Spot,1.4224
2025-02-25,USDCAD,FX Spot,1.43
2025-02-26,USDCAD,FX Spot,1.4346
2025-02-27,USDCAD,FX Spot,1.4419
2025-02-28,USDCAD,FX Spot,1.4433
2025-03-03,USDCAD,FX Spot,1.4399
2025-03-04,USDCAD,FX Spot,1.4515
2025-03-05,USDCAD,FX Spot,1.4375
2025-03-06,USDCAD,FX Spot,1.4282
2025-03-07,USDCAD,FX Spot,1.4385
2025-03-10,USDCAD,FX Spot,1.4431
2025-03-11,USDCAD,FX Spot,1.4462
2025-03-12,USDCAD,FX Spot,1.4397
2025-03-13,USDCAD,FX Spot,1.4398
2025-03-14,USDCAD,FX Spot,1.4377
2025-03-17,USDCAD,FX Spot,1.4298
2025-03-18,USDCAD,FX Spot,1.4312
2025-03-19,USDCAD,FX Spot,1.4328
2025-03-20,USDCAD,FX Spot,1.4326
2025-03-21,USDCAD,FX Spot,1.4356
2025-03-24,USDCAD,FX Spot,1.4292
2025-03-25,USDCAD,FX Spot,1.4307
2025-03-26,USDCAD,FX Spot,1.4254
2025-03-27,USDCAD,FX Spot,1.4316
2025-03-28,USDCAD,FX Spot,1.4282
2025-03-31,USDCAD,FX Spot,1.4379
2025-04-01,USDCAD,FX Spot,1.4316
2025-04-02,USDCAD,FX Spot,1.431
2025-04-03,USDCAD,FX Spot,1.4062
2025-04-04,USDCAD,FX Spot,1.4194
2025-04-07,USDCAD,FX Spot,1.4224
2025-04-08,USDCAD,FX Spot,1.4199
2025-04-09,USDCAD,FX Spot,1.4187
2025-04-10,USDCAD,FX Spot,1.401
2025-04-11,USDCAD,FX Spot,1.3895
2025-04-14,USDCAD,FX Spot,1.3892
2025-04-15,USDCAD,FX Spot,1.3944
2025-04-16,USDCAD,FX Spot,1.3882
2025-04-17,USDCAD,FX Spot,1.3856
2025-04-18,USDCAD,FX Spot,1.3846
2025-04-21,USDCAD,FX Spot,1.3818
2025-04-22,USDCAD,FX Spot,1.3798
2025-04-23,USDCAD,FX Spot,1.3894
2025-04-24,USDCAD,FX Spot,1.3889
2025-04-25,USDCAD,FX Spot,1.3858
2025-04-28,USDCAD,FX Spot,1.3857
2025-04-29,USDCAD,FX Spot,1.3853
2025-04-30,USDCAD,FX Spot,1.3807
2025-05-01,USDCAD,FX Spot,1.3847
2025-05-02,USDCAD,FX Spot,1.379
2025-05-05,USDCAD,FX Spot,1.381
2025-05-06,USDCAD,FX Spot,1.3774
2025-05-07,USDCAD,FX Spot,1.3773
2025-05-08,USDCAD,FX Spot,1.3914
2025-05-09,USDCAD,FX Spot,1.3925
2025-05-12,USDCAD,FX Spot,1.4003
2025-05-13,USDCAD,FX Spot,1.3958
2025-05-14,USDCAD,FX Spot,1.3963
2025-05-15,USDCAD,FX Spot,1.3989
2025-05-16,USDCAD,FX Spot,1.3991
2025-05-19,USDCAD,FX Spot,1.3944
2025-05-20,USDCAD,FX Spot,1.3941
2025-05-21,USDCAD,FX Spot,1.3822
2025-05-22,USDCAD,FX Spot,1.3856
2025-05-23,USDCAD,FX Spot,1.3755
2025-05-27,USDCAD,FX Spot,1.3776
2025-05-28,USDCAD,FX Spot,1.3819
2025-05-29,USDCAD,FX Spot,1.3809
2025-05-30,USDCAD,FX Spot,1.3747
2025-06-02,USDCAD,FX Spot,1.3699
2025-06-03,USDCAD,FX Spot,1.3722
2025-06-04,USDCAD,FX Spot,1.3668
2025-06-05,USDCAD,FX Spot,1.3667
2025-06-06,USDCAD,FX Spot,1.3686
2025-06-09,USDCAD,FX Spot,1.3675
2025-06-10,USDCAD,FX Spot,1.3683
2025-06-11,USDCAD,FX Spot,1.3662
2025-06-12,USDCAD,FX Spot,1.3615
2025-06-13,USDCAD,FX Spot,1.3575
2025-06-16,USDCAD,FX Spot,1.3556
2025-06-17,USDCAD,FX Spot,1.3587
2025-06-18,USDCAD,FX Spot,1.3683
2025-06-20,USDCAD,FX Spot,1.3739
2025-06-23,USDCAD,FX Spot,1.3773
2025-06-24,USDCAD,FX Spot,1.3711
2025-06-25,USDCAD,FX Spot,1.375
2025-06-26,USDCAD,FX Spot,1.3629
2025-06-27,USDCAD,FX Spot,1.3666
2025-06-30,USDCAD,FX Spot,1.362
2025-07-01,USDCAD,FX Spot,1.3659
2025-07-02,USDCAD,FX Spot,1.362
2025-07-03,USDCAD,FX Spot,1.3559
2025-07-07,USDCAD,FX Spot,1.3644
2025-07-08,USDCAD,FX Spot,1.3671
2025-07-09,USDCAD,FX Spot,1.3694
2025-07-10,USDCAD,FX Spot,1.3682
2025-07-11,USDCAD,FX Spot,1.3678
2025-07-14,USDCAD,FX Spot,1.3694
2025-07-15,USDCAD,FX Spot,1.3713
2025-07-16,USDCAD,FX Spot,1.3706
2025-07-17,USDCAD,FX Spot,1.3749
2025-07-18,USDCAD,FX Spot,1.3711
2025-07-21,USDCAD,FX Spot,1.3689
2025-07-22,USDCAD,FX Spot,1.3615
2025-07-23,USDCAD,FX Spot,1.3609
2025-07-24,USDCAD,FX Spot,1.3643
2025-07-25,USDCAD,FX Spot,1.3714
2025-07-28,USDCAD,FX Spot,1.3718
2025-07-29,USDCAD,FX Spot,1.3777
2025-07-30,USDCAD,FX Spot,1.3814
2025-07-31,USDCAD,FX Spot,1.3845
2025-08-01,USDCAD,FX Spot,1.3778
2025-08-04,USDCAD,FX Spot,1.3775
2025-08-05,USDCAD,FX Spot,1.3779
2025-08-06,USDCAD,FX Spot,1.3739
2025-08-07,USDCAD,FX Spot,1.3749
2025-08-08,USDCAD,FX Spot,1.3752
2025-08-11,USDCAD,FX Spot,1.3783
2025-08-12,USDCAD,FX Spot,1.3762
2025-08-13,USDCAD,FX Spot,1.3764
2025-08-14,USDCAD,FX Spot,1.3806
2025-08-15,USDCAD,FX Spot,1.3808
2025-08-18,USDCAD,FX Spot,1.3815
2025-08-19,USDCAD,FX Spot,1.3859
2025-08-20,USDCAD,FX Spot,1.3874
2025-08-21,USDCAD,FX Spot,1.39
2025-08-22,USDCAD,FX Spot,1.3845
2025-08-25,USDCAD,FX Spot,1.3829
2025-08-26,USDCAD,FX Spot,1.3823
2025-08-27,USDCAD,FX Spot,1.3825
2025-08-28,USDCAD,FX Spot,1.375
2025-08-29,USDCAD,FX Spot,1.3726
2025-09-02,USDCAD,FX Spot,1.3784
2025-09-03,USDCAD,FX Spot,1.3787
2025-09-04,USDCAD,FX Spot,1.3828
2025-09-05,USDCAD,FX Spot,1.3823
2025-09-08,USDCAD,FX Spot,1.382
2025-09-09,USDCAD,FX Spot,1.3834
2025-09-10,USDCAD,FX Spot,1.3843
2025-09-11,USDCAD,FX Spot,1.383
2025-09-12,USDCAD,FX Spot,1.3858
2025-09-15,USDCAD,FX Spot,1.3797
2025-09-16,USDCAD,FX Spot,1.3745
2025-09-17,USDCAD,FX Spot,1.3761
2025-09-18,USDCAD,FX Spot,1.3796
2025-09-19,USDCAD,FX Spot,1.3772
2025-09-22,USDCAD,FX Spot,1.3814
2025-09-23,USDCAD,FX Spot,1.3834
2025-09-24,USDCAD,FX Spot,1.3894
2025-09-25,USDCAD,FX Spot,1.3923
2025-09-26,USDCAD,FX Spot,1.3946
2025-09-29,USDCAD,FX Spot,1.3904
2025-09-30,USDCAD,FX Spot,1.3927
2025-10-01,USDCAD,FX Spot,1.3953
2025-10-02,USDCAD,FX Spot,1.3974
2025-10-03,USDCAD,FX Spot,1.3946
2025-10-06,USDCAD,FX Spot,1.3945
2025-10-07,USDCAD,FX Spot,1.3949
2025-10-08,USDCAD,FX Spot,1.3953
2025-10-09,USDCAD,FX Spot,1.4009
2025-10-10,USDCAD,FX Spot,1.3997
2025-10-14,USDCAD,FX Spot,1.4041
2025-10-15,USDCAD,FX Spot,1.4033
2025-10-16,USDCAD,FX Spot,1.4045
2025-10-17,USDCAD,FX Spot,1.4046
2025-10-20,USDCAD,FX Spot,1.4029
2025-10-21,USDCAD,FX Spot,1.401
2025-10-22,USDCAD,FX Spot,1.3978
2025-10-23,USDCAD,FX Spot,1.3991
2025-10-24,USDCAD,FX Spot,1.4013
2025-10-27,USDCAD,FX Spot,1.3995
2025-10-28,USDCAD,FX Spot,1.3937
2025-10-29,USDCAD,FX Spot,1.3893
2025-10-30,USDCAD,FX Spot,1.3982
2025-10-31,USDCAD,FX Spot,1.401
2025-11-03,USDCAD,FX Spot,1.4049
2025-11-04,USDCAD,FX Spot,1.4081
2025-11-05,USDCAD,FX Spot,1.4108
2025-11-06,USDCAD,FX Spot,1.4127
2025-11-07,USDCAD,FX Spot,1.4075
2025-11-10,USDCAD,FX Spot,1.4029
2025-11-12,USDCAD,FX Spot,1.4
2025-11-13,USDCAD,FX Spot,1.401
2025-11-14,USDCAD,FX Spot,1.4023
2025-11-17,USDCAD,FX Spot,1.4028
2025-11-18,USDCAD,FX Spot,1.3996
2025-11-19,USDCAD,FX Spot,1.4049
2025-11-20,USDCAD,FX Spot,1.4092
2025-11-21,USDCAD,FX Spot,1.4094
2025-11-24,USDCAD,FX Spot,1.411
2025-11-25,USDCAD,FX Spot,1.4115
2025-11-26,USDCAD,FX Spot,1.4051
2025-11-28,USDCAD,FX Spot,1.3974
2025-12-01,USDCAD,FX Spot,1.3982
2025-12-02,USDCAD,FX Spot,1.3988
2025-12-03,USDCAD,FX Spot,1.395
2025-12-04,USDCAD,FX Spot,1.3939
2025-12-05,USDCAD,FX Spot,1.3858
2025-12-08,USDCAD,FX Spot,1.3846
2025-12-09,USDCAD,FX Spot,1.3832
2025-12-10,USDCAD,FX Spot,1.3834
2025-12-11,USDCAD,FX Spot,1.3769
2025-12-12,USDCAD,FX Spot,1.3783
2025-12-15,USDCAD,FX Spot,1.3765
2025-12-16,USDCAD,FX Spot,1.3749
2025-12-17,USDCAD,FX Spot,1.3791
2025-12-18,USDCAD,FX Spot,1.3762
2025-12-19,USDCAD,FX Spot,1.378
2025-12-22,USDCAD,FX Spot,1.3744
2025-12-23,USDCAD,FX Spot,1.3713
2025-12-24,USDCAD,FX Spot,1.3671
2025-12-26,USDCAD,FX Spot,1.3662
2025-12-29,USDCAD,FX Spot,1.368
2025-12-30,USDCAD,FX Spot,1.3678
2025-12-31,USDCAD,FX Spot,1.3712
2026-01-02,USDCAD,FX Spot,1.3738
2026-01-05,USDCAD,FX Spot,1.3757
2026-01-06,USDCAD,FX Spot,1.3789
2026-01-07,USDCAD,FX Spot,1.3828
2026-01-08,USDCAD,FX Spot,1.3864
2026-01-09,USDCAD,FX Spot,1.3893
2026-01-12,USDCAD,FX Spot,1.3876
2026-01-13,USDCAD,FX Spot,1.3885
2026-01-14,USDCAD,FX Spot,1.3871
2026-01-15,USDCAD,FX Spot,1.3896
2026-01-16,USDCAD,FX Spot,1.392
2026-01-20,USDCAD,FX Spot,1.3821
2026-01-21,USDCAD,FX Spot,1.3813
2026-01-22,USDCAD,FX Spot,1.3799
2026-01-23,USDCAD,FX Spot,1.3726
2026-01-26,USDCAD,FX Spot,1.3692
2026-01-27,USDCAD,FX Spot,1.3598
2026-01-28,USDCAD,FX Spot,1.3575
2026-01-29,USDCAD,FX Spot,1.3518
2026-01-30,USDCAD,FX Spot,1.3557
2026-02-02,USDCAD,FX Spot,1.3677
2026-02-03,USDCAD,FX Spot,1.3644
2026-02-04,USDCAD,FX Spot,1.3667
2026-02-05,USDCAD,FX Spot,1.367
2026-02-06,USDCAD,FX Spot,1.3644
2026-02-09,USDCAD,FX Spot,1.357
2026-02-10,USDCAD,FX Spot,1.3533
2026-02-11,USDCAD,FX Spot,1.3569
2026-02-12,USDCAD,FX Spot,1.3623
2026-02-13,USDCAD,FX Spot,1.3618
2026-02-17,USDCAD,FX Spot,1.3652
2026-02-18,USDCAD,FX Spot,1.3675
2026-02-19,USDCAD,FX Spot,1.3701
2026-02-20,USDCAD,FX Spot,1.3688
2026-02-23,USDCAD,FX Spot,1.3685
2026-02-24,USDCAD,FX Spot,1.3702
2026-02-25,USDCAD,FX Spot,1.3685
2026-02-26,USDCAD,FX Spot,1.3683
2026-02-27,USDCAD,FX Spot,1.3632
2026-03-02,USDCAD,FX Spot,1.3705
2026-03-03,USDCAD,FX Spot,1.3662
2026-03-04,USDCAD,FX Spot,1.3661
2026-03-05,USDCAD,FX Spot,1.3693
2026-03-06,USDCAD,FX Spot,1.3599
2026-03-09,USDCAD,FX Spot,1.3573
2026-03-10,USDCAD,FX Spot,1.3562
2026-03-11,USDCAD,FX Spot,1.3603
2026-03-12,USDCAD,FX Spot,1.3618
2026-03-13,USDCAD,FX Spot,1.3736
2026-03-16,USDCAD,FX Spot,1.3683
2026-03-17,USDCAD,FX Spot,1.3706
2026-03-18,USDCAD,FX Spot,1.3697
2026-03-19,USDCAD,FX Spot,1.3721
2026-03-20,USDCAD,FX Spot,1.3731
2026-03-23,USDCAD,FX Spot,1.3718
2026-03-24,USDCAD,FX Spot,1.3764
2026-03-25,USDCAD,FX Spot,1.3799
2026-03-26,USDCAD,FX Spot,1.3849
2026-03-27,USDCAD,FX Spot,1.388
2026-03-30,USDCAD,FX Spot,1.3921
2026-03-31,USDCAD,FX Spot,1.3953
2026-04-01,USDCAD,FX Spot,1.3875
2026-04-02,USDCAD,FX Spot,1.3917
2026-04-03,USDCAD,FX Spot,1.3942
2026-04-06,USDCAD,FX Spot,1.3913
2026-04-07,USDCAD,FX Spot,1.3905
2026-04-08,USDCAD,FX Spot,1.3851
2026-04-09,USDCAD,FX Spot,1.3807
2026-04-10,USDCAD,FX Spot,1.3828
2026-04-13,USDCAD,FX Spot,1.3811
2026-04-14,USDCAD,FX Spot,1.3757
2026-04-15,USDCAD,FX Spot,1.374
2026-04-16,USDCAD,FX Spot,1.3706
2026-04-17,USDCAD,FX Spot,1.3667
2026-04-20,USDCAD,FX Spot,1.3649
2026-04-21,USDCAD,FX Spot,1.3642
2026-04-22,USDCAD,FX Spot,1.3659
2026-04-23,USDCAD,FX Spot,1.3682
2026-04-24,USDCAD,FX Spot,1.3675
2026-04-27,USDCAD,FX Spot,1.3616
2026-04-28,USDCAD,FX Spot,1.3671
2026-04-29,USDCAD,FX Spot,1.3671
2026-04-30,USDCAD,FX Spot,1.3611
2026-05-01,USDCAD,FX Spot,1.3575
2026-05-04,USDCAD,FX Spot,1.3608
2026-05-05,USDCAD,FX Spot,1.3609
2026-05-06,USDCAD,FX Spot,1.3621
2026-05-07,USDCAD,FX Spot,1.3636
2026-05-08,USDCAD,FX Spot,1.3679
2026-05-11,USDCAD,FX Spot,1.3664
2026-05-12,USDCAD,FX Spot,1.3712
2026-05-13,USDCAD,FX Spot,1.3701
2026-05-14,USDCAD,FX Spot,1.3724
2026-05-15,USDCAD,FX Spot,1.375
2026-05-18,USDCAD,FX Spot,1.3742
2026-05-19,USDCAD,FX Spot,1.3754
2026-05-20,USDCAD,FX Spot,1.3747
2026-05-21,USDCAD,FX Spot,1.3788
2026-05-22,USDCAD,FX Spot,1.3817
2026-05-26,USDCAD,FX Spot,1.3803
2026-05-27,USDCAD,FX Spot,1.3829
2026-05-28,USDCAD,FX Spot,1.3798
2026-05-29,USDCAD,FX Spot,1.3784
2026-06-01,USDCAD,FX Spot,1.3837
2026-06-02,USDCAD,FX Spot,1.3822
2026-06-03,USDCAD,FX Spot,1.3891
2026-06-04,USDCAD,FX Spot,1.3889
2026-06-05,USDCAD,FX Spot,1.3931
2026-06-08,USDCAD,FX Spot,1.3949
2026-06-09,USDCAD,FX Spot,1.3957
2026-06-10,USDCAD,FX Spot,1.3927
2026-06-11,USDCAD,FX Spot,1.4004
2026-06-12,USDCAD,FX Spot,1.3971
2026-06-15,USDCAD,FX Spot,1.3984
2026-06-16,USDCAD,FX Spot,1.3982
2026-06-17,USDCAD,FX Spot,1.403
2026-06-18,USDCAD,FX Spot,1.4142
2026-06-22,USDCAD,FX Spot,1.4167
2026-06-23,USDCAD,FX Spot,1.4198
2026-06-24,USDCAD,FX Spot,1.4237
2026-06-25,USDCAD,FX Spot,1.4191
2026-06-26,USDCAD,FX Spot,1.4182
2026-06-29,USDCAD,FX Spot,1.421
2026-06-30,USDCAD,FX Spot,1.4205
2026-07-01,USDCAD,FX Spot,1.4205
2026-07-02,USDCAD,FX Spot,1.4182
2026-07-06,USDCAD,FX Spot,1.4214
2026-07-07,USDCAD,FX Spot,1.4194
2026-07-08,USDCAD,FX Spot,1.419
2026-07-09,USDCAD,FX Spot,1.4163
2026-07-10,USDCAD,FX Spot,1.4132
2026-07-13,USDCAD,FX Spot,1.4138
2026-07-14,USDCAD,FX Spot,1.4067
2026-07-15,USDCAD,FX Spot,1.4047
2026-07-16,USDCAD,FX Spot,1.4033
2026-07-17,USDCAD,FX Spot,1.4014
2026-07-20,USDCAD,FX Spot,1.4059
2026-07-21,USDCAD,FX Spot,1.4097
2026-07-22,USDCAD,FX Spot,1.4084
2026-07-23,USDCAD,FX Spot,1.4087
2026-07-24,USDCAD,FX Spot,1.4078
2026-07-27,USDCAD,FX Spot,1.411
2026-07-28,USDCAD,FX Spot,1.4091
2026-07-29,USDCAD,FX Spot,1.4086
2026-07-30,USDCAD,FX Spot,1.4003
2026-07-31,USDCAD,FX Spot,1.4028
2026-08-03,USDCAD,FX Spot,1.4039
2026-08-04,USDCAD,FX Spot,1.4071
2026-08-05,USDCAD,FX Spot,1.4018
2026-08-06,USDCAD,FX Spot,1.4029
2026-08-07,USDCAD,FX Spot,1.3933
2026-08-10,USDCAD,FX Spot,1.3927
2026-08-11,USDCAD,FX Spot,1.3923
2026-08-12,USDCAD,FX Spot,1.3919
2026-08-13,USDCAD,FX Spot,1.3934
2026-08-14,USDCAD,FX Spot,1.3872
2026-08-17,USDCAD,FX Spot,1.3867
2026-08-18,USDCAD,FX Spot,1.3889
2026-08-19,USDCAD,FX Spot,1.3821
2026-08-20,USDCAD,FX Spot,1.378
2026-08-21,USDCAD,FX Spot,1.3765
2026-08-24,USDCAD,FX Spot,1.384
2026-08-25,USDCAD,FX Spot,1.3833
2026-08-26,USDCAD,FX Spot,1.3876
2026-08-27,USDCAD,FX Spot,1.3854
2026-08-28,USDCAD,FX Spot,1.3895
2024-09-04,USDCHF,FX Spot,0.8482
2024-09-05,USDCHF,FX Spot,0.8453
2024-09-06,USDCHF,FX Spot,0.8428
2024-09-09,USDCHF,FX Spot,0.848
2024-09-10,USDCHF,FX Spot,0.8459
2024-09-11,USDCHF,FX Spot,0.8505
2024-09-12,USDCHF,FX Spot,0.8527
2024-09-13,USDCHF,FX Spot,0.8479
2024-09-16,USDCHF,FX Spot,0.8453
2024-09-17,USDCHF,FX Spot,0.847
2024-09-18,USDCHF,FX Spot,0.8459
2024-09-19,USDCHF,FX Spot,0.8478
2024-09-20,USDCHF,FX Spot,0.8496
2024-09-23,USDCHF,FX Spot,0.8475
2024-09-24,USDCHF,FX Spot,0.8459
2024-09-25,USDCHF,FX Spot,0.8495
2024-09-26,USDCHF,FX Spot,0.8463
2024-09-27,USDCHF,FX Spot,0.8424
2024-09-30,USDCHF,FX Spot,0.8444
2024-10-01,USDCHF,FX Spot,0.8458
2024-10-02,USDCHF,FX Spot,0.8495
2024-10-03,USDCHF,FX Spot,0.854
2024-10-04,USDCHF,FX Spot,0.8589
2024-10-07,USDCHF,FX Spot,0.8555
2024-10-08,USDCHF,FX Spot,0.8576
2024-10-09,USDCHF,FX Spot,0.8595
2024-10-10,USDCHF,FX Spot,0.8573
2024-10-11,USDCHF,FX Spot,0.8574
2024-10-15,USDCHF,FX Spot,0.8621
2024-10-16,USDCHF,FX Spot,0.8642
2024-10-17,USDCHF,FX Spot,0.8654
2024-10-18,USDCHF,FX Spot,0.8659
2024-10-21,USDCHF,FX Spot,0.8658
2024-10-22,USDCHF,FX Spot,0.8654
2024-10-23,USDCHF,FX Spot,0.8665
2024-10-24,USDCHF,FX Spot,0.8668
2024-10-25,USDCHF,FX Spot,0.8664
2024-10-28,USDCHF,FX Spot,0.8659
2024-10-29,USDCHF,FX Spot,0.8684
2024-10-30,USDCHF,FX Spot,0.8664
2024-10-31,USDCHF,FX Spot,0.8648
2024-11-01,USDCHF,FX Spot,0.8704
2024-11-04,USDCHF,FX Spot,0.8632
2024-11-05,USDCHF,FX Spot,0.8635
2024-11-06,USDCHF,FX Spot,0.8761
2024-11-07,USDCHF,FX Spot,0.8724
2024-11-08,USDCHF,FX Spot,0.8755
2024-11-12,USDCHF,FX Spot,0.8827
2024-11-13,USDCHF,FX Spot,0.885
2024-11-14,USDCHF,FX Spot,0.8878
2024-11-15,USDCHF,FX Spot,0.8878
2024-11-18,USDCHF,FX Spot,0.885
2024-11-19,USDCHF,FX Spot,0.8824
2024-11-20,USDCHF,FX Spot,0.8855
2024-11-21,USDCHF,FX Spot,0.8866
2024-11-22,USDCHF,FX Spot,0.8946
2024-11-25,USDCHF,FX Spot,0.8874
2024-11-26,USDCHF,FX Spot,0.8876
2024-11-27,USDCHF,FX Spot,0.8806
2024-11-29,USDCHF,FX Spot,0.8822
2024-12-02,USDCHF,FX Spot,0.8866
2024-12-03,USDCHF,FX Spot,0.8852
2024-12-04,USDCHF,FX Spot,0.8835
2024-12-05,USDCHF,FX Spot,0.8794
2024-12-06,USDCHF,FX Spot,0.8776
2024-12-09,USDCHF,FX Spot,0.8774
2024-12-10,USDCHF,FX Spot,0.8823
2024-12-11,USDCHF,FX Spot,0.883
2024-12-12,USDCHF,FX Spot,0.8879
2024-12-13,USDCHF,FX Spot,0.8929
2024-12-16,USDCHF,FX Spot,0.8934
2024-12-17,USDCHF,FX Spot,0.893
2024-12-18,USDCHF,FX Spot,0.8937
2024-12-19,USDCHF,FX Spot,0.8994
2024-12-20,USDCHF,FX Spot,0.8928
2024-12-23,USDCHF,FX Spot,0.8991
2024-12-24,USDCHF,FX Spot,0.9009
2024-12-26,USDCHF,FX Spot,0.9
2024-12-27,USDCHF,FX Spot,0.9018
2024-12-30,USDCHF,FX Spot,0.9066
2024-12-31,USDCHF,FX Spot,0.9068
2025-01-02,USDCHF,FX Spot,0.9124
2025-01-03,USDCHF,FX Spot,0.9096
2025-01-06,USDCHF,FX Spot,0.9043
2025-01-07,USDCHF,FX Spot,0.9076
2025-01-08,USDCHF,FX Spot,0.9107
2025-01-09,USDCHF,FX Spot,0.9124
2025-01-10,USDCHF,FX Spot,0.9172
2025-01-13,USDCHF,FX Spot,0.9192
2025-01-14,USDCHF,FX Spot,0.9139
2025-01-15,USDCHF,FX Spot,0.9129
2025-01-16,USDCHF,FX Spot,0.911
2025-01-17,USDCHF,FX Spot,0.9148
2025-01-21,USDCHF,FX Spot,0.9069
2025-01-22,USDCHF,FX Spot,0.907
2025-01-23,USDCHF,FX Spot,0.9072
2025-01-24,USDCHF,FX Spot,0.9044
2025-01-27,USDCHF,FX Spot,0.9006
2025-01-28,USDCHF,FX Spot,0.9051
2025-01-29,USDCHF,FX Spot,0.9077
2025-01-30,USDCHF,FX Spot,0.9085
2025-01-31,USDCHF,FX Spot,0.9088
2025-02-03,USDCHF,FX Spot,0.9139
2025-02-04,USDCHF,FX Spot,0.9058
2025-02-05,USDCHF,FX Spot,0.9009
2025-02-06,USDCHF,FX Spot,0.9055
2025-02-07,USDCHF,FX Spot,0.9101
2025-02-10,USDCHF,FX Spot,0.911
2025-02-11,USDCHF,FX Spot,0.9133
2025-02-12,USDCHF,FX Spot,0.913
2025-02-13,USDCHF,FX Spot,0.9048
2025-02-14,USDCHF,FX Spot,0.8983
2025-02-18,USDCHF,FX Spot,0.9023
2025-02-19,USDCHF,FX Spot,0.9054
2025-02-20,USDCHF,FX Spot,0.8993
2025-02-21,USDCHF,FX Spot,0.899
2025-02-24,USDCHF,FX Spot,0.8966
2025-02-25,USDCHF,FX Spot,0.8928
2025-02-26,USDCHF,FX Spot,0.8931
2025-02-27,USDCHF,FX Spot,0.8981
2025-02-28,USDCHF,FX Spot,0.9019
2025-03-03,USDCHF,FX Spot,0.8972
2025-03-04,USDCHF,FX Spot,0.89
2025-03-05,USDCHF,FX Spot,0.89
2025-03-06,USDCHF,FX Spot,0.8841
2025-03-07,USDCHF,FX Spot,0.8774
2025-03-10,USDCHF,FX Spot,0.8813
2025-03-11,USDCHF,FX Spot,0.88
2025-03-12,USDCHF,FX Spot,0.8827
2025-03-13,USDCHF,FX Spot,0.8849
2025-03-14,USDCHF,FX Spot,0.8855
2025-03-17,USDCHF,FX Spot,0.8812
2025-03-18,USDCHF,FX Spot,0.8773
2025-03-19,USDCHF,FX Spot,0.88
2025-03-20,USDCHF,FX Spot,0.8826
2025-03-21,USDCHF,FX Spot,0.8834
2025-03-24,USDCHF,FX Spot,0.8842
2025-03-25,USDCHF,FX Spot,0.8819
2025-03-26,USDCHF,FX Spot,0.8839
2025-03-27,USDCHF,FX Spot,0.8818
2025-03-28,USDCHF,FX Spot,0.8809
2025-03-31,USDCHF,FX Spot,0.8843
2025-04-01,USDCHF,FX Spot,0.8827
2025-04-02,USDCHF,FX Spot,0.8819
2025-04-03,USDCHF,FX Spot,0.859
2025-04-04,USDCHF,FX Spot,0.8547
2025-04-07,USDCHF,FX Spot,0.8597
2025-04-08,USDCHF,FX Spot,0.856
2025-04-09,USDCHF,FX Spot,0.8413
2025-04-10,USDCHF,FX Spot,0.8283
2025-04-11,USDCHF,FX Spot,0.8153
2025-04-14,USDCHF,FX Spot,0.8139
2025-04-15,USDCHF,FX Spot,0.8209
2025-04-16,USDCHF,FX Spot,0.8142
2025-04-17,USDCHF,FX Spot,0.8203
2025-04-18,USDCHF,FX Spot,0.8174
2025-04-21,USDCHF,FX Spot,0.8069
2025-04-22,USDCHF,FX Spot,0.815
2025-04-23,USDCHF,FX Spot,0.8271
2025-04-24,USDCHF,FX Spot,0.8271
2025-04-25,USDCHF,FX Spot,0.8285
2025-04-28,USDCHF,FX Spot,0.8254
2025-04-29,USDCHF,FX Spot,0.8241
2025-04-30,USDCHF,FX Spot,0.8227
2025-05-01,USDCHF,FX Spot,0.8321
2025-05-02,USDCHF,FX Spot,0.8262
2025-05-05,USDCHF,FX Spot,0.8239
2025-05-06,USDCHF,FX Spot,0.8242
2025-05-07,USDCHF,FX Spot,0.8215
2025-05-08,USDCHF,FX Spot,0.8291
2025-05-09,USDCHF,FX Spot,0.8298
2025-05-12,USDCHF,FX Spot,0.8427
2025-05-13,USDCHF,FX Spot,0.8412
2025-05-14,USDCHF,FX Spot,0.8397
2025-05-15,USDCHF,FX Spot,0.8359
2025-05-16,USDCHF,FX Spot,0.8396
2025-05-19,USDCHF,FX Spot,0.8342
2025-05-20,USDCHF,FX Spot,0.8321
2025-05-21,USDCHF,FX Spot,0.8251
2025-05-22,USDCHF,FX Spot,0.8291
2025-05-23,USDCHF,FX Spot,0.8214
2025-05-27,USDCHF,FX Spot,0.8278
2025-05-28,USDCHF,FX Spot,0.8276
2025-05-29,USDCHF,FX Spot,0.8227
2025-05-30,USDCHF,FX Spot,0.8229
2025-06-02,USDCHF,FX Spot,0.8173
2025-06-03,USDCHF,FX Spot,0.8242
2025-06-04,USDCHF,FX Spot,0.8183
2025-06-05,USDCHF,FX Spot,0.821
2025-06-06,USDCHF,FX Spot,0.822
2025-06-09,USDCHF,FX Spot,0.8205
2025-06-10,USDCHF,FX Spot,0.8219
2025-06-11,USDCHF,FX Spot,0.8195
2025-06-12,USDCHF,FX Spot,0.8125
2025-06-13,USDCHF,FX Spot,0.8116
2025-06-16,USDCHF,FX Spot,0.8115
2025-06-17,USDCHF,FX Spot,0.8141
2025-06-18,USDCHF,FX Spot,0.8174
2025-06-20,USDCHF,FX Spot,0.8175
2025-06-23,USDCHF,FX Spot,0.8133
2025-06-24,USDCHF,FX Spot,0.8049
2025-06-25,USDCHF,FX Spot,0.8057
2025-06-26,USDCHF,FX Spot,0.799
2025-06-27,USDCHF,FX Spot,0.7989
2025-06-30,USDCHF,FX Spot,0.7938
2025-07-01,USDCHF,FX Spot,0.7929
2025-07-02,USDCHF,FX Spot,0.7921
2025-07-03,USDCHF,FX Spot,0.7951
2025-07-07,USDCHF,FX Spot,0.7969
2025-07-08,USDCHF,FX Spot,0.7971
2025-07-09,USDCHF,FX Spot,0.7957
2025-07-10,USDCHF,FX Spot,0.7971
2025-07-11,USDCHF,FX Spot,0.7962
2025-07-14,USDCHF,FX Spot,0.7977
2025-07-15,USDCHF,FX Spot,0.8004
2025-07-16,USDCHF,FX Spot,0.8014
2025-07-17,USDCHF,FX Spot,0.8043
2025-07-18,USDCHF,FX Spot,0.8001
2025-07-21,USDCHF,FX Spot,0.7973
2025-07-22,USDCHF,FX Spot,0.7926
2025-07-23,USDCHF,FX Spot,0.7936
2025-07-24,USDCHF,FX Spot,0.7957
2025-07-25,USDCHF,FX Spot,0.7965
2025-07-28,USDCHF,FX Spot,0.8025
2025-07-29,USDCHF,FX Spot,0.8071
2025-07-30,USDCHF,FX Spot,0.8111
2025-07-31,USDCHF,FX Spot,0.8123
2025-08-01,USDCHF,FX Spot,0.8068
2025-08-04,USDCHF,FX Spot,0.8083
2025-08-05,USDCHF,FX Spot,0.8071
2025-08-06,USDCHF,FX Spot,0.8052
2025-08-07,USDCHF,FX Spot,0.8074
2025-08-08,USDCHF,FX Spot,0.8073
2025-08-11,USDCHF,FX Spot,0.8126
2025-08-12,USDCHF,FX Spot,0.8081
2025-08-13,USDCHF,FX Spot,0.8043
2025-08-14,USDCHF,FX Spot,0.8078
2025-08-15,USDCHF,FX Spot,0.8061
2025-08-18,USDCHF,FX Spot,0.8068
2025-08-19,USDCHF,FX Spot,0.807
2025-08-20,USDCHF,FX Spot,0.8044
2025-08-21,USDCHF,FX Spot,0.8085
2025-08-22,USDCHF,FX Spot,0.8016
2025-08-25,USDCHF,FX Spot,0.8034
2025-08-26,USDCHF,FX Spot,0.8031
2025-08-27,USDCHF,FX Spot,0.8037
2025-08-28,USDCHF,FX Spot,0.8017
2025-08-29,USDCHF,FX Spot,0.7996
2025-09-02,USDCHF,FX Spot,0.8033
2025-09-03,USDCHF,FX Spot,0.8032
2025-09-04,USDCHF,FX Spot,0.8059
2025-09-05,USDCHF,FX Spot,0.7958
2025-09-08,USDCHF,FX Spot,0.7935
2025-09-09,USDCHF,FX Spot,0.7961
2025-09-10,USDCHF,FX Spot,0.7979
2025-09-11,USDCHF,FX Spot,0.7961
2025-09-12,USDCHF,FX Spot,0.7975
2025-09-15,USDCHF,FX Spot,0.7938
2025-09-16,USDCHF,FX Spot,0.7877
2025-09-17,USDCHF,FX Spot,0.7871
2025-09-18,USDCHF,FX Spot,0.7927
2025-09-19,USDCHF,FX Spot,0.7949
2025-09-22,USDCHF,FX Spot,0.7935
2025-09-23,USDCHF,FX Spot,0.7922
2025-09-24,USDCHF,FX Spot,0.7951
2025-09-25,USDCHF,FX Spot,0.8006
2025-09-26,USDCHF,FX Spot,0.7985
2025-09-29,USDCHF,FX Spot,0.797
2025-09-30,USDCHF,FX Spot,0.7966
2025-10-01,USDCHF,FX Spot,0.7984
2025-10-02,USDCHF,FX Spot,0.7994
2025-10-03,USDCHF,FX Spot,0.7949
2025-10-06,USDCHF,FX Spot,0.7954
2025-10-07,USDCHF,FX Spot,0.797
2025-10-08,USDCHF,FX Spot,0.802
2025-10-09,USDCHF,FX Spot,0.8059
2025-10-10,USDCHF,FX Spot,0.8015
2025-10-14,USDCHF,FX Spot,0.801
2025-10-15,USDCHF,FX Spot,0.7972
2025-10-16,USDCHF,FX Spot,0.7957
2025-10-17,USDCHF,FX Spot,0.7919
2025-10-20,USDCHF,FX Spot,0.7918
2025-10-21,USDCHF,FX Spot,0.795
2025-10-22,USDCHF,FX Spot,0.7958
2025-10-23,USDCHF,FX Spot,0.7956
2025-10-24,USDCHF,FX Spot,0.7958
2025-10-27,USDCHF,FX Spot,0.7965
2025-10-28,USDCHF,FX Spot,0.7927
2025-10-29,USDCHF,FX Spot,0.7958
2025-10-30,USDCHF,FX Spot,0.802
2025-10-31,USDCHF,FX Spot,0.8027
2025-11-03,USDCHF,FX Spot,0.8073
2025-11-04,USDCHF,FX Spot,0.8091
2025-11-05,USDCHF,FX Spot,0.8107
2025-11-06,USDCHF,FX Spot,0.8069
2025-11-07,USDCHF,FX Spot,0.804
2025-11-10,USDCHF,FX Spot,0.8062
2025-11-12,USDCHF,FX Spot,0.7972
2025-11-13,USDCHF,FX Spot,0.7917
2025-11-14,USDCHF,FX Spot,0.7933
2025-11-17,USDCHF,FX Spot,0.7956
2025-11-18,USDCHF,FX Spot,0.7996
2025-11-19,USDCHF,FX Spot,0.8046
2025-11-20,USDCHF,FX Spot,0.8054
2025-11-21,USDCHF,FX Spot,0.8087
2025-11-24,USDCHF,FX Spot,0.8084
2025-11-25,USDCHF,FX Spot,0.8091
2025-11-26,USDCHF,FX Spot,0.8048
2025-11-28,USDCHF,FX Spot,0.8036
2025-12-01,USDCHF,FX Spot,0.8035
2025-12-02,USDCHF,FX Spot,0.8046
2025-12-03,USDCHF,FX Spot,0.8004
2025-12-04,USDCHF,FX Spot,0.8022
2025-12-05,USDCHF,FX Spot,0.805
2025-12-08,USDCHF,FX Spot,0.8078
2025-12-09,USDCHF,FX Spot,0.8061
2025-12-10,USDCHF,FX Spot,0.8027
2025-12-11,USDCHF,FX Spot,0.7932
2025-12-12,USDCHF,FX Spot,0.796
2025-12-15,USDCHF,FX Spot,0.7963
2025-12-16,USDCHF,FX Spot,0.7949
2025-12-17,USDCHF,FX Spot,0.7948
2025-12-18,USDCHF,FX Spot,0.7942
2025-12-19,USDCHF,FX Spot,0.795
2025-12-22,USDCHF,FX Spot,0.7925
2025-12-23,USDCHF,FX Spot,0.7897
2025-12-24,USDCHF,FX Spot,0.7887
2025-12-26,USDCHF,FX Spot,0.79
2025-12-29,USDCHF,FX Spot,0.7899
2025-12-30,USDCHF,FX Spot,0.7907
2025-12-31,USDCHF,FX Spot,0.7936
2026-01-02,USDCHF,FX Spot,0.7918
2026-01-05,USDCHF,FX Spot,0.7924
2026-01-06,USDCHF,FX Spot,0.7954
2026-01-07,USDCHF,FX Spot,0.7967
2026-01-08,USDCHF,FX Spot,0.7993
2026-01-09,USDCHF,FX Spot,0.8012
2026-01-12,USDCHF,FX Spot,0.7972
2026-01-13,USDCHF,FX Spot,0.8005
2026-01-14,USDCHF,FX Spot,0.7987
2026-01-15,USDCHF,FX Spot,0.803
2026-01-16,USDCHF,FX Spot,0.8026
2026-01-20,USDCHF,FX Spot,0.7891
2026-01-21,USDCHF,FX Spot,0.7929
2026-01-22,USDCHF,FX Spot,0.7905
2026-01-23,USDCHF,FX Spot,0.7879
2026-01-26,USDCHF,FX Spot,0.7753
2026-01-27,USDCHF,FX Spot,0.7666
2026-01-28,USDCHF,FX Spot,0.7694
2026-01-29,USDCHF,FX Spot,0.7674
2026-01-30,USDCHF,FX Spot,0.771
2026-02-02,USDCHF,FX Spot,0.7797
2026-02-03,USDCHF,FX Spot,0.7749
2026-02-04,USDCHF,FX Spot,0.7767
2026-02-05,USDCHF,FX Spot,0.7772
2026-02-06,USDCHF,FX Spot,0.7758
2026-02-09,USDCHF,FX Spot,0.7679
2026-02-10,USDCHF,FX Spot,0.7668
2026-02-11,USDCHF,FX Spot,0.77
2026-02-12,USDCHF,FX Spot,0.7693
2026-02-13,USDCHF,FX Spot,0.7685
2026-02-17,USDCHF,FX Spot,0.7718
2026-02-18,USDCHF,FX Spot,0.7723
2026-02-19,USDCHF,FX Spot,0.7758
2026-02-20,USDCHF,FX Spot,0.7756
2026-02-23,USDCHF,FX Spot,0.7734
2026-02-24,USDCHF,FX Spot,0.7734
2026-02-25,USDCHF,FX Spot,0.7728
2026-02-26,USDCHF,FX Spot,0.7738
2026-02-27,USDCHF,FX Spot,0.7686
2026-03-02,USDCHF,FX Spot,0.7797
2026-03-03,USDCHF,FX Spot,0.7828
2026-03-04,USDCHF,FX Spot,0.7798
2026-03-05,USDCHF,FX Spot,0.7819
2026-03-06,USDCHF,FX Spot,0.7778
2026-03-09,USDCHF,FX Spot,0.7787
2026-03-10,USDCHF,FX Spot,0.7753
2026-03-11,USDCHF,FX Spot,0.7806
2026-03-12,USDCHF,FX Spot,0.7844
2026-03-13,USDCHF,FX Spot,0.7898
2026-03-16,USDCHF,FX Spot,0.7887
2026-03-17,USDCHF,FX Spot,0.7857
2026-03-18,USDCHF,FX Spot,0.7892
2026-03-19,USDCHF,FX Spot,0.7924
2026-03-20,USDCHF,FX Spot,0.789
2026-03-23,USDCHF,FX Spot,0.7878
2026-03-24,USDCHF,FX Spot,0.7914
2026-03-25,USDCHF,FX Spot,0.7918
2026-03-26,USDCHF,FX Spot,0.7935
2026-03-27,USDCHF,FX Spot,0.797
2026-03-30,USDCHF,FX Spot,0.8001
2026-03-31,USDCHF,FX Spot,0.8027
2026-04-01,USDCHF,FX Spot,0.7933
2026-04-02,USDCHF,FX Spot,0.7985
2026-04-03,USDCHF,FX Spot,0.7999
2026-04-06,USDCHF,FX Spot,0.7979
2026-04-07,USDCHF,FX Spot,0.7997
2026-04-08,USDCHF,FX Spot,0.7899
2026-04-09,USDCHF,FX Spot,0.7889
2026-04-10,USDCHF,FX Spot,0.7893
2026-04-13,USDCHF,FX Spot,0.7876
2026-04-14,USDCHF,FX Spot,0.781
2026-04-15,USDCHF,FX Spot,0.7815
2026-04-16,USDCHF,FX Spot,0.7833
2026-04-17,USDCHF,FX Spot,0.7795
2026-04-20,USDCHF,FX Spot,0.7782
2026-04-21,USDCHF,FX Spot,0.78
2026-04-22,USDCHF,FX Spot,0.7835
2026-04-23,USDCHF,FX Spot,0.7843
2026-04-24,USDCHF,FX Spot,0.7848
2026-04-27,USDCHF,FX Spot,0.7845
2026-04-28,USDCHF,FX Spot,0.7888
2026-04-29,USDCHF,FX Spot,0.7902
2026-04-30,USDCHF,FX Spot,0.7824
2026-05-01,USDCHF,FX Spot,0.7796
2026-05-04,USDCHF,FX Spot,0.7835
2026-05-05,USDCHF,FX Spot,0.7822
2026-05-06,USDCHF,FX Spot,0.7793
2026-05-07,USDCHF,FX Spot,0.7777
2026-05-08,USDCHF,FX Spot,0.7773
2026-05-11,USDCHF,FX Spot,0.7773
2026-05-12,USDCHF,FX Spot,0.7817
2026-05-13,USDCHF,FX Spot,0.7825
2026-05-14,USDCHF,FX Spot,0.783
2026-05-15,USDCHF,FX Spot,0.7868
2026-05-18,USDCHF,FX Spot,0.7856
2026-05-19,USDCHF,FX Spot,0.7897
2026-05-20,USDCHF,FX Spot,0.7876
2026-05-21,USDCHF,FX Spot,0.7893
2026-05-22,USDCHF,FX Spot,0.7857
2026-05-26,USDCHF,FX Spot,0.786
2026-05-27,USDCHF,FX Spot,0.7871
2026-05-28,USDCHF,FX Spot,0.7845
2026-05-29,USDCHF,FX Spot,0.7811
2026-06-01,USDCHF,FX Spot,0.7868
2026-06-02,USDCHF,FX Spot,0.7858
2026-06-03,USDCHF,FX Spot,0.7908
2026-06-04,USDCHF,FX Spot,0.7885
2026-06-05,USDCHF,FX Spot,0.7955
2026-06-08,USDCHF,FX Spot,0.7972
2026-06-09,USDCHF,FX Spot,0.7971
2026-06-10,USDCHF,FX Spot,0.7984
2026-06-11,USDCHF,FX Spot,0.8007
2026-06-12,USDCHF,FX Spot,0.7964
2026-06-15,USDCHF,FX Spot,0.7937
2026-06-16,USDCHF,FX Spot,0.7928
2026-06-17,USDCHF,FX Spot,0.793
2026-06-18,USDCHF,FX Spot,0.804
2026-06-22,USDCHF,FX Spot,0.8091
2026-06-23,USDCHF,FX Spot,0.8097
2026-06-24,USDCHF,FX Spot,0.8126
2026-06-25,USDCHF,FX Spot,0.8093
2026-06-26,USDCHF,FX Spot,0.8082
2026-06-29,USDCHF,FX Spot,0.8081
2026-06-30,USDCHF,FX Spot,0.8082
2026-07-01,USDCHF,FX Spot,0.8086
2026-07-02,USDCHF,FX Spot,0.8022
2026-07-06,USDCHF,FX Spot,0.8063
2026-07-07,USDCHF,FX Spot,0.8069
2026-07-08,USDCHF,FX Spot,0.8105
2026-07-09,USDCHF,FX Spot,0.8063
2026-07-10,USDCHF,FX Spot,0.8063
2026-07-13,USDCHF,FX Spot,0.8123
2026-07-14,USDCHF,FX Spot,0.8091
2026-07-15,USDCHF,FX Spot,0.8067
2026-07-16,USDCHF,FX Spot,0.8079
2026-07-17,USDCHF,FX Spot,0.8069
2026-07-20,USDCHF,FX Spot,0.8104
2026-07-21,USDCHF,FX Spot,0.8122
2026-07-22,USDCHF,FX Spot,0.8134
2026-07-23,USDCHF,FX Spot,0.8172
2026-07-24,USDCHF,FX Spot,0.8168
2026-07-27,USDCHF,FX Spot,0.8187
2026-07-28,USDCHF,FX Spot,0.817
2026-07-29,USDCHF,FX Spot,0.8199
2026-07-30,USDCHF,FX Spot,0.8056
2026-07-31,USDCHF,FX Spot,0.8081
2026-08-03,USDCHF,FX Spot,0.8104
2026-08-04,USDCHF,FX Spot,0.8092
2026-08-05,USDCHF,FX Spot,0.8075
2026-08-06,USDCHF,FX Spot,0.8129
2026-08-07,USDCHF,FX Spot,0.8078
2026-08-10,USDCHF,FX Spot,0.8089
2026-08-11,USDCHF,FX Spot,0.8109
2026-08-12,USDCHF,FX Spot,0.8117
2026-08-13,USDCHF,FX Spot,0.813
2026-08-14,USDCHF,FX Spot,0.8116
2026-08-17,USDCHF,FX Spot,0.8096
2026-08-18,USDCHF,FX Spot,0.8121
2026-08-19,USDCHF,FX Spot,0.7998
2026-08-20,USDCHF,FX Spot,0.7998
2026-08-21,USDCHF,FX Spot,0.8008
2026-08-24,USDCHF,FX Spot,0.8024
2026-08-25,USDCHF,FX Spot,0.8024
2026-08-26,USDCHF,FX Spot,0.8054
2026-08-27,USDCHF,FX Spot,0.8036
2026-08-28,USDCHF,FX Spot,0.8085
2024-09-04,USDJPY,FX Spot,144.31
2024-09-05,USDJPY,FX Spot,143.43
2024-09-06,USDJPY,FX Spot,142.13
2024-09-09,USDJPY,FX Spot,142.92
2024-09-10,USDJPY,FX Spot,142.28
2024-09-11,USDJPY,FX Spot,141.72
2024-09-12,USDJPY,FX Spot,142.24
2024-09-13,USDJPY,FX Spot,140.66
2024-09-16,USDJPY,FX Spot,140.79
2024-09-17,USDJPY,FX Spot,141.77
2024-09-18,USDJPY,FX Spot,141.93
2024-09-19,USDJPY,FX Spot,142.88
2024-09-20,USDJPY,FX Spot,143.9
2024-09-23,USDJPY,FX Spot,143.59
2024-09-24,USDJPY,FX Spot,143.77
2024-09-25,USDJPY,FX Spot,144.41
2024-09-26,USDJPY,FX Spot,144.68
2024-09-27,USDJPY,FX Spot,142.6
2024-09-30,USDJPY,FX Spot,143.25
2024-10-01,USDJPY,FX Spot,143.66
2024-10-02,USDJPY,FX Spot,146.05
2024-10-03,USDJPY,FX Spot,146.82
2024-10-04,USDJPY,FX Spot,148.69
2024-10-07,USDJPY,FX Spot,148.13
2024-10-08,USDJPY,FX Spot,148.22
2024-10-09,USDJPY,FX Spot,149.2
2024-10-10,USDJPY,FX Spot,148.56
2024-10-11,USDJPY,FX Spot,149.12
2024-10-15,USDJPY,FX Spot,149.22
2024-10-16,USDJPY,FX Spot,149.71
2024-10-17,USDJPY,FX Spot,150.12
2024-10-18,USDJPY,FX Spot,149.58
2024-10-21,USDJPY,FX Spot,150.47
2024-10-22,USDJPY,FX Spot,151.11
2024-10-23,USDJPY,FX Spot,152.81
2024-10-24,USDJPY,FX Spot,151.87
2024-10-25,USDJPY,FX Spot,152.08
2024-10-28,USDJPY,FX Spot,153.21
2024-10-29,USDJPY,FX Spot,153.47
2024-10-30,USDJPY,FX Spot,153.15
2024-10-31,USDJPY,FX Spot,152.35
2024-11-01,USDJPY,FX Spot,152.94
2024-11-04,USDJPY,FX Spot,152.02
2024-11-05,USDJPY,FX Spot,151.96
2024-11-06,USDJPY,FX Spot,154.58
2024-11-07,USDJPY,FX Spot,153.13
2024-11-08,USDJPY,FX Spot,152.58
2024-11-12,USDJPY,FX Spot,154.73
2024-11-13,USDJPY,FX Spot,155.28
2024-11-14,USDJPY,FX Spot,155.96
2024-11-15,USDJPY,FX Spot,154.59
2024-11-18,USDJPY,FX Spot,154.78
2024-11-19,USDJPY,FX Spot,154.34
2024-11-20,USDJPY,FX Spot,155.38
2024-11-21,USDJPY,FX Spot,154.66
2024-11-22,USDJPY,FX Spot,154.73
2024-11-25,USDJPY,FX Spot,154.29
2024-11-26,USDJPY,FX Spot,153.49
2024-11-27,USDJPY,FX Spot,150.69
2024-11-29,USDJPY,FX Spot,150.41
2024-12-02,USDJPY,FX Spot,149.26
2024-12-03,USDJPY,FX Spot,149.12
2024-12-04,USDJPY,FX Spot,150.18
2024-12-05,USDJPY,FX Spot,150.19
2024-12-06,USDJPY,FX Spot,149.78
2024-12-09,USDJPY,FX Spot,151.24
2024-12-10,USDJPY,FX Spot,152.05
2024-12-11,USDJPY,FX Spot,152.34
2024-12-12,USDJPY,FX Spot,152.07
2024-12-13,USDJPY,FX Spot,153.74
2024-12-16,USDJPY,FX Spot,154.18
2024-12-17,USDJPY,FX Spot,153.41
2024-12-18,USDJPY,FX Spot,154.0
2024-12-19,USDJPY,FX Spot,157.73
2024-12-20,USDJPY,FX Spot,156.11
2024-12-23,USDJPY,FX Spot,157.04
2024-12-24,USDJPY,FX Spot,157.29
2024-12-26,USDJPY,FX Spot,158.01
2024-12-27,USDJPY,FX Spot,157.73
2024-12-30,USDJPY,FX Spot,157.26
2024-12-31,USDJPY,FX Spot,157.37
2025-01-02,USDJPY,FX Spot,157.65
2025-01-03,USDJPY,FX Spot,157.2
2025-01-06,USDJPY,FX Spot,157.54
2025-01-07,USDJPY,FX Spot,157.82
2025-01-08,USDJPY,FX Spot,158.31
2025-01-09,USDJPY,FX Spot,158.01
2025-01-10,USDJPY,FX Spot,157.68
2025-01-13,USDJPY,FX Spot,157.51
2025-01-14,USDJPY,FX Spot,157.95
2025-01-15,USDJPY,FX Spot,156.6
2025-01-16,USDJPY,FX Spot,155.44
2025-01-17,USDJPY,FX Spot,156.3
2025-01-21,USDJPY,FX Spot,155.49
2025-01-22,USDJPY,FX Spot,156.62
2025-01-23,USDJPY,FX Spot,156.0
2025-01-24,USDJPY,FX Spot,155.58
2025-01-27,USDJPY,FX Spot,154.22
2025-01-28,USDJPY,FX Spot,155.65
2025-01-29,USDJPY,FX Spot,155.22
2025-01-30,USDJPY,FX Spot,154.42
2025-01-31,USDJPY,FX Spot,154.91
2025-02-03,USDJPY,FX Spot,154.68
2025-02-04,USDJPY,FX Spot,154.56
2025-02-05,USDJPY,FX Spot,152.33
2025-02-06,USDJPY,FX Spot,152.04
2025-02-07,USDJPY,FX Spot,151.3
2025-02-10,USDJPY,FX Spot,151.72
2025-02-11,USDJPY,FX Spot,152.37
2025-02-12,USDJPY,FX Spot,154.62
2025-02-13,USDJPY,FX Spot,153.18
2025-02-14,USDJPY,FX Spot,152.25
2025-02-18,USDJPY,FX Spot,151.79
2025-02-19,USDJPY,FX Spot,151.67
2025-02-20,USDJPY,FX Spot,149.63
2025-02-21,USDJPY,FX Spot,149.49
2025-02-24,USDJPY,FX Spot,149.57
2025-02-25,USDJPY,FX Spot,149.09
2025-02-26,USDJPY,FX Spot,149.13
2025-02-27,USDJPY,FX Spot,149.8
2025-02-28,USDJPY,FX Spot,150.64
2025-03-03,USDJPY,FX Spot,150.16
2025-03-04,USDJPY,FX Spot,148.81
2025-03-05,USDJPY,FX Spot,148.82
2025-03-06,USDJPY,FX Spot,147.9
2025-03-07,USDJPY,FX Spot,147.13
2025-03-10,USDJPY,FX Spot,147.15
2025-03-11,USDJPY,FX Spot,147.48
2025-03-12,USDJPY,FX Spot,148.32
2025-03-13,USDJPY,FX Spot,147.71
2025-03-14,USDJPY,FX Spot,148.51
2025-03-17,USDJPY,FX Spot,148.56
2025-03-18,USDJPY,FX Spot,149.49
2025-03-19,USDJPY,FX Spot,150.02
2025-03-20,USDJPY,FX Spot,148.84
2025-03-21,USDJPY,FX Spot,148.98
2025-03-24,USDJPY,FX Spot,150.74
2025-03-25,USDJPY,FX Spot,149.77
2025-03-26,USDJPY,FX Spot,150.69
2025-03-27,USDJPY,FX Spot,150.97
2025-03-28,USDJPY,FX Spot,150.26
2025-03-31,USDJPY,FX Spot,149.9
2025-04-01,USDJPY,FX Spot,149.4
2025-04-02,USDJPY,FX Spot,149.98
2025-04-03,USDJPY,FX Spot,146.04
2025-04-04,USDJPY,FX Spot,145.93
2025-04-07,USDJPY,FX Spot,147.96
2025-04-08,USDJPY,FX Spot,147.02
2025-04-09,USDJPY,FX Spot,145.09
2025-04-10,USDJPY,FX Spot,144.34
2025-04-11,USDJPY,FX Spot,143.57
2025-04-14,USDJPY,FX Spot,142.96
2025-04-15,USDJPY,FX Spot,143.1
2025-04-16,USDJPY,FX Spot,142.56
2025-04-17,USDJPY,FX Spot,142.33
2025-04-18,USDJPY,FX Spot,142.22
2025-04-21,USDJPY,FX Spot,140.81
2025-04-22,USDJPY,FX Spot,140.87
2025-04-23,USDJPY,FX Spot,142.64
2025-04-24,USDJPY,FX Spot,142.64
2025-04-25,USDJPY,FX Spot,143.75
2025-04-28,USDJPY,FX Spot,142.7
2025-04-29,USDJPY,FX Spot,142.29
2025-04-30,USDJPY,FX Spot,142.63
2025-05-01,USDJPY,FX Spot,145.48
2025-05-02,USDJPY,FX Spot,144.52
2025-05-05,USDJPY,FX Spot,143.98
2025-05-06,USDJPY,FX Spot,142.76
2025-05-07,USDJPY,FX Spot,143.47
2025-05-08,USDJPY,FX Spot,145.46
2025-05-09,USDJPY,FX Spot,145.15
2025-05-12,USDJPY,FX Spot,148.09
2025-05-13,USDJPY,FX Spot,147.75
2025-05-14,USDJPY,FX Spot,146.54
2025-05-15,USDJPY,FX Spot,145.61
2025-05-16,USDJPY,FX Spot,146.02
2025-05-19,USDJPY,FX Spot,144.99
2025-05-20,USDJPY,FX Spot,144.72
2025-05-21,USDJPY,FX Spot,143.68
2025-05-22,USDJPY,FX Spot,143.89
2025-05-23,USDJPY,FX Spot,142.61
2025-05-27,USDJPY,FX Spot,144.37
2025-05-28,USDJPY,FX Spot,145.04
2025-05-29,USDJPY,FX Spot,144.09
2025-05-30,USDJPY,FX Spot,144.18
2025-06-02,USDJPY,FX Spot,142.76
2025-06-03,USDJPY,FX Spot,143.93
2025-06-04,USDJPY,FX Spot,142.91
2025-06-05,USDJPY,FX Spot,143.87
2025-06-06,USDJPY,FX Spot,144.87
2025-06-09,USDJPY,FX Spot,144.37
2025-06-10,USDJPY,FX Spot,144.91
2025-06-11,USDJPY,FX Spot,144.48
2025-06-12,USDJPY,FX Spot,143.64
2025-06-13,USDJPY,FX Spot,144.04
2025-06-16,USDJPY,FX Spot,144.14
2025-06-17,USDJPY,FX Spot,145.04
2025-06-18,USDJPY,FX Spot,144.58
2025-06-20,USDJPY,FX Spot,145.92
2025-06-23,USDJPY,FX Spot,146.47
2025-06-24,USDJPY,FX Spot,144.9
2025-06-25,USDJPY,FX Spot,145.59
2025-06-26,USDJPY,FX Spot,144.34
2025-06-27,USDJPY,FX Spot,144.74
2025-06-30,USDJPY,FX Spot,144.17
2025-07-01,USDJPY,FX Spot,143.58
2025-07-02,USDJPY,FX Spot,143.76
2025-07-03,USDJPY,FX Spot,144.96
2025-07-07,USDJPY,FX Spot,145.86
2025-07-08,USDJPY,FX Spot,146.81
2025-07-09,USDJPY,FX Spot,146.53
2025-07-10,USDJPY,FX Spot,146.46
2025-07-11,USDJPY,FX Spot,147.29
2025-07-14,USDJPY,FX Spot,147.69
2025-07-15,USDJPY,FX Spot,148.75
2025-07-16,USDJPY,FX Spot,148.08
2025-07-17,USDJPY,FX Spot,148.55
2025-07-18,USDJPY,FX Spot,148.55
2025-07-21,USDJPY,FX Spot,147.27
2025-07-22,USDJPY,FX Spot,146.36
2025-07-23,USDJPY,FX Spot,146.55
2025-07-24,USDJPY,FX Spot,146.92
2025-07-25,USDJPY,FX Spot,147.77
2025-07-28,USDJPY,FX Spot,148.45
2025-07-29,USDJPY,FX Spot,148.57
2025-07-30,USDJPY,FX Spot,149.07
2025-07-31,USDJPY,FX Spot,150.6
2025-08-01,USDJPY,FX Spot,148.06
2025-08-04,USDJPY,FX Spot,147.09
2025-08-05,USDJPY,FX Spot,147.49
2025-08-06,USDJPY,FX Spot,147.25
2025-08-07,USDJPY,FX Spot,147.35
2025-08-08,USDJPY,FX Spot,147.7
2025-08-11,USDJPY,FX Spot,147.99
2025-08-12,USDJPY,FX Spot,147.8
2025-08-13,USDJPY,FX Spot,147.25
2025-08-14,USDJPY,FX Spot,147.69
2025-08-15,USDJPY,FX Spot,147.0
2025-08-18,USDJPY,FX Spot,147.76
2025-08-19,USDJPY,FX Spot,147.72
2025-08-20,USDJPY,FX Spot,147.19
2025-08-21,USDJPY,FX Spot,148.35
2025-08-22,USDJPY,FX Spot,146.82
2025-08-25,USDJPY,FX Spot,147.61
2025-08-26,USDJPY,FX Spot,147.3
2025-08-27,USDJPY,FX Spot,147.75
2025-08-28,USDJPY,FX Spot,146.98
2025-08-29,USDJPY,FX Spot,146.9
2025-09-02,USDJPY,FX Spot,148.23
2025-09-03,USDJPY,FX Spot,147.97
2025-09-04,USDJPY,FX Spot,148.63
2025-09-05,USDJPY,FX Spot,146.84
2025-09-08,USDJPY,FX Spot,147.58
2025-09-09,USDJPY,FX Spot,147.23
2025-09-10,USDJPY,FX Spot,147.37
2025-09-11,USDJPY,FX Spot,147.17
2025-09-12,USDJPY,FX Spot,147.85
2025-09-15,USDJPY,FX Spot,147.27
2025-09-16,USDJPY,FX Spot,146.56
2025-09-17,USDJPY,FX Spot,146.36
2025-09-18,USDJPY,FX Spot,148.02
2025-09-19,USDJPY,FX Spot,147.83
2025-09-22,USDJPY,FX Spot,147.83
2025-09-23,USDJPY,FX Spot,147.83
2025-09-24,USDJPY,FX Spot,148.71
2025-09-25,USDJPY,FX Spot,149.78
2025-09-26,USDJPY,FX Spot,149.52
2025-09-29,USDJPY,FX Spot,148.57
2025-09-30,USDJPY,FX Spot,147.97
2025-10-01,USDJPY,FX Spot,147.16
2025-10-02,USDJPY,FX Spot,147.35
2025-10-03,USDJPY,FX Spot,147.33
2025-10-06,USDJPY,FX Spot,150.02
2025-10-07,USDJPY,FX Spot,151.17
2025-10-08,USDJPY,FX Spot,152.72
2025-10-09,USDJPY,FX Spot,153.05
2025-10-10,USDJPY,FX Spot,151.94
2025-10-14,USDJPY,FX Spot,151.77
2025-10-15,USDJPY,FX Spot,151.21
2025-10-16,USDJPY,FX Spot,150.75
2025-10-17,USDJPY,FX Spot,150.33
2025-10-20,USDJPY,FX Spot,150.59
2025-10-21,USDJPY,FX Spot,151.72
2025-10-22,USDJPY,FX Spot,151.79
2025-10-23,USDJPY,FX Spot,152.72
2025-10-24,USDJPY,FX Spot,152.82
2025-10-27,USDJPY,FX Spot,153.09
2025-10-28,USDJPY,FX Spot,152.14
2025-10-29,USDJPY,FX Spot,151.91
2025-10-30,USDJPY,FX Spot,154.17
2025-10-31,USDJPY,FX Spot,154.05
2025-11-03,USDJPY,FX Spot,154.13
2025-11-04,USDJPY,FX Spot,153.55
2025-11-05,USDJPY,FX Spot,154.11
2025-11-06,USDJPY,FX Spot,152.97
2025-11-07,USDJPY,FX Spot,153.06
2025-11-10,USDJPY,FX Spot,153.99
2025-11-12,USDJPY,FX Spot,154.64
2025-11-13,USDJPY,FX Spot,154.4
2025-11-14,USDJPY,FX Spot,154.64
2025-11-17,USDJPY,FX Spot,155.2
2025-11-18,USDJPY,FX Spot,155.44
2025-11-19,USDJPY,FX Spot,156.63
2025-11-20,USDJPY,FX Spot,157.41
2025-11-21,USDJPY,FX Spot,156.58
2025-11-24,USDJPY,FX Spot,156.94
2025-11-25,USDJPY,FX Spot,156.3
2025-11-26,USDJPY,FX Spot,156.38
2025-11-28,USDJPY,FX Spot,156.17
2025-12-01,USDJPY,FX Spot,155.28
2025-12-02,USDJPY,FX Spot,155.92
2025-12-03,USDJPY,FX Spot,155.17
2025-12-04,USDJPY,FX Spot,154.9
2025-12-05,USDJPY,FX Spot,155.3
2025-12-08,USDJPY,FX Spot,155.89
2025-12-09,USDJPY,FX Spot,156.85
2025-12-10,USDJPY,FX Spot,156.33
2025-12-11,USDJPY,FX Spot,155.15
2025-12-12,USDJPY,FX Spot,155.81
2025-12-15,USDJPY,FX Spot,155.29
2025-12-16,USDJPY,FX Spot,154.8
2025-12-17,USDJPY,FX Spot,155.6
2025-12-18,USDJPY,FX Spot,155.53
2025-12-19,USDJPY,FX Spot,157.43
2025-12-22,USDJPY,FX Spot,156.93
2025-12-23,USDJPY,FX Spot,156.33
2025-12-24,USDJPY,FX Spot,155.83
2025-12-26,USDJPY,FX Spot,156.63
2025-12-29,USDJPY,FX Spot,156.1
2025-12-30,USDJPY,FX Spot,156.26
2025-12-31,USDJPY,FX Spot,156.8
2026-01-02,USDJPY,FX Spot,156.72
2026-01-05,USDJPY,FX Spot,156.32
2026-01-06,USDJPY,FX Spot,156.7
2026-01-07,USDJPY,FX Spot,156.73
2026-01-08,USDJPY,FX Spot,156.9
2026-01-09,USDJPY,FX Spot,158.07
2026-01-12,USDJPY,FX Spot,158.15
2026-01-13,USDJPY,FX Spot,159.06
2026-01-14,USDJPY,FX Spot,158.13
2026-01-15,USDJPY,FX Spot,158.5
2026-01-16,USDJPY,FX Spot,158.02
2026-01-20,USDJPY,FX Spot,157.89
2026-01-21,USDJPY,FX Spot,158.16
2026-01-22,USDJPY,FX Spot,158.36
2026-01-23,USDJPY,FX Spot,157.57
2026-01-26,USDJPY,FX Spot,153.88
2026-01-27,USDJPY,FX Spot,153.03
2026-01-28,USDJPY,FX Spot,153.6
2026-01-29,USDJPY,FX Spot,152.88
2026-01-30,USDJPY,FX Spot,154.34
2026-02-02,USDJPY,FX Spot,155.5
2026-02-03,USDJPY,FX Spot,155.7
2026-02-04,USDJPY,FX Spot,156.61
2026-02-05,USDJPY,FX Spot,156.91
2026-02-06,USDJPY,FX Spot,157.1
2026-02-09,USDJPY,FX Spot,156.08
2026-02-10,USDJPY,FX Spot,154.28
2026-02-11,USDJPY,FX Spot,152.93
2026-02-12,USDJPY,FX Spot,152.64
2026-02-13,USDJPY,FX Spot,152.77
2026-02-17,USDJPY,FX Spot,153.57
2026-02-18,USDJPY,FX Spot,154.45
2026-02-19,USDJPY,FX Spot,154.96
2026-02-20,USDJPY,FX Spot,154.99
2026-02-23,USDJPY,FX Spot,154.3
2026-02-24,USDJPY,FX Spot,155.66
2026-02-25,USDJPY,FX Spot,156.3
2026-02-26,USDJPY,FX Spot,156.13
2026-02-27,USDJPY,FX Spot,156.05
2026-03-02,USDJPY,FX Spot,157.48
2026-03-03,USDJPY,FX Spot,157.69
2026-03-04,USDJPY,FX Spot,156.93
2026-03-05,USDJPY,FX Spot,157.58
2026-03-06,USDJPY,FX Spot,157.64
2026-03-09,USDJPY,FX Spot,158.08
2026-03-10,USDJPY,FX Spot,157.6
2026-03-11,USDJPY,FX Spot,158.83
2026-03-12,USDJPY,FX Spot,159.21
2026-03-13,USDJPY,FX Spot,159.54
2026-03-16,USDJPY,FX Spot,159.3
2026-03-17,USDJPY,FX Spot,159.03
2026-03-18,USDJPY,FX Spot,159.48
2026-03-19,USDJPY,FX Spot,158.19
2026-03-20,USDJPY,FX Spot,159.26
2026-03-23,USDJPY,FX Spot,158.7
2026-03-24,USDJPY,FX Spot,158.9
2026-03-25,USDJPY,FX Spot,159.2
2026-03-26,USDJPY,FX Spot,159.65
2026-03-27,USDJPY,FX Spot,160.16
2026-03-30,USDJPY,FX Spot,159.49
2026-03-31,USDJPY,FX Spot,159.08
2026-04-01,USDJPY,FX Spot,158.63
2026-04-02,USDJPY,FX Spot,159.34
2026-04-03,USDJPY,FX Spot,159.64
2026-04-06,USDJPY,FX Spot,159.71
2026-04-07,USDJPY,FX Spot,159.9
2026-04-08,USDJPY,FX Spot,158.39
2026-04-09,USDJPY,FX Spot,158.87
2026-04-10,USDJPY,FX Spot,159.22
2026-04-13,USDJPY,FX Spot,159.74
2026-04-14,USDJPY,FX Spot,158.91
2026-04-15,USDJPY,FX Spot,159.02
2026-04-16,USDJPY,FX Spot,159.07
2026-04-17,USDJPY,FX Spot,158.1
2026-04-20,USDJPY,FX Spot,158.66
2026-04-21,USDJPY,FX Spot,159.39
2026-04-22,USDJPY,FX Spot,159.49
2026-04-23,USDJPY,FX Spot,159.44
2026-04-24,USDJPY,FX Spot,159.35
2026-04-27,USDJPY,FX Spot,159.29
2026-04-28,USDJPY,FX Spot,159.53
2026-04-29,USDJPY,FX Spot,160.23
2026-04-30,USDJPY,FX Spot,156.66
2026-05-01,USDJPY,FX Spot,156.76
2026-05-04,USDJPY,FX Spot,157.21
2026-05-05,USDJPY,FX Spot,157.68
2026-05-06,USDJPY,FX Spot,156.44
2026-05-07,USDJPY,FX Spot,156.48
2026-05-08,USDJPY,FX Spot,156.64
2026-05-11,USDJPY,FX Spot,157.04
2026-05-12,USDJPY,FX Spot,157.71
2026-05-13,USDJPY,FX Spot,157.84
2026-05-14,USDJPY,FX Spot,158.08
2026-05-15,USDJPY,FX Spot,158.69
2026-05-18,USDJPY,FX Spot,158.83
2026-05-19,USDJPY,FX Spot,159.11
2026-05-20,USDJPY,FX Spot,158.84
2026-05-21,USDJPY,FX Spot,159.16
2026-05-22,USDJPY,FX Spot,159.2
2026-05-26,USDJPY,FX Spot,159.36
2026-05-27,USDJPY,FX Spot,159.47
2026-05-28,USDJPY,FX Spot,159.29
2026-05-29,USDJPY,FX Spot,159.23
2026-06-01,USDJPY,FX Spot,159.66
2026-06-02,USDJPY,FX Spot,159.86
2026-06-03,USDJPY,FX Spot,159.97
2026-06-04,USDJPY,FX Spot,159.97
2026-06-05,USDJPY,FX Spot,160.26
2026-06-08,USDJPY,FX Spot,160.12
2026-06-09,USDJPY,FX Spot,160.23
2026-06-10,USDJPY,FX Spot,160.47
2026-06-11,USDJPY,FX Spot,160.51
2026-06-12,USDJPY,FX Spot,160.24
2026-06-15,USDJPY,FX Spot,160.2
2026-06-16,USDJPY,FX Spot,160.39
2026-06-17,USDJPY,FX Spot,160.22
2026-06-18,USDJPY,FX Spot,161.37
2026-06-22,USDJPY,FX Spot,161.51
2026-06-23,USDJPY,FX Spot,161.55
2026-06-24,USDJPY,FX Spot,161.76
2026-06-25,USDJPY,FX Spot,161.67
2026-06-26,USDJPY,FX Spot,161.67
2026-06-29,USDJPY,FX Spot,161.93
2026-06-30,USDJPY,FX Spot,162.61
2026-07-01,USDJPY,FX Spot,162.41
2026-07-02,USDJPY,FX Spot,160.9
2026-07-06,USDJPY,FX Spot,162.28
2026-07-07,USDJPY,FX Spot,161.91
2026-07-08,USDJPY,FX Spot,162.67
2026-07-09,USDJPY,FX Spot,162.29
2026-07-10,USDJPY,FX Spot,161.31
2026-07-13,USDJPY,FX Spot,162.32
2026-07-14,USDJPY,FX Spot,162.14
2026-07-15,USDJPY,FX Spot,162.13
2026-07-16,USDJPY,FX Spot,162.42
2026-07-17,USDJPY,FX Spot,162.43
2026-07-20,USDJPY,FX Spot,162.59
2026-07-21,USDJPY,FX Spot,163.01
2026-07-22,USDJPY,FX Spot,163.08
2026-07-23,USDJPY,FX Spot,163.8
2026-07-24,USDJPY,FX Spot,163.71
2026-07-27,USDJPY,FX Spot,163.71
2026-07-28,USDJPY,FX Spot,163.65
2026-07-29,USDJPY,FX Spot,163.86
2026-07-30,USDJPY,FX Spot,159.47
2026-07-31,USDJPY,FX Spot,159.16
2026-08-03,USDJPY,FX Spot,156.96
2026-08-04,USDJPY,FX Spot,157.44
2026-08-05,USDJPY,FX Spot,157.63
2026-08-06,USDJPY,FX Spot,158.45
2026-08-07,USDJPY,FX Spot,157.54
2026-08-10,USDJPY,FX Spot,158.9
2026-08-11,USDJPY,FX Spot,159.25
2026-08-12,USDJPY,FX Spot,159.23
2026-08-13,USDJPY,FX Spot,159.35
2026-08-14,USDJPY,FX Spot,159.21
2026-08-17,USDJPY,FX Spot,159.34
2026-08-18,USDJPY,FX Spot,159.58
2026-08-19,USDJPY,FX Spot,158.45
2026-08-20,USDJPY,FX Spot,158.85
2026-08-21,USDJPY,FX Spot,158.91
2026-08-24,USDJPY,FX Spot,159.17
2026-08-25,USDJPY,FX Spot,159.21
2026-08-26,USDJPY,FX Spot,159.36
2026-08-27,USDJPY,FX Spot,159.26
2026-08-28,USDJPY,FX Spot,159.97
2024-09-04,UST-10Y-YIELD,Yield,0.0377
2024-09-05,UST-10Y-YIELD,Yield,0.0373
2024-09-06,UST-10Y-YIELD,Yield,0.037200000000000004
2024-09-09,UST-10Y-YIELD,Yield,0.037000000000000005
2024-09-10,UST-10Y-YIELD,Yield,0.0365
2024-09-11,UST-10Y-YIELD,Yield,0.0365
2024-09-12,UST-10Y-YIELD,Yield,0.0368
2024-09-13,UST-10Y-YIELD,Yield,0.0366
2024-09-16,UST-10Y-YIELD,Yield,0.0363
2024-09-17,UST-10Y-YIELD,Yield,0.0365
2024-09-18,UST-10Y-YIELD,Yield,0.037000000000000005
2024-09-19,UST-10Y-YIELD,Yield,0.0373
2024-09-20,UST-10Y-YIELD,Yield,0.0373
2024-09-23,UST-10Y-YIELD,Yield,0.0375
2024-09-24,UST-10Y-YIELD,Yield,0.0374
2024-09-25,UST-10Y-YIELD,Yield,0.0379
2024-09-26,UST-10Y-YIELD,Yield,0.0379
2024-09-27,UST-10Y-YIELD,Yield,0.0375
2024-09-30,UST-10Y-YIELD,Yield,0.0381
2024-10-01,UST-10Y-YIELD,Yield,0.0374
2024-10-02,UST-10Y-YIELD,Yield,0.0379
2024-10-03,UST-10Y-YIELD,Yield,0.0385
2024-10-04,UST-10Y-YIELD,Yield,0.0398
2024-10-07,UST-10Y-YIELD,Yield,0.0403
2024-10-08,UST-10Y-YIELD,Yield,0.0404
2024-10-09,UST-10Y-YIELD,Yield,0.0406
2024-10-10,UST-10Y-YIELD,Yield,0.0409
2024-10-11,UST-10Y-YIELD,Yield,0.0408
2024-10-15,UST-10Y-YIELD,Yield,0.0403
2024-10-16,UST-10Y-YIELD,Yield,0.04019999999999999
2024-10-17,UST-10Y-YIELD,Yield,0.0409
2024-10-18,UST-10Y-YIELD,Yield,0.0408
2024-10-21,UST-10Y-YIELD,Yield,0.04190000000000001
2024-10-22,UST-10Y-YIELD,Yield,0.042
2024-10-23,UST-10Y-YIELD,Yield,0.0424
2024-10-24,UST-10Y-YIELD,Yield,0.0421
2024-10-25,UST-10Y-YIELD,Yield,0.0425
2024-10-28,UST-10Y-YIELD,Yield,0.042800000000000005
2024-10-29,UST-10Y-YIELD,Yield,0.042800000000000005
2024-10-30,UST-10Y-YIELD,Yield,0.0429
2024-10-31,UST-10Y-YIELD,Yield,0.042800000000000005
2024-11-01,UST-10Y-YIELD,Yield,0.0437
2024-11-04,UST-10Y-YIELD,Yield,0.0431
2024-11-05,UST-10Y-YIELD,Yield,0.0426
2024-11-06,UST-10Y-YIELD,Yield,0.044199999999999996
2024-11-07,UST-10Y-YIELD,Yield,0.0431
2024-11-08,UST-10Y-YIELD,Yield,0.043
2024-11-12,UST-10Y-YIELD,Yield,0.0443
2024-11-13,UST-10Y-YIELD,Yield,0.0444
2024-11-14,UST-10Y-YIELD,Yield,0.0443
2024-11-15,UST-10Y-YIELD,Yield,0.0443
2024-11-18,UST-10Y-YIELD,Yield,0.044199999999999996
2024-11-19,UST-10Y-YIELD,Yield,0.043899999999999995
2024-11-20,UST-10Y-YIELD,Yield,0.0441
2024-11-21,UST-10Y-YIELD,Yield,0.0443
2024-11-22,UST-10Y-YIELD,Yield,0.0441
2024-11-25,UST-10Y-YIELD,Yield,0.042699999999999995
2024-11-26,UST-10Y-YIELD,Yield,0.043
2024-11-27,UST-10Y-YIELD,Yield,0.0425
2024-11-29,UST-10Y-YIELD,Yield,0.0418
2024-12-02,UST-10Y-YIELD,Yield,0.04190000000000001
2024-12-03,UST-10Y-YIELD,Yield,0.042300000000000004
2024-12-04,UST-10Y-YIELD,Yield,0.04190000000000001
2024-12-05,UST-10Y-YIELD,Yield,0.0417
2024-12-06,UST-10Y-YIELD,Yield,0.0415
2024-12-09,UST-10Y-YIELD,Yield,0.042
2024-12-10,UST-10Y-YIELD,Yield,0.042199999999999994
2024-12-11,UST-10Y-YIELD,Yield,0.0426
2024-12-12,UST-10Y-YIELD,Yield,0.0432
2024-12-13,UST-10Y-YIELD,Yield,0.044000000000000004
2024-12-16,UST-10Y-YIELD,Yield,0.043899999999999995
2024-12-17,UST-10Y-YIELD,Yield,0.044000000000000004
2024-12-18,UST-10Y-YIELD,Yield,0.045
2024-12-19,UST-10Y-YIELD,Yield,0.045700000000000005
2024-12-20,UST-10Y-YIELD,Yield,0.0452
2024-12-23,UST-10Y-YIELD,Yield,0.045899999999999996
2024-12-24,UST-10Y-YIELD,Yield,0.045899999999999996
2024-12-26,UST-10Y-YIELD,Yield,0.0458
2024-12-27,UST-10Y-YIELD,Yield,0.0462
2024-12-30,UST-10Y-YIELD,Yield,0.0455
2024-12-31,UST-10Y-YIELD,Yield,0.0458
2025-01-02,UST-10Y-YIELD,Yield,0.045700000000000005
2025-01-03,UST-10Y-YIELD,Yield,0.046
2025-01-06,UST-10Y-YIELD,Yield,0.0462
2025-01-07,UST-10Y-YIELD,Yield,0.0467
2025-01-08,UST-10Y-YIELD,Yield,0.0467
2025-01-09,UST-10Y-YIELD,Yield,0.046799999999999994
2025-01-10,UST-10Y-YIELD,Yield,0.04769999999999999
2025-01-13,UST-10Y-YIELD,Yield,0.0479
2025-01-14,UST-10Y-YIELD,Yield,0.0478
2025-01-15,UST-10Y-YIELD,Yield,0.0466
2025-01-16,UST-10Y-YIELD,Yield,0.0461
2025-01-17,UST-10Y-YIELD,Yield,0.0461
2025-01-21,UST-10Y-YIELD,Yield,0.045700000000000005
2025-01-22,UST-10Y-YIELD,Yield,0.046
2025-01-23,UST-10Y-YIELD,Yield,0.04650000000000001
2025-01-24,UST-10Y-YIELD,Yield,0.0463
2025-01-27,UST-10Y-YIELD,Yield,0.0453
2025-01-28,UST-10Y-YIELD,Yield,0.0455
2025-01-29,UST-10Y-YIELD,Yield,0.0455
2025-01-30,UST-10Y-YIELD,Yield,0.0452
2025-01-31,UST-10Y-YIELD,Yield,0.0458
2025-02-03,UST-10Y-YIELD,Yield,0.0454
2025-02-04,UST-10Y-YIELD,Yield,0.0452
2025-02-05,UST-10Y-YIELD,Yield,0.0443
2025-02-06,UST-10Y-YIELD,Yield,0.044500000000000005
2025-02-07,UST-10Y-YIELD,Yield,0.0449
2025-02-10,UST-10Y-YIELD,Yield,0.0451
2025-02-11,UST-10Y-YIELD,Yield,0.0454
2025-02-12,UST-10Y-YIELD,Yield,0.0462
2025-02-13,UST-10Y-YIELD,Yield,0.0452
2025-02-14,UST-10Y-YIELD,Yield,0.0447
2025-02-18,UST-10Y-YIELD,Yield,0.0455
2025-02-19,UST-10Y-YIELD,Yield,0.0453
2025-02-20,UST-10Y-YIELD,Yield,0.045
2025-02-21,UST-10Y-YIELD,Yield,0.044199999999999996
2025-02-24,UST-10Y-YIELD,Yield,0.044000000000000004
2025-02-25,UST-10Y-YIELD,Yield,0.043
2025-02-26,UST-10Y-YIELD,Yield,0.0425
2025-02-27,UST-10Y-YIELD,Yield,0.0429
2025-02-28,UST-10Y-YIELD,Yield,0.0424
2025-03-03,UST-10Y-YIELD,Yield,0.0416
2025-03-04,UST-10Y-YIELD,Yield,0.042199999999999994
2025-03-05,UST-10Y-YIELD,Yield,0.042800000000000005
2025-03-06,UST-10Y-YIELD,Yield,0.0429
2025-03-07,UST-10Y-YIELD,Yield,0.0432
2025-03-10,UST-10Y-YIELD,Yield,0.042199999999999994
2025-03-11,UST-10Y-YIELD,Yield,0.042800000000000005
2025-03-12,UST-10Y-YIELD,Yield,0.0432
2025-03-13,UST-10Y-YIELD,Yield,0.042699999999999995
2025-03-14,UST-10Y-YIELD,Yield,0.0431
2025-03-17,UST-10Y-YIELD,Yield,0.0431
2025-03-18,UST-10Y-YIELD,Yield,0.0429
2025-03-19,UST-10Y-YIELD,Yield,0.0425
2025-03-20,UST-10Y-YIELD,Yield,0.0424
2025-03-21,UST-10Y-YIELD,Yield,0.0425
2025-03-24,UST-10Y-YIELD,Yield,0.0434
2025-03-25,UST-10Y-YIELD,Yield,0.0431
2025-03-26,UST-10Y-YIELD,Yield,0.0435
2025-03-27,UST-10Y-YIELD,Yield,0.0438
2025-03-28,UST-10Y-YIELD,Yield,0.042699999999999995
2025-03-31,UST-10Y-YIELD,Yield,0.042300000000000004
2025-04-01,UST-10Y-YIELD,Yield,0.0417
2025-04-02,UST-10Y-YIELD,Yield,0.042
2025-04-03,UST-10Y-YIELD,Yield,0.0406
2025-04-04,UST-10Y-YIELD,Yield,0.0401
2025-04-07,UST-10Y-YIELD,Yield,0.0415
2025-04-08,UST-10Y-YIELD,Yield,0.0426
2025-04-09,UST-10Y-YIELD,Yield,0.0434
2025-04-10,UST-10Y-YIELD,Yield,0.044000000000000004
2025-04-11,UST-10Y-YIELD,Yield,0.044800000000000006
2025-04-14,UST-10Y-YIELD,Yield,0.0438
2025-04-15,UST-10Y-YIELD,Yield,0.0435
2025-04-16,UST-10Y-YIELD,Yield,0.0429
2025-04-17,UST-10Y-YIELD,Yield,0.0434
2025-04-21,UST-10Y-YIELD,Yield,0.044199999999999996
2025-04-22,UST-10Y-YIELD,Yield,0.0441
2025-04-23,UST-10Y-YIELD,Yield,0.044000000000000004
2025-04-24,UST-10Y-YIELD,Yield,0.0432
2025-04-25,UST-10Y-YIELD,Yield,0.0429
2025-04-28,UST-10Y-YIELD,Yield,0.042300000000000004
2025-04-29,UST-10Y-YIELD,Yield,0.04190000000000001
2025-04-30,UST-10Y-YIELD,Yield,0.0417
2025-05-01,UST-10Y-YIELD,Yield,0.0425
2025-05-02,UST-10Y-YIELD,Yield,0.0433
2025-05-05,UST-10Y-YIELD,Yield,0.0436
2025-05-06,UST-10Y-YIELD,Yield,0.043
2025-05-07,UST-10Y-YIELD,Yield,0.0426
2025-05-08,UST-10Y-YIELD,Yield,0.0437
2025-05-09,UST-10Y-YIELD,Yield,0.0437
2025-05-12,UST-10Y-YIELD,Yield,0.044500000000000005
2025-05-13,UST-10Y-YIELD,Yield,0.0449
2025-05-14,UST-10Y-YIELD,Yield,0.0453
2025-05-15,UST-10Y-YIELD,Yield,0.044500000000000005
2025-05-16,UST-10Y-YIELD,Yield,0.0443
2025-05-19,UST-10Y-YIELD,Yield,0.0446
2025-05-20,UST-10Y-YIELD,Yield,0.044800000000000006
2025-05-21,UST-10Y-YIELD,Yield,0.0458
2025-05-22,UST-10Y-YIELD,Yield,0.0454
2025-05-23,UST-10Y-YIELD,Yield,0.0451
2025-05-27,UST-10Y-YIELD,Yield,0.0443
2025-05-28,UST-10Y-YIELD,Yield,0.0447
2025-05-29,UST-10Y-YIELD,Yield,0.0443
2025-05-30,UST-10Y-YIELD,Yield,0.0441
2025-06-02,UST-10Y-YIELD,Yield,0.0446
2025-06-03,UST-10Y-YIELD,Yield,0.0446
2025-06-04,UST-10Y-YIELD,Yield,0.0437
2025-06-05,UST-10Y-YIELD,Yield,0.044000000000000004
2025-06-06,UST-10Y-YIELD,Yield,0.0451
2025-06-09,UST-10Y-YIELD,Yield,0.0449
2025-06-10,UST-10Y-YIELD,Yield,0.0447
2025-06-11,UST-10Y-YIELD,Yield,0.0441
2025-06-12,UST-10Y-YIELD,Yield,0.0436
2025-06-13,UST-10Y-YIELD,Yield,0.0441
2025-06-16,UST-10Y-YIELD,Yield,0.0446
2025-06-17,UST-10Y-YIELD,Yield,0.043899999999999995
2025-06-18,UST-10Y-YIELD,Yield,0.0438
2025-06-20,UST-10Y-YIELD,Yield,0.0438
2025-06-23,UST-10Y-YIELD,Yield,0.0434
2025-06-24,UST-10Y-YIELD,Yield,0.043
2025-06-25,UST-10Y-YIELD,Yield,0.0429
2025-06-26,UST-10Y-YIELD,Yield,0.0426
2025-06-27,UST-10Y-YIELD,Yield,0.0429
2025-06-30,UST-10Y-YIELD,Yield,0.0424
2025-07-01,UST-10Y-YIELD,Yield,0.0426
2025-07-02,UST-10Y-YIELD,Yield,0.043
2025-07-03,UST-10Y-YIELD,Yield,0.0435
2025-07-07,UST-10Y-YIELD,Yield,0.044000000000000004
2025-07-08,UST-10Y-YIELD,Yield,0.044199999999999996
2025-07-09,UST-10Y-YIELD,Yield,0.0434
2025-07-10,UST-10Y-YIELD,Yield,0.0435
2025-07-11,UST-10Y-YIELD,Yield,0.0443
2025-07-14,UST-10Y-YIELD,Yield,0.0443
2025-07-15,UST-10Y-YIELD,Yield,0.045
2025-07-16,UST-10Y-YIELD,Yield,0.0446
2025-07-17,UST-10Y-YIELD,Yield,0.0447
2025-07-18,UST-10Y-YIELD,Yield,0.0444
2025-07-21,UST-10Y-YIELD,Yield,0.0438
2025-07-22,UST-10Y-YIELD,Yield,0.0435
2025-07-23,UST-10Y-YIELD,Yield,0.044000000000000004
2025-07-24,UST-10Y-YIELD,Yield,0.0443
2025-07-25,UST-10Y-YIELD,Yield,0.044000000000000004
2025-07-28,UST-10Y-YIELD,Yield,0.044199999999999996
2025-07-29,UST-10Y-YIELD,Yield,0.0434
2025-07-30,UST-10Y-YIELD,Yield,0.0438
2025-07-31,UST-10Y-YIELD,Yield,0.0437
2025-08-01,UST-10Y-YIELD,Yield,0.042300000000000004
2025-08-04,UST-10Y-YIELD,Yield,0.042199999999999994
2025-08-05,UST-10Y-YIELD,Yield,0.042199999999999994
2025-08-06,UST-10Y-YIELD,Yield,0.042199999999999994
2025-08-07,UST-10Y-YIELD,Yield,0.042300000000000004
2025-08-08,UST-10Y-YIELD,Yield,0.042699999999999995
2025-08-11,UST-10Y-YIELD,Yield,0.042699999999999995
2025-08-12,UST-10Y-YIELD,Yield,0.0429
2025-08-13,UST-10Y-YIELD,Yield,0.0424
2025-08-14,UST-10Y-YIELD,Yield,0.0429
2025-08-15,UST-10Y-YIELD,Yield,0.0433
2025-08-18,UST-10Y-YIELD,Yield,0.0434
2025-08-19,UST-10Y-YIELD,Yield,0.043
2025-08-20,UST-10Y-YIELD,Yield,0.0429
2025-08-21,UST-10Y-YIELD,Yield,0.0433
2025-08-22,UST-10Y-YIELD,Yield,0.0426
2025-08-25,UST-10Y-YIELD,Yield,0.042800000000000005
2025-08-26,UST-10Y-YIELD,Yield,0.0426
2025-08-27,UST-10Y-YIELD,Yield,0.0424
2025-08-28,UST-10Y-YIELD,Yield,0.042199999999999994
2025-08-29,UST-10Y-YIELD,Yield,0.042300000000000004
2025-09-02,UST-10Y-YIELD,Yield,0.042800000000000005
2025-09-03,UST-10Y-YIELD,Yield,0.042199999999999994
2025-09-04,UST-10Y-YIELD,Yield,0.0417
2025-09-05,UST-10Y-YIELD,Yield,0.040999999999999995
2025-09-08,UST-10Y-YIELD,Yield,0.0405
2025-09-09,UST-10Y-YIELD,Yield,0.0408
2025-09-10,UST-10Y-YIELD,Yield,0.0404
2025-09-11,UST-10Y-YIELD,Yield,0.0401
2025-09-12,UST-10Y-YIELD,Yield,0.0406
2025-09-15,UST-10Y-YIELD,Yield,0.0405
2025-09-16,UST-10Y-YIELD,Yield,0.0404
2025-09-17,UST-10Y-YIELD,Yield,0.0406
2025-09-18,UST-10Y-YIELD,Yield,0.041100000000000005
2025-09-19,UST-10Y-YIELD,Yield,0.0414
2025-09-22,UST-10Y-YIELD,Yield,0.0415
2025-09-23,UST-10Y-YIELD,Yield,0.0412
2025-09-24,UST-10Y-YIELD,Yield,0.0416
2025-09-25,UST-10Y-YIELD,Yield,0.0418
2025-09-26,UST-10Y-YIELD,Yield,0.042
2025-09-29,UST-10Y-YIELD,Yield,0.0415
2025-09-30,UST-10Y-YIELD,Yield,0.0416
2025-10-01,UST-10Y-YIELD,Yield,0.0412
2025-10-02,UST-10Y-YIELD,Yield,0.040999999999999995
2025-10-03,UST-10Y-YIELD,Yield,0.041299999999999996
2025-10-06,UST-10Y-YIELD,Yield,0.0418
2025-10-07,UST-10Y-YIELD,Yield,0.0414
2025-10-08,UST-10Y-YIELD,Yield,0.041299999999999996
2025-10-09,UST-10Y-YIELD,Yield,0.0414
2025-10-10,UST-10Y-YIELD,Yield,0.0405
2025-10-14,UST-10Y-YIELD,Yield,0.0403
2025-10-15,UST-10Y-YIELD,Yield,0.0405
2025-10-16,UST-10Y-YIELD,Yield,0.039900000000000005
2025-10-17,UST-10Y-YIELD,Yield,0.04019999999999999
2025-10-20,UST-10Y-YIELD,Yield,0.04
2025-10-21,UST-10Y-YIELD,Yield,0.0398
2025-10-22,UST-10Y-YIELD,Yield,0.0397
2025-10-23,UST-10Y-YIELD,Yield,0.0401
2025-10-24,UST-10Y-YIELD,Yield,0.04019999999999999
2025-10-27,UST-10Y-YIELD,Yield,0.0401
2025-10-28,UST-10Y-YIELD,Yield,0.039900000000000005
2025-10-29,UST-10Y-YIELD,Yield,0.0408
2025-10-30,UST-10Y-YIELD,Yield,0.041100000000000005
2025-10-31,UST-10Y-YIELD,Yield,0.041100000000000005
2025-11-03,UST-10Y-YIELD,Yield,0.041299999999999996
2025-11-04,UST-10Y-YIELD,Yield,0.040999999999999995
2025-11-05,UST-10Y-YIELD,Yield,0.0417
2025-11-06,UST-10Y-YIELD,Yield,0.041100000000000005
2025-11-07,UST-10Y-YIELD,Yield,0.041100000000000005
2025-11-10,UST-10Y-YIELD,Yield,0.041299999999999996
2025-11-12,UST-10Y-YIELD,Yield,0.0408
2025-11-13,UST-10Y-YIELD,Yield,0.041100000000000005
2025-11-14,UST-10Y-YIELD,Yield,0.0414
2025-11-17,UST-10Y-YIELD,Yield,0.041299999999999996
2025-11-18,UST-10Y-YIELD,Yield,0.0412
2025-11-19,UST-10Y-YIELD,Yield,0.041299999999999996
2025-11-20,UST-10Y-YIELD,Yield,0.040999999999999995
2025-11-21,UST-10Y-YIELD,Yield,0.0406
2025-11-24,UST-10Y-YIELD,Yield,0.0404
2025-11-25,UST-10Y-YIELD,Yield,0.0401
2025-11-26,UST-10Y-YIELD,Yield,0.04
2025-11-28,UST-10Y-YIELD,Yield,0.04019999999999999
2025-12-01,UST-10Y-YIELD,Yield,0.0409
2025-12-02,UST-10Y-YIELD,Yield,0.0409
2025-12-03,UST-10Y-YIELD,Yield,0.0406
2025-12-04,UST-10Y-YIELD,Yield,0.041100000000000005
2025-12-05,UST-10Y-YIELD,Yield,0.0414
2025-12-08,UST-10Y-YIELD,Yield,0.0417
2025-12-09,UST-10Y-YIELD,Yield,0.0418
2025-12-10,UST-10Y-YIELD,Yield,0.041299999999999996
2025-12-11,UST-10Y-YIELD,Yield,0.0414
2025-12-12,UST-10Y-YIELD,Yield,0.04190000000000001
2025-12-15,UST-10Y-YIELD,Yield,0.0418
2025-12-16,UST-10Y-YIELD,Yield,0.0415
2025-12-17,UST-10Y-YIELD,Yield,0.0416
2025-12-18,UST-10Y-YIELD,Yield,0.0412
2025-12-19,UST-10Y-YIELD,Yield,0.0416
2025-12-22,UST-10Y-YIELD,Yield,0.0417
2025-12-23,UST-10Y-YIELD,Yield,0.0418
2025-12-24,UST-10Y-YIELD,Yield,0.0415
2025-12-26,UST-10Y-YIELD,Yield,0.0414
2025-12-29,UST-10Y-YIELD,Yield,0.0412
2025-12-30,UST-10Y-YIELD,Yield,0.0414
2025-12-31,UST-10Y-YIELD,Yield,0.0418
2026-01-02,UST-10Y-YIELD,Yield,0.04190000000000001
2026-01-05,UST-10Y-YIELD,Yield,0.0417
2026-01-06,UST-10Y-YIELD,Yield,0.0418
2026-01-07,UST-10Y-YIELD,Yield,0.0415
2026-01-08,UST-10Y-YIELD,Yield,0.04190000000000001
2026-01-09,UST-10Y-YIELD,Yield,0.0418
2026-01-12,UST-10Y-YIELD,Yield,0.04190000000000001
2026-01-13,UST-10Y-YIELD,Yield,0.0418
2026-01-14,UST-10Y-YIELD,Yield,0.0415
2026-01-15,UST-10Y-YIELD,Yield,0.0417
2026-01-16,UST-10Y-YIELD,Yield,0.0424
2026-01-20,UST-10Y-YIELD,Yield,0.043
2026-01-21,UST-10Y-YIELD,Yield,0.0426
2026-01-22,UST-10Y-YIELD,Yield,0.0426
2026-01-23,UST-10Y-YIELD,Yield,0.0424
2026-01-26,UST-10Y-YIELD,Yield,0.042199999999999994
2026-01-27,UST-10Y-YIELD,Yield,0.0424
2026-01-28,UST-10Y-YIELD,Yield,0.0426
2026-01-29,UST-10Y-YIELD,Yield,0.0424
2026-01-30,UST-10Y-YIELD,Yield,0.0426
2026-02-02,UST-10Y-YIELD,Yield,0.0429
2026-02-03,UST-10Y-YIELD,Yield,0.042800000000000005
2026-02-04,UST-10Y-YIELD,Yield,0.0429
2026-02-05,UST-10Y-YIELD,Yield,0.0421
2026-02-06,UST-10Y-YIELD,Yield,0.042199999999999994
2026-02-09,UST-10Y-YIELD,Yield,0.042199999999999994
2026-02-10,UST-10Y-YIELD,Yield,0.0416
2026-02-11,UST-10Y-YIELD,Yield,0.0418
2026-02-12,UST-10Y-YIELD,Yield,0.0409
2026-02-13,UST-10Y-YIELD,Yield,0.0404
2026-02-17,UST-10Y-YIELD,Yield,0.0405
2026-02-18,UST-10Y-YIELD,Yield,0.0409
2026-02-19,UST-10Y-YIELD,Yield,0.0408
2026-02-20,UST-10Y-YIELD,Yield,0.0408
2026-02-23,UST-10Y-YIELD,Yield,0.0403
2026-02-24,UST-10Y-YIELD,Yield,0.0404
2026-02-25,UST-10Y-YIELD,Yield,0.0405
2026-02-26,UST-10Y-YIELD,Yield,0.04019999999999999
2026-02-27,UST-10Y-YIELD,Yield,0.0397
2026-03-02,UST-10Y-YIELD,Yield,0.0405
2026-03-03,UST-10Y-YIELD,Yield,0.0406
2026-03-04,UST-10Y-YIELD,Yield,0.0409
2026-03-05,UST-10Y-YIELD,Yield,0.041299999999999996
2026-03-06,UST-10Y-YIELD,Yield,0.0415
2026-03-09,UST-10Y-YIELD,Yield,0.0412
2026-03-10,UST-10Y-YIELD,Yield,0.0415
2026-03-11,UST-10Y-YIELD,Yield,0.0421
2026-03-12,UST-10Y-YIELD,Yield,0.042699999999999995
2026-03-13,UST-10Y-YIELD,Yield,0.042800000000000005
2026-03-16,UST-10Y-YIELD,Yield,0.042300000000000004
2026-03-17,UST-10Y-YIELD,Yield,0.042
2026-03-18,UST-10Y-YIELD,Yield,0.0426
2026-03-19,UST-10Y-YIELD,Yield,0.0425
2026-03-20,UST-10Y-YIELD,Yield,0.043899999999999995
2026-03-23,UST-10Y-YIELD,Yield,0.0434
2026-03-24,UST-10Y-YIELD,Yield,0.043899999999999995
2026-03-25,UST-10Y-YIELD,Yield,0.0433
2026-03-26,UST-10Y-YIELD,Yield,0.044199999999999996
2026-03-27,UST-10Y-YIELD,Yield,0.0444
2026-03-30,UST-10Y-YIELD,Yield,0.0435
2026-03-31,UST-10Y-YIELD,Yield,0.043
2026-04-01,UST-10Y-YIELD,Yield,0.0433
2026-04-02,UST-10Y-YIELD,Yield,0.0431
2026-04-03,UST-10Y-YIELD,Yield,0.0435
2026-04-06,UST-10Y-YIELD,Yield,0.0434
2026-04-07,UST-10Y-YIELD,Yield,0.0433
2026-04-08,UST-10Y-YIELD,Yield,0.0429
2026-04-09,UST-10Y-YIELD,Yield,0.0429
2026-04-10,UST-10Y-YIELD,Yield,0.0431
2026-04-13,UST-10Y-YIELD,Yield,0.043
2026-04-14,UST-10Y-YIELD,Yield,0.0426
2026-04-15,UST-10Y-YIELD,Yield,0.0429
2026-04-16,UST-10Y-YIELD,Yield,0.0432
2026-04-17,UST-10Y-YIELD,Yield,0.0426
2026-04-20,UST-10Y-YIELD,Yield,0.0426
2026-04-21,UST-10Y-YIELD,Yield,0.043
2026-04-22,UST-10Y-YIELD,Yield,0.043
2026-04-23,UST-10Y-YIELD,Yield,0.0434
2026-04-24,UST-10Y-YIELD,Yield,0.0431
2026-04-27,UST-10Y-YIELD,Yield,0.0435
2026-04-28,UST-10Y-YIELD,Yield,0.0436
2026-04-29,UST-10Y-YIELD,Yield,0.044199999999999996
2026-04-30,UST-10Y-YIELD,Yield,0.044000000000000004
2026-05-01,UST-10Y-YIELD,Yield,0.043899999999999995
2026-05-04,UST-10Y-YIELD,Yield,0.044500000000000005
2026-05-05,UST-10Y-YIELD,Yield,0.0443
2026-05-06,UST-10Y-YIELD,Yield,0.0436
2026-05-07,UST-10Y-YIELD,Yield,0.0441
2026-05-08,UST-10Y-YIELD,Yield,0.0438
2026-05-11,UST-10Y-YIELD,Yield,0.044199999999999996
2026-05-12,UST-10Y-YIELD,Yield,0.0446
2026-05-13,UST-10Y-YIELD,Yield,0.0446
2026-05-14,UST-10Y-YIELD,Yield,0.0447
2026-05-15,UST-10Y-YIELD,Yield,0.045899999999999996
2026-05-18,UST-10Y-YIELD,Yield,0.0461
2026-05-19,UST-10Y-YIELD,Yield,0.0467
2026-05-20,UST-10Y-YIELD,Yield,0.045700000000000005
2026-05-21,UST-10Y-YIELD,Yield,0.045700000000000005
2026-05-22,UST-10Y-YIELD,Yield,0.045599999999999995
2026-05-26,UST-10Y-YIELD,Yield,0.045
2026-05-27,UST-10Y-YIELD,Yield,0.044800000000000006
2026-05-28,UST-10Y-YIELD,Yield,0.044500000000000005
2026-05-29,UST-10Y-YIELD,Yield,0.044500000000000005
2026-06-01,UST-10Y-YIELD,Yield,0.0447
2026-06-02,UST-10Y-YIELD,Yield,0.0446
2026-06-03,UST-10Y-YIELD,Yield,0.0449
2026-06-04,UST-10Y-YIELD,Yield,0.0447
2026-06-05,UST-10Y-YIELD,Yield,0.0455
2026-06-08,UST-10Y-YIELD,Yield,0.045599999999999995
2026-06-09,UST-10Y-YIELD,Yield,0.0453
2026-06-10,UST-10Y-YIELD,Yield,0.0455
2026-06-11,UST-10Y-YIELD,Yield,0.044500000000000005
2026-06-12,UST-10Y-YIELD,Yield,0.044800000000000006
2026-06-15,UST-10Y-YIELD,Yield,0.0447
2026-06-16,UST-10Y-YIELD,Yield,0.0443
2026-06-17,UST-10Y-YIELD,Yield,0.0449
2026-06-18,UST-10Y-YIELD,Yield,0.0446
2026-06-22,UST-10Y-YIELD,Yield,0.0451
2026-06-23,UST-10Y-YIELD,Yield,0.045
2026-06-24,UST-10Y-YIELD,Yield,0.0441
2026-06-25,UST-10Y-YIELD,Yield,0.044000000000000004
2026-06-26,UST-10Y-YIELD,Yield,0.0438
2026-06-29,UST-10Y-YIELD,Yield,0.0438
2026-06-30,UST-10Y-YIELD,Yield,0.0444
2026-07-01,UST-10Y-YIELD,Yield,0.044800000000000006
2026-07-02,UST-10Y-YIELD,Yield,0.0449
2026-07-06,UST-10Y-YIELD,Yield,0.044800000000000006
2026-07-07,UST-10Y-YIELD,Yield,0.0455
2026-07-08,UST-10Y-YIELD,Yield,0.045599999999999995
2026-07-09,UST-10Y-YIELD,Yield,0.0454
2026-07-10,UST-10Y-YIELD,Yield,0.045599999999999995
2026-07-13,UST-10Y-YIELD,Yield,0.0462
2026-07-14,UST-10Y-YIELD,Yield,0.0458
2026-07-15,UST-10Y-YIELD,Yield,0.0455
2026-07-16,UST-10Y-YIELD,Yield,0.045700000000000005
2026-07-17,UST-10Y-YIELD,Yield,0.0455
2026-07-20,UST-10Y-YIELD,Yield,0.046
2026-07-21,UST-10Y-YIELD,Yield,0.0463
2026-07-22,UST-10Y-YIELD,Yield,0.0467
2026-07-23,UST-10Y-YIELD,Yield,0.0471
2026-07-24,UST-10Y-YIELD,Yield,0.046900000000000004
2026-07-27,UST-10Y-YIELD,Yield,0.04650000000000001
2026-07-28,UST-10Y-YIELD,Yield,0.0461
2026-07-29,UST-10Y-YIELD,Yield,0.0467
2026-07-30,UST-10Y-YIELD,Yield,0.046799999999999994
2026-07-31,UST-10Y-YIELD,Yield,0.0475
2026-08-03,UST-10Y-YIELD,Yield,0.047
2026-08-04,UST-10Y-YIELD,Yield,0.0463
2026-08-05,UST-10Y-YIELD,Yield,0.0463
2026-08-06,UST-10Y-YIELD,Yield,0.046900000000000004
2026-08-07,UST-10Y-YIELD,Yield,0.04650000000000001
2026-08-10,UST-10Y-YIELD,Yield,0.0472
2026-08-11,UST-10Y-YIELD,Yield,0.047
2026-08-12,UST-10Y-YIELD,Yield,0.046799999999999994
2026-08-13,UST-10Y-YIELD,Yield,0.0463
2026-08-14,UST-10Y-YIELD,Yield,0.046799999999999994
2026-08-17,UST-10Y-YIELD,Yield,0.0472
2026-08-18,UST-10Y-YIELD,Yield,0.0471
2026-08-19,UST-10Y-YIELD,Yield,0.04650000000000001
2026-08-20,UST-10Y-YIELD,Yield,0.046900000000000004
2026-08-21,UST-10Y-YIELD,Yield,0.047400000000000005
2026-08-24,UST-10Y-YIELD,Yield,0.047
2026-08-25,UST-10Y-YIELD,Yield,0.0464
2026-08-26,UST-10Y-YIELD,Yield,0.0466
2026-08-27,UST-10Y-YIELD,Yield,0.0467
2026-08-28,UST-10Y-YIELD,Yield,0.0473
2026-08-31,UST-10Y-YIELD,Yield,0.0475
2026-09-01,UST-10Y-YIELD,Yield,0.0479
2026-09-02,UST-10Y-YIELD,Yield,0.0479
2026-09-03,UST-10Y-YIELD,Yield,0.04769999999999999
2024-09-04,UST-2Y-YIELD,Yield,0.037599999999999995
2024-09-05,UST-2Y-YIELD,Yield,0.0375
2024-09-06,UST-2Y-YIELD,Yield,0.0366
2024-09-09,UST-2Y-YIELD,Yield,0.0368
2024-09-10,UST-2Y-YIELD,Yield,0.0359
2024-09-11,UST-2Y-YIELD,Yield,0.0362
2024-09-12,UST-2Y-YIELD,Yield,0.0364
2024-09-13,UST-2Y-YIELD,Yield,0.035699999999999996
2024-09-16,UST-2Y-YIELD,Yield,0.0356
2024-09-17,UST-2Y-YIELD,Yield,0.0359
2024-09-18,UST-2Y-YIELD,Yield,0.0361
2024-09-19,UST-2Y-YIELD,Yield,0.0359
2024-09-20,UST-2Y-YIELD,Yield,0.0355
2024-09-23,UST-2Y-YIELD,Yield,0.035699999999999996
2024-09-24,UST-2Y-YIELD,Yield,0.0349
2024-09-25,UST-2Y-YIELD,Yield,0.0353
2024-09-26,UST-2Y-YIELD,Yield,0.036000000000000004
2024-09-27,UST-2Y-YIELD,Yield,0.0355
2024-09-30,UST-2Y-YIELD,Yield,0.0366
2024-10-01,UST-2Y-YIELD,Yield,0.0361
2024-10-02,UST-2Y-YIELD,Yield,0.0363
2024-10-03,UST-2Y-YIELD,Yield,0.037000000000000005
2024-10-04,UST-2Y-YIELD,Yield,0.0393
2024-10-07,UST-2Y-YIELD,Yield,0.039900000000000005
2024-10-08,UST-2Y-YIELD,Yield,0.0398
2024-10-09,UST-2Y-YIELD,Yield,0.039900000000000005
2024-10-10,UST-2Y-YIELD,Yield,0.0398
2024-10-11,UST-2Y-YIELD,Yield,0.0395
2024-10-15,UST-2Y-YIELD,Yield,0.0395
2024-10-16,UST-2Y-YIELD,Yield,0.0393
2024-10-17,UST-2Y-YIELD,Yield,0.039599999999999996
2024-10-18,UST-2Y-YIELD,Yield,0.0395
2024-10-21,UST-2Y-YIELD,Yield,0.04019999999999999
2024-10-22,UST-2Y-YIELD,Yield,0.0403
2024-10-23,UST-2Y-YIELD,Yield,0.0407
2024-10-24,UST-2Y-YIELD,Yield,0.0407
2024-10-25,UST-2Y-YIELD,Yield,0.041100000000000005
2024-10-28,UST-2Y-YIELD,Yield,0.0412
2024-10-29,UST-2Y-YIELD,Yield,0.041100000000000005
2024-10-30,UST-2Y-YIELD,Yield,0.0415
2024-10-31,UST-2Y-YIELD,Yield,0.0416
2024-11-01,UST-2Y-YIELD,Yield,0.0421
2024-11-04,UST-2Y-YIELD,Yield,0.0417
2024-11-05,UST-2Y-YIELD,Yield,0.04190000000000001
2024-11-06,UST-2Y-YIELD,Yield,0.042699999999999995
2024-11-07,UST-2Y-YIELD,Yield,0.0421
2024-11-08,UST-2Y-YIELD,Yield,0.0426
2024-11-12,UST-2Y-YIELD,Yield,0.0434
2024-11-13,UST-2Y-YIELD,Yield,0.042699999999999995
2024-11-14,UST-2Y-YIELD,Yield,0.0434
2024-11-15,UST-2Y-YIELD,Yield,0.0431
2024-11-18,UST-2Y-YIELD,Yield,0.0429
2024-11-19,UST-2Y-YIELD,Yield,0.042699999999999995
2024-11-20,UST-2Y-YIELD,Yield,0.0431
2024-11-21,UST-2Y-YIELD,Yield,0.0434
2024-11-22,UST-2Y-YIELD,Yield,0.0437
2024-11-25,UST-2Y-YIELD,Yield,0.0421
2024-11-26,UST-2Y-YIELD,Yield,0.0421
2024-11-27,UST-2Y-YIELD,Yield,0.04190000000000001
2024-11-29,UST-2Y-YIELD,Yield,0.041299999999999996
2024-12-02,UST-2Y-YIELD,Yield,0.0417
2024-12-03,UST-2Y-YIELD,Yield,0.0417
2024-12-04,UST-2Y-YIELD,Yield,0.041299999999999996
2024-12-05,UST-2Y-YIELD,Yield,0.0415
2024-12-06,UST-2Y-YIELD,Yield,0.040999999999999995
2024-12-09,UST-2Y-YIELD,Yield,0.041299999999999996
2024-12-10,UST-2Y-YIELD,Yield,0.0415
2024-12-11,UST-2Y-YIELD,Yield,0.0415
2024-12-12,UST-2Y-YIELD,Yield,0.0418
2024-12-13,UST-2Y-YIELD,Yield,0.0425
2024-12-16,UST-2Y-YIELD,Yield,0.0425
2024-12-17,UST-2Y-YIELD,Yield,0.0425
2024-12-18,UST-2Y-YIELD,Yield,0.0435
2024-12-19,UST-2Y-YIELD,Yield,0.0432
2024-12-20,UST-2Y-YIELD,Yield,0.043
2024-12-23,UST-2Y-YIELD,Yield,0.043
2024-12-24,UST-2Y-YIELD,Yield,0.0429
2024-12-26,UST-2Y-YIELD,Yield,0.043
2024-12-27,UST-2Y-YIELD,Yield,0.0431
2024-12-30,UST-2Y-YIELD,Yield,0.0424
2024-12-31,UST-2Y-YIELD,Yield,0.0425
2025-01-02,UST-2Y-YIELD,Yield,0.0425
2025-01-03,UST-2Y-YIELD,Yield,0.042800000000000005
2025-01-06,UST-2Y-YIELD,Yield,0.042800000000000005
2025-01-07,UST-2Y-YIELD,Yield,0.043
2025-01-08,UST-2Y-YIELD,Yield,0.042800000000000005
2025-01-09,UST-2Y-YIELD,Yield,0.042699999999999995
2025-01-10,UST-2Y-YIELD,Yield,0.044000000000000004
2025-01-13,UST-2Y-YIELD,Yield,0.044000000000000004
2025-01-14,UST-2Y-YIELD,Yield,0.0437
2025-01-15,UST-2Y-YIELD,Yield,0.042699999999999995
2025-01-16,UST-2Y-YIELD,Yield,0.042300000000000004
2025-01-17,UST-2Y-YIELD,Yield,0.042699999999999995
2025-01-21,UST-2Y-YIELD,Yield,0.0429
2025-01-22,UST-2Y-YIELD,Yield,0.0429
2025-01-23,UST-2Y-YIELD,Yield,0.0429
2025-01-24,UST-2Y-YIELD,Yield,0.042699999999999995
2025-01-27,UST-2Y-YIELD,Yield,0.0417
2025-01-28,UST-2Y-YIELD,Yield,0.04190000000000001
2025-01-29,UST-2Y-YIELD,Yield,0.0421
2025-01-30,UST-2Y-YIELD,Yield,0.0418
2025-01-31,UST-2Y-YIELD,Yield,0.042199999999999994
2025-02-03,UST-2Y-YIELD,Yield,0.0426
2025-02-04,UST-2Y-YIELD,Yield,0.0421
2025-02-05,UST-2Y-YIELD,Yield,0.0417
2025-02-06,UST-2Y-YIELD,Yield,0.0421
2025-02-07,UST-2Y-YIELD,Yield,0.0429
2025-02-10,UST-2Y-YIELD,Yield,0.042800000000000005
2025-02-11,UST-2Y-YIELD,Yield,0.0429
2025-02-12,UST-2Y-YIELD,Yield,0.0436
2025-02-13,UST-2Y-YIELD,Yield,0.0431
2025-02-14,UST-2Y-YIELD,Yield,0.0426
2025-02-18,UST-2Y-YIELD,Yield,0.0429
2025-02-19,UST-2Y-YIELD,Yield,0.042800000000000005
2025-02-20,UST-2Y-YIELD,Yield,0.042800000000000005
2025-02-21,UST-2Y-YIELD,Yield,0.04190000000000001
2025-02-24,UST-2Y-YIELD,Yield,0.041299999999999996
2025-02-25,UST-2Y-YIELD,Yield,0.0407
2025-02-26,UST-2Y-YIELD,Yield,0.0405
2025-02-27,UST-2Y-YIELD,Yield,0.0407
2025-02-28,UST-2Y-YIELD,Yield,0.039900000000000005
2025-03-03,UST-2Y-YIELD,Yield,0.039599999999999996
2025-03-04,UST-2Y-YIELD,Yield,0.039599999999999996
2025-03-05,UST-2Y-YIELD,Yield,0.039900000000000005
2025-03-06,UST-2Y-YIELD,Yield,0.039599999999999996
2025-03-07,UST-2Y-YIELD,Yield,0.039900000000000005
2025-03-10,UST-2Y-YIELD,Yield,0.038900000000000004
2025-03-11,UST-2Y-YIELD,Yield,0.0394
2025-03-12,UST-2Y-YIELD,Yield,0.0401
2025-03-13,UST-2Y-YIELD,Yield,0.0394
2025-03-14,UST-2Y-YIELD,Yield,0.04019999999999999
2025-03-17,UST-2Y-YIELD,Yield,0.0406
2025-03-18,UST-2Y-YIELD,Yield,0.0404
2025-03-19,UST-2Y-YIELD,Yield,0.039900000000000005
2025-03-20,UST-2Y-YIELD,Yield,0.0395
2025-03-21,UST-2Y-YIELD,Yield,0.0394
2025-03-24,UST-2Y-YIELD,Yield,0.0404
2025-03-25,UST-2Y-YIELD,Yield,0.039599999999999996
2025-03-26,UST-2Y-YIELD,Yield,0.0398
2025-03-27,UST-2Y-YIELD,Yield,0.0397
2025-03-28,UST-2Y-YIELD,Yield,0.038900000000000004
2025-03-31,UST-2Y-YIELD,Yield,0.038900000000000004
2025-04-01,UST-2Y-YIELD,Yield,0.0387
2025-04-02,UST-2Y-YIELD,Yield,0.0391
2025-04-03,UST-2Y-YIELD,Yield,0.0371
2025-04-04,UST-2Y-YIELD,Yield,0.0368
2025-04-07,UST-2Y-YIELD,Yield,0.0373
2025-04-08,UST-2Y-YIELD,Yield,0.0371
2025-04-09,UST-2Y-YIELD,Yield,0.0391
2025-04-10,UST-2Y-YIELD,Yield,0.0384
2025-04-11,UST-2Y-YIELD,Yield,0.039599999999999996
2025-04-14,UST-2Y-YIELD,Yield,0.0384
2025-04-15,UST-2Y-YIELD,Yield,0.0384
2025-04-16,UST-2Y-YIELD,Yield,0.0377
2025-04-17,UST-2Y-YIELD,Yield,0.0381
2025-04-21,UST-2Y-YIELD,Yield,0.0375
2025-04-22,UST-2Y-YIELD,Yield,0.037599999999999995
2025-04-23,UST-2Y-YIELD,Yield,0.0381
2025-04-24,UST-2Y-YIELD,Yield,0.0377
2025-04-25,UST-2Y-YIELD,Yield,0.0374
2025-04-28,UST-2Y-YIELD,Yield,0.036699999999999997
2025-04-29,UST-2Y-YIELD,Yield,0.0365
2025-04-30,UST-2Y-YIELD,Yield,0.036000000000000004
2025-05-01,UST-2Y-YIELD,Yield,0.037000000000000005
2025-05-02,UST-2Y-YIELD,Yield,0.0383
2025-05-05,UST-2Y-YIELD,Yield,0.0383
2025-05-06,UST-2Y-YIELD,Yield,0.0378
2025-05-07,UST-2Y-YIELD,Yield,0.0378
2025-05-08,UST-2Y-YIELD,Yield,0.039
2025-05-09,UST-2Y-YIELD,Yield,0.0388
2025-05-12,UST-2Y-YIELD,Yield,0.0398
2025-05-13,UST-2Y-YIELD,Yield,0.04019999999999999
2025-05-14,UST-2Y-YIELD,Yield,0.0405
2025-05-15,UST-2Y-YIELD,Yield,0.039599999999999996
2025-05-16,UST-2Y-YIELD,Yield,0.0398
2025-05-19,UST-2Y-YIELD,Yield,0.0397
2025-05-20,UST-2Y-YIELD,Yield,0.0397
2025-05-21,UST-2Y-YIELD,Yield,0.04
2025-05-22,UST-2Y-YIELD,Yield,0.04
2025-05-23,UST-2Y-YIELD,Yield,0.04
2025-05-27,UST-2Y-YIELD,Yield,0.0392
2025-05-28,UST-2Y-YIELD,Yield,0.039599999999999996
2025-05-29,UST-2Y-YIELD,Yield,0.0392
2025-05-30,UST-2Y-YIELD,Yield,0.038900000000000004
2025-06-02,UST-2Y-YIELD,Yield,0.0394
2025-06-03,UST-2Y-YIELD,Yield,0.039599999999999996
2025-06-04,UST-2Y-YIELD,Yield,0.0387
2025-06-05,UST-2Y-YIELD,Yield,0.0392
2025-06-06,UST-2Y-YIELD,Yield,0.0404
2025-06-09,UST-2Y-YIELD,Yield,0.0401
2025-06-10,UST-2Y-YIELD,Yield,0.0401
2025-06-11,UST-2Y-YIELD,Yield,0.0394
2025-06-12,UST-2Y-YIELD,Yield,0.039
2025-06-13,UST-2Y-YIELD,Yield,0.039599999999999996
2025-06-16,UST-2Y-YIELD,Yield,0.0397
2025-06-17,UST-2Y-YIELD,Yield,0.0394
2025-06-18,UST-2Y-YIELD,Yield,0.0394
2025-06-20,UST-2Y-YIELD,Yield,0.039
2025-06-23,UST-2Y-YIELD,Yield,0.0384
2025-06-24,UST-2Y-YIELD,Yield,0.0375
2025-06-25,UST-2Y-YIELD,Yield,0.0374
2025-06-26,UST-2Y-YIELD,Yield,0.037000000000000005
2025-06-27,UST-2Y-YIELD,Yield,0.0373
2025-06-30,UST-2Y-YIELD,Yield,0.037200000000000004
2025-07-01,UST-2Y-YIELD,Yield,0.0378
2025-07-02,UST-2Y-YIELD,Yield,0.0378
2025-07-03,UST-2Y-YIELD,Yield,0.0388
2025-07-07,UST-2Y-YIELD,Yield,0.039
2025-07-08,UST-2Y-YIELD,Yield,0.039
2025-07-09,UST-2Y-YIELD,Yield,0.038599999999999995
2025-07-10,UST-2Y-YIELD,Yield,0.038599999999999995
2025-07-11,UST-2Y-YIELD,Yield,0.039
2025-07-14,UST-2Y-YIELD,Yield,0.039
2025-07-15,UST-2Y-YIELD,Yield,0.0395
2025-07-16,UST-2Y-YIELD,Yield,0.0388
2025-07-17,UST-2Y-YIELD,Yield,0.0391
2025-07-18,UST-2Y-YIELD,Yield,0.0388
2025-07-21,UST-2Y-YIELD,Yield,0.0385
2025-07-22,UST-2Y-YIELD,Yield,0.0383
2025-07-23,UST-2Y-YIELD,Yield,0.0388
2025-07-24,UST-2Y-YIELD,Yield,0.0391
2025-07-25,UST-2Y-YIELD,Yield,0.0391
2025-07-28,UST-2Y-YIELD,Yield,0.0391
2025-07-29,UST-2Y-YIELD,Yield,0.038599999999999995
2025-07-30,UST-2Y-YIELD,Yield,0.0394
2025-07-31,UST-2Y-YIELD,Yield,0.0394
2025-08-01,UST-2Y-YIELD,Yield,0.0369
2025-08-04,UST-2Y-YIELD,Yield,0.0369
2025-08-05,UST-2Y-YIELD,Yield,0.037200000000000004
2025-08-06,UST-2Y-YIELD,Yield,0.0369
2025-08-07,UST-2Y-YIELD,Yield,0.037200000000000004
2025-08-08,UST-2Y-YIELD,Yield,0.037599999999999995
2025-08-11,UST-2Y-YIELD,Yield,0.037599999999999995
2025-08-12,UST-2Y-YIELD,Yield,0.037200000000000004
2025-08-13,UST-2Y-YIELD,Yield,0.036699999999999997
2025-08-14,UST-2Y-YIELD,Yield,0.0374
2025-08-15,UST-2Y-YIELD,Yield,0.0375
2025-08-18,UST-2Y-YIELD,Yield,0.0377
2025-08-19,UST-2Y-YIELD,Yield,0.0375
2025-08-20,UST-2Y-YIELD,Yield,0.0374
2025-08-21,UST-2Y-YIELD,Yield,0.0379
2025-08-22,UST-2Y-YIELD,Yield,0.0368
2025-08-25,UST-2Y-YIELD,Yield,0.0373
2025-08-26,UST-2Y-YIELD,Yield,0.0361
2025-08-27,UST-2Y-YIELD,Yield,0.0359
2025-08-28,UST-2Y-YIELD,Yield,0.0362
2025-08-29,UST-2Y-YIELD,Yield,0.0359
2025-09-02,UST-2Y-YIELD,Yield,0.0366
2025-09-03,UST-2Y-YIELD,Yield,0.0361
2025-09-04,UST-2Y-YIELD,Yield,0.0359
2025-09-05,UST-2Y-YIELD,Yield,0.0351
2025-09-08,UST-2Y-YIELD,Yield,0.0349
2025-09-09,UST-2Y-YIELD,Yield,0.0354
2025-09-10,UST-2Y-YIELD,Yield,0.0354
2025-09-11,UST-2Y-YIELD,Yield,0.0352
2025-09-12,UST-2Y-YIELD,Yield,0.0356
2025-09-15,UST-2Y-YIELD,Yield,0.0354
2025-09-16,UST-2Y-YIELD,Yield,0.0351
2025-09-17,UST-2Y-YIELD,Yield,0.0352
2025-09-18,UST-2Y-YIELD,Yield,0.035699999999999996
2025-09-19,UST-2Y-YIELD,Yield,0.035699999999999996
2025-09-22,UST-2Y-YIELD,Yield,0.0361
2025-09-23,UST-2Y-YIELD,Yield,0.0353
2025-09-24,UST-2Y-YIELD,Yield,0.035699999999999996
2025-09-25,UST-2Y-YIELD,Yield,0.0364
2025-09-26,UST-2Y-YIELD,Yield,0.0363
2025-09-29,UST-2Y-YIELD,Yield,0.0363
2025-09-30,UST-2Y-YIELD,Yield,0.036000000000000004
2025-10-01,UST-2Y-YIELD,Yield,0.0355
2025-10-02,UST-2Y-YIELD,Yield,0.0355
2025-10-03,UST-2Y-YIELD,Yield,0.0358
2025-10-06,UST-2Y-YIELD,Yield,0.036000000000000004
2025-10-07,UST-2Y-YIELD,Yield,0.035699999999999996
2025-10-08,UST-2Y-YIELD,Yield,0.0358
2025-10-09,UST-2Y-YIELD,Yield,0.036000000000000004
2025-10-10,UST-2Y-YIELD,Yield,0.0352
2025-10-14,UST-2Y-YIELD,Yield,0.0348
2025-10-15,UST-2Y-YIELD,Yield,0.035
2025-10-16,UST-2Y-YIELD,Yield,0.0341
2025-10-17,UST-2Y-YIELD,Yield,0.0346
2025-10-20,UST-2Y-YIELD,Yield,0.0346
2025-10-21,UST-2Y-YIELD,Yield,0.0345
2025-10-22,UST-2Y-YIELD,Yield,0.0345
2025-10-23,UST-2Y-YIELD,Yield,0.0348
2025-10-24,UST-2Y-YIELD,Yield,0.0348
2025-10-27,UST-2Y-YIELD,Yield,0.0348
2025-10-28,UST-2Y-YIELD,Yield,0.0347
2025-10-29,UST-2Y-YIELD,Yield,0.0359
2025-10-30,UST-2Y-YIELD,Yield,0.0361
2025-10-31,UST-2Y-YIELD,Yield,0.036000000000000004
2025-11-03,UST-2Y-YIELD,Yield,0.036000000000000004
2025-11-04,UST-2Y-YIELD,Yield,0.0358
2025-11-05,UST-2Y-YIELD,Yield,0.0363
2025-11-06,UST-2Y-YIELD,Yield,0.035699999999999996
2025-11-07,UST-2Y-YIELD,Yield,0.0355
2025-11-10,UST-2Y-YIELD,Yield,0.0358
2025-11-12,UST-2Y-YIELD,Yield,0.0356
2025-11-13,UST-2Y-YIELD,Yield,0.0358
2025-11-14,UST-2Y-YIELD,Yield,0.0362
2025-11-17,UST-2Y-YIELD,Yield,0.036000000000000004
2025-11-18,UST-2Y-YIELD,Yield,0.0358
2025-11-19,UST-2Y-YIELD,Yield,0.0358
2025-11-20,UST-2Y-YIELD,Yield,0.0355
2025-11-21,UST-2Y-YIELD,Yield,0.0351
2025-11-24,UST-2Y-YIELD,Yield,0.0346
2025-11-25,UST-2Y-YIELD,Yield,0.034300000000000004
2025-11-26,UST-2Y-YIELD,Yield,0.0345
2025-11-28,UST-2Y-YIELD,Yield,0.0347
2025-12-01,UST-2Y-YIELD,Yield,0.0354
2025-12-02,UST-2Y-YIELD,Yield,0.0351
2025-12-03,UST-2Y-YIELD,Yield,0.0349
2025-12-04,UST-2Y-YIELD,Yield,0.0352
2025-12-05,UST-2Y-YIELD,Yield,0.0356
2025-12-08,UST-2Y-YIELD,Yield,0.035699999999999996
2025-12-09,UST-2Y-YIELD,Yield,0.0361
2025-12-10,UST-2Y-YIELD,Yield,0.0354
2025-12-11,UST-2Y-YIELD,Yield,0.0352
2025-12-12,UST-2Y-YIELD,Yield,0.0352
2025-12-15,UST-2Y-YIELD,Yield,0.0351
2025-12-16,UST-2Y-YIELD,Yield,0.0348
2025-12-17,UST-2Y-YIELD,Yield,0.0349
2025-12-18,UST-2Y-YIELD,Yield,0.0346
2025-12-19,UST-2Y-YIELD,Yield,0.0348
2025-12-22,UST-2Y-YIELD,Yield,0.0344
2025-12-23,UST-2Y-YIELD,Yield,0.0348
2025-12-24,UST-2Y-YIELD,Yield,0.0347
2025-12-26,UST-2Y-YIELD,Yield,0.0346
2025-12-29,UST-2Y-YIELD,Yield,0.0345
2025-12-30,UST-2Y-YIELD,Yield,0.0345
2025-12-31,UST-2Y-YIELD,Yield,0.0347
2026-01-02,UST-2Y-YIELD,Yield,0.0347
2026-01-05,UST-2Y-YIELD,Yield,0.0346
2026-01-06,UST-2Y-YIELD,Yield,0.0347
2026-01-07,UST-2Y-YIELD,Yield,0.0347
2026-01-08,UST-2Y-YIELD,Yield,0.0349
2026-01-09,UST-2Y-YIELD,Yield,0.0354
2026-01-12,UST-2Y-YIELD,Yield,0.0354
2026-01-13,UST-2Y-YIELD,Yield,0.0353
2026-01-14,UST-2Y-YIELD,Yield,0.0351
2026-01-15,UST-2Y-YIELD,Yield,0.0356
2026-01-16,UST-2Y-YIELD,Yield,0.0359
2026-01-20,UST-2Y-YIELD,Yield,0.036000000000000004
2026-01-21,UST-2Y-YIELD,Yield,0.036000000000000004
2026-01-22,UST-2Y-YIELD,Yield,0.0361
2026-01-23,UST-2Y-YIELD,Yield,0.036000000000000004
2026-01-26,UST-2Y-YIELD,Yield,0.0356
2026-01-27,UST-2Y-YIELD,Yield,0.0353
2026-01-28,UST-2Y-YIELD,Yield,0.0356
2026-01-29,UST-2Y-YIELD,Yield,0.0353
2026-01-30,UST-2Y-YIELD,Yield,0.0352
2026-02-02,UST-2Y-YIELD,Yield,0.035699999999999996
2026-02-03,UST-2Y-YIELD,Yield,0.035699999999999996
2026-02-04,UST-2Y-YIELD,Yield,0.035699999999999996
2026-02-05,UST-2Y-YIELD,Yield,0.0347
2026-02-06,UST-2Y-YIELD,Yield,0.035
2026-02-09,UST-2Y-YIELD,Yield,0.0348
2026-02-10,UST-2Y-YIELD,Yield,0.0345
2026-02-11,UST-2Y-YIELD,Yield,0.0352
2026-02-12,UST-2Y-YIELD,Yield,0.0347
2026-02-13,UST-2Y-YIELD,Yield,0.034
2026-02-17,UST-2Y-YIELD,Yield,0.034300000000000004
2026-02-18,UST-2Y-YIELD,Yield,0.0347
2026-02-19,UST-2Y-YIELD,Yield,0.0347
2026-02-20,UST-2Y-YIELD,Yield,0.0348
2026-02-23,UST-2Y-YIELD,Yield,0.034300000000000004
2026-02-24,UST-2Y-YIELD,Yield,0.034300000000000004
2026-02-25,UST-2Y-YIELD,Yield,0.0345
2026-02-26,UST-2Y-YIELD,Yield,0.0342
2026-02-27,UST-2Y-YIELD,Yield,0.0338
2026-03-02,UST-2Y-YIELD,Yield,0.0347
2026-03-03,UST-2Y-YIELD,Yield,0.0351
2026-03-04,UST-2Y-YIELD,Yield,0.0354
2026-03-05,UST-2Y-YIELD,Yield,0.035699999999999996
2026-03-06,UST-2Y-YIELD,Yield,0.0356
2026-03-09,UST-2Y-YIELD,Yield,0.0356
2026-03-10,UST-2Y-YIELD,Yield,0.035699999999999996
2026-03-11,UST-2Y-YIELD,Yield,0.0364
2026-03-12,UST-2Y-YIELD,Yield,0.037599999999999995
2026-03-13,UST-2Y-YIELD,Yield,0.0373
2026-03-16,UST-2Y-YIELD,Yield,0.0368
2026-03-17,UST-2Y-YIELD,Yield,0.0368
2026-03-18,UST-2Y-YIELD,Yield,0.037599999999999995
2026-03-19,UST-2Y-YIELD,Yield,0.0379
2026-03-20,UST-2Y-YIELD,Yield,0.0388
2026-03-23,UST-2Y-YIELD,Yield,0.0383
2026-03-24,UST-2Y-YIELD,Yield,0.039
2026-03-25,UST-2Y-YIELD,Yield,0.0384
2026-03-26,UST-2Y-YIELD,Yield,0.039599999999999996
2026-03-27,UST-2Y-YIELD,Yield,0.0388
2026-03-30,UST-2Y-YIELD,Yield,0.0382
2026-03-31,UST-2Y-YIELD,Yield,0.0379
2026-04-01,UST-2Y-YIELD,Yield,0.0381
2026-04-02,UST-2Y-YIELD,Yield,0.0379
2026-04-03,UST-2Y-YIELD,Yield,0.0384
2026-04-06,UST-2Y-YIELD,Yield,0.0384
2026-04-07,UST-2Y-YIELD,Yield,0.0381
2026-04-08,UST-2Y-YIELD,Yield,0.0379
2026-04-09,UST-2Y-YIELD,Yield,0.0378
2026-04-10,UST-2Y-YIELD,Yield,0.0381
2026-04-13,UST-2Y-YIELD,Yield,0.0378
2026-04-14,UST-2Y-YIELD,Yield,0.037599999999999995
2026-04-15,UST-2Y-YIELD,Yield,0.037599999999999995
2026-04-16,UST-2Y-YIELD,Yield,0.0378
2026-04-17,UST-2Y-YIELD,Yield,0.0371
2026-04-20,UST-2Y-YIELD,Yield,0.037200000000000004
2026-04-21,UST-2Y-YIELD,Yield,0.0378
2026-04-22,UST-2Y-YIELD,Yield,0.0379
2026-04-23,UST-2Y-YIELD,Yield,0.0383
2026-04-24,UST-2Y-YIELD,Yield,0.0378
2026-04-27,UST-2Y-YIELD,Yield,0.0378
2026-04-28,UST-2Y-YIELD,Yield,0.0384
2026-04-29,UST-2Y-YIELD,Yield,0.0392
2026-04-30,UST-2Y-YIELD,Yield,0.0388
2026-05-01,UST-2Y-YIELD,Yield,0.0388
2026-05-04,UST-2Y-YIELD,Yield,0.0395
2026-05-05,UST-2Y-YIELD,Yield,0.0393
2026-05-06,UST-2Y-YIELD,Yield,0.0387
2026-05-07,UST-2Y-YIELD,Yield,0.0392
2026-05-08,UST-2Y-YIELD,Yield,0.039
2026-05-11,UST-2Y-YIELD,Yield,0.0395
2026-05-12,UST-2Y-YIELD,Yield,0.04
2026-05-13,UST-2Y-YIELD,Yield,0.0398
2026-05-14,UST-2Y-YIELD,Yield,0.04
2026-05-15,UST-2Y-YIELD,Yield,0.0409
2026-05-18,UST-2Y-YIELD,Yield,0.0407
2026-05-19,UST-2Y-YIELD,Yield,0.041299999999999996
2026-05-20,UST-2Y-YIELD,Yield,0.0404
2026-05-21,UST-2Y-YIELD,Yield,0.0408
2026-05-22,UST-2Y-YIELD,Yield,0.041299999999999996
2026-05-26,UST-2Y-YIELD,Yield,0.0401
2026-05-27,UST-2Y-YIELD,Yield,0.04
2026-05-28,UST-2Y-YIELD,Yield,0.039900000000000005
2026-05-29,UST-2Y-YIELD,Yield,0.0398
2026-06-01,UST-2Y-YIELD,Yield,0.0405
2026-06-02,UST-2Y-YIELD,Yield,0.0405
2026-06-03,UST-2Y-YIELD,Yield,0.0408
2026-06-04,UST-2Y-YIELD,Yield,0.0405
2026-06-05,UST-2Y-YIELD,Yield,0.0417
2026-06-08,UST-2Y-YIELD,Yield,0.0415
2026-06-09,UST-2Y-YIELD,Yield,0.041299999999999996
2026-06-10,UST-2Y-YIELD,Yield,0.041299999999999996
2026-06-11,UST-2Y-YIELD,Yield,0.0405
2026-06-12,UST-2Y-YIELD,Yield,0.0409
2026-06-15,UST-2Y-YIELD,Yield,0.0407
2026-06-16,UST-2Y-YIELD,Yield,0.0405
2026-06-17,UST-2Y-YIELD,Yield,0.042
2026-06-18,UST-2Y-YIELD,Yield,0.04190000000000001
2026-06-22,UST-2Y-YIELD,Yield,0.0424
2026-06-23,UST-2Y-YIELD,Yield,0.0416
2026-06-24,UST-2Y-YIELD,Yield,0.041100000000000005
2026-06-25,UST-2Y-YIELD,Yield,0.0409
2026-06-26,UST-2Y-YIELD,Yield,0.0407
2026-06-29,UST-2Y-YIELD,Yield,0.040999999999999995
2026-06-30,UST-2Y-YIELD,Yield,0.0414
2026-07-01,UST-2Y-YIELD,Yield,0.0417
2026-07-02,UST-2Y-YIELD,Yield,0.0414
2026-07-06,UST-2Y-YIELD,Yield,0.041299999999999996
2026-07-07,UST-2Y-YIELD,Yield,0.04190000000000001
2026-07-08,UST-2Y-YIELD,Yield,0.0421
2026-07-09,UST-2Y-YIELD,Yield,0.0416
2026-07-10,UST-2Y-YIELD,Yield,0.0421
2026-07-13,UST-2Y-YIELD,Yield,0.0426
2026-07-14,UST-2Y-YIELD,Yield,0.0418
2026-07-15,UST-2Y-YIELD,Yield,0.041299999999999996
2026-07-16,UST-2Y-YIELD,Yield,0.0416
2026-07-17,UST-2Y-YIELD,Yield,0.0418
2026-07-20,UST-2Y-YIELD,Yield,0.0421
2026-07-21,UST-2Y-YIELD,Yield,0.0426
2026-07-22,UST-2Y-YIELD,Yield,0.0431
2026-07-23,UST-2Y-YIELD,Yield,0.0437
2026-07-24,UST-2Y-YIELD,Yield,0.0433
2026-07-27,UST-2Y-YIELD,Yield,0.0431
2026-07-28,UST-2Y-YIELD,Yield,0.0426
2026-07-29,UST-2Y-YIELD,Yield,0.042199999999999994
2026-07-30,UST-2Y-YIELD,Yield,0.042300000000000004
2026-07-31,UST-2Y-YIELD,Yield,0.042800000000000005
2026-08-03,UST-2Y-YIELD,Yield,0.0425
2026-08-04,UST-2Y-YIELD,Yield,0.042
2026-08-05,UST-2Y-YIELD,Yield,0.0418
2026-08-06,UST-2Y-YIELD,Yield,0.0425
2026-08-07,UST-2Y-YIELD,Yield,0.04190000000000001
2026-08-10,UST-2Y-YIELD,Yield,0.0425
2026-08-11,UST-2Y-YIELD,Yield,0.042199999999999994
2026-08-12,UST-2Y-YIELD,Yield,0.042
2026-08-13,UST-2Y-YIELD,Yield,0.0415
2026-08-14,UST-2Y-YIELD,Yield,0.0417
2026-08-17,UST-2Y-YIELD,Yield,0.04190000000000001
2026-08-18,UST-2Y-YIELD,Yield,0.04190000000000001
2026-08-19,UST-2Y-YIELD,Yield,0.04190000000000001
2026-08-20,UST-2Y-YIELD,Yield,0.04190000000000001
2026-08-21,UST-2Y-YIELD,Yield,0.0424
2026-08-24,UST-2Y-YIELD,Yield,0.0424
2026-08-25,UST-2Y-YIELD,Yield,0.0417
2026-08-26,UST-2Y-YIELD,Yield,0.04190000000000001
2026-08-27,UST-2Y-YIELD,Yield,0.042
2026-08-28,UST-2Y-YIELD,Yield,0.0434
2026-08-31,UST-2Y-YIELD,Yield,0.0434
2026-09-01,UST-2Y-YIELD,Yield,0.043899999999999995
2026-09-02,UST-2Y-YIELD,Yield,0.043899999999999995
2026-09-03,UST-2Y-YIELD,Yield,0.0434
2024-09-04,UST-30Y-YIELD,Yield,0.0406
2024-09-05,UST-30Y-YIELD,Yield,0.04019999999999999
2024-09-06,UST-30Y-YIELD,Yield,0.0403
2024-09-09,UST-30Y-YIELD,Yield,0.04
2024-09-10,UST-30Y-YIELD,Yield,0.0397
2024-09-11,UST-30Y-YIELD,Yield,0.039599999999999996
2024-09-12,UST-30Y-YIELD,Yield,0.04
2024-09-13,UST-30Y-YIELD,Yield,0.0398
2024-09-16,UST-30Y-YIELD,Yield,0.0394
2024-09-17,UST-30Y-YIELD,Yield,0.039599999999999996
2024-09-18,UST-30Y-YIELD,Yield,0.0403
2024-09-19,UST-30Y-YIELD,Yield,0.0406
2024-09-20,UST-30Y-YIELD,Yield,0.0407
2024-09-23,UST-30Y-YIELD,Yield,0.0409
2024-09-24,UST-30Y-YIELD,Yield,0.0409
2024-09-25,UST-30Y-YIELD,Yield,0.0414
2024-09-26,UST-30Y-YIELD,Yield,0.0412
2024-09-27,UST-30Y-YIELD,Yield,0.040999999999999995
2024-09-30,UST-30Y-YIELD,Yield,0.0414
2024-10-01,UST-30Y-YIELD,Yield,0.0408
2024-10-02,UST-30Y-YIELD,Yield,0.0414
2024-10-03,UST-30Y-YIELD,Yield,0.0418
2024-10-04,UST-30Y-YIELD,Yield,0.0426
2024-10-07,UST-30Y-YIELD,Yield,0.043
2024-10-08,UST-30Y-YIELD,Yield,0.0432
2024-10-09,UST-30Y-YIELD,Yield,0.0434
2024-10-10,UST-30Y-YIELD,Yield,0.0438
2024-10-11,UST-30Y-YIELD,Yield,0.043899999999999995
2024-10-15,UST-30Y-YIELD,Yield,0.0432
2024-10-16,UST-30Y-YIELD,Yield,0.043
2024-10-17,UST-30Y-YIELD,Yield,0.043899999999999995
2024-10-18,UST-30Y-YIELD,Yield,0.0438
2024-10-21,UST-30Y-YIELD,Yield,0.0449
2024-10-22,UST-30Y-YIELD,Yield,0.0449
2024-10-23,UST-30Y-YIELD,Yield,0.0451
2024-10-24,UST-30Y-YIELD,Yield,0.0447
2024-10-25,UST-30Y-YIELD,Yield,0.0451
2024-10-28,UST-30Y-YIELD,Yield,0.0453
2024-10-29,UST-30Y-YIELD,Yield,0.0452
2024-10-30,UST-30Y-YIELD,Yield,0.0449
2024-10-31,UST-30Y-YIELD,Yield,0.0447
2024-11-01,UST-30Y-YIELD,Yield,0.045700000000000005
2024-11-04,UST-30Y-YIELD,Yield,0.045
2024-11-05,UST-30Y-YIELD,Yield,0.0444
2024-11-06,UST-30Y-YIELD,Yield,0.046
2024-11-07,UST-30Y-YIELD,Yield,0.0452
2024-11-08,UST-30Y-YIELD,Yield,0.0447
2024-11-12,UST-30Y-YIELD,Yield,0.0458
2024-11-13,UST-30Y-YIELD,Yield,0.0463
2024-11-14,UST-30Y-YIELD,Yield,0.0458
2024-11-15,UST-30Y-YIELD,Yield,0.046
2024-11-18,UST-30Y-YIELD,Yield,0.0461
2024-11-19,UST-30Y-YIELD,Yield,0.045700000000000005
2024-11-20,UST-30Y-YIELD,Yield,0.045899999999999996
2024-11-21,UST-30Y-YIELD,Yield,0.0461
2024-11-22,UST-30Y-YIELD,Yield,0.046
2024-11-25,UST-30Y-YIELD,Yield,0.044500000000000005
2024-11-26,UST-30Y-YIELD,Yield,0.044800000000000006
2024-11-27,UST-30Y-YIELD,Yield,0.0444
2024-11-29,UST-30Y-YIELD,Yield,0.0436
2024-12-02,UST-30Y-YIELD,Yield,0.0436
2024-12-03,UST-30Y-YIELD,Yield,0.044000000000000004
2024-12-04,UST-30Y-YIELD,Yield,0.0435
2024-12-05,UST-30Y-YIELD,Yield,0.0433
2024-12-06,UST-30Y-YIELD,Yield,0.0434
2024-12-09,UST-30Y-YIELD,Yield,0.043899999999999995
2024-12-10,UST-30Y-YIELD,Yield,0.0441
2024-12-11,UST-30Y-YIELD,Yield,0.044800000000000006
2024-12-12,UST-30Y-YIELD,Yield,0.0455
2024-12-13,UST-30Y-YIELD,Yield,0.0461
2024-12-16,UST-30Y-YIELD,Yield,0.046
2024-12-17,UST-30Y-YIELD,Yield,0.045899999999999996
2024-12-18,UST-30Y-YIELD,Yield,0.04650000000000001
2024-12-19,UST-30Y-YIELD,Yield,0.047400000000000005
2024-12-20,UST-30Y-YIELD,Yield,0.0472
2024-12-23,UST-30Y-YIELD,Yield,0.0478
2024-12-24,UST-30Y-YIELD,Yield,0.047599999999999996
2024-12-26,UST-30Y-YIELD,Yield,0.047599999999999996
2024-12-27,UST-30Y-YIELD,Yield,0.0482
2024-12-30,UST-30Y-YIELD,Yield,0.04769999999999999
2024-12-31,UST-30Y-YIELD,Yield,0.0478
2025-01-02,UST-30Y-YIELD,Yield,0.0479
2025-01-03,UST-30Y-YIELD,Yield,0.0482
2025-01-06,UST-30Y-YIELD,Yield,0.048499999999999995
2025-01-07,UST-30Y-YIELD,Yield,0.049100000000000005
2025-01-08,UST-30Y-YIELD,Yield,0.049100000000000005
2025-01-09,UST-30Y-YIELD,Yield,0.0492
2025-01-10,UST-30Y-YIELD,Yield,0.0496
2025-01-13,UST-30Y-YIELD,Yield,0.049699999999999994
2025-01-14,UST-30Y-YIELD,Yield,0.049800000000000004
2025-01-15,UST-30Y-YIELD,Yield,0.048799999999999996
2025-01-16,UST-30Y-YIELD,Yield,0.0484
2025-01-17,UST-30Y-YIELD,Yield,0.0484
2025-01-21,UST-30Y-YIELD,Yield,0.048
2025-01-22,UST-30Y-YIELD,Yield,0.0482
2025-01-23,UST-30Y-YIELD,Yield,0.0487
2025-01-24,UST-30Y-YIELD,Yield,0.048499999999999995
2025-01-27,UST-30Y-YIELD,Yield,0.047599999999999996
2025-01-28,UST-30Y-YIELD,Yield,0.0478
2025-01-29,UST-30Y-YIELD,Yield,0.0479
2025-01-30,UST-30Y-YIELD,Yield,0.047599999999999996
2025-01-31,UST-30Y-YIELD,Yield,0.0483
2025-02-03,UST-30Y-YIELD,Yield,0.04769999999999999
2025-02-04,UST-30Y-YIELD,Yield,0.0475
2025-02-05,UST-30Y-YIELD,Yield,0.0464
2025-02-06,UST-30Y-YIELD,Yield,0.04650000000000001
2025-02-07,UST-30Y-YIELD,Yield,0.046900000000000004
2025-02-10,UST-30Y-YIELD,Yield,0.0471
2025-02-11,UST-30Y-YIELD,Yield,0.0475
2025-02-12,UST-30Y-YIELD,Yield,0.0483
2025-02-13,UST-30Y-YIELD,Yield,0.0472
2025-02-14,UST-30Y-YIELD,Yield,0.046900000000000004
2025-02-18,UST-30Y-YIELD,Yield,0.04769999999999999
2025-02-19,UST-30Y-YIELD,Yield,0.047599999999999996
2025-02-20,UST-30Y-YIELD,Yield,0.047400000000000005
2025-02-21,UST-30Y-YIELD,Yield,0.0467
2025-02-24,UST-30Y-YIELD,Yield,0.0466
2025-02-25,UST-30Y-YIELD,Yield,0.0455
2025-02-26,UST-30Y-YIELD,Yield,0.0451
2025-02-27,UST-30Y-YIELD,Yield,0.045599999999999995
2025-02-28,UST-30Y-YIELD,Yield,0.0451
2025-03-03,UST-30Y-YIELD,Yield,0.044500000000000005
2025-03-04,UST-30Y-YIELD,Yield,0.0453
2025-03-05,UST-30Y-YIELD,Yield,0.045700000000000005
2025-03-06,UST-30Y-YIELD,Yield,0.0458
2025-03-07,UST-30Y-YIELD,Yield,0.0462
2025-03-10,UST-30Y-YIELD,Yield,0.0454
2025-03-11,UST-30Y-YIELD,Yield,0.045899999999999996
2025-03-12,UST-30Y-YIELD,Yield,0.0463
2025-03-13,UST-30Y-YIELD,Yield,0.045899999999999996
2025-03-14,UST-30Y-YIELD,Yield,0.0462
2025-03-17,UST-30Y-YIELD,Yield,0.046
2025-03-18,UST-30Y-YIELD,Yield,0.0458
2025-03-19,UST-30Y-YIELD,Yield,0.045599999999999995
2025-03-20,UST-30Y-YIELD,Yield,0.0455
2025-03-21,UST-30Y-YIELD,Yield,0.045899999999999996
2025-03-24,UST-30Y-YIELD,Yield,0.0466
2025-03-25,UST-30Y-YIELD,Yield,0.04650000000000001
2025-03-26,UST-30Y-YIELD,Yield,0.046900000000000004
2025-03-27,UST-30Y-YIELD,Yield,0.0473
2025-03-28,UST-30Y-YIELD,Yield,0.0464
2025-03-31,UST-30Y-YIELD,Yield,0.045899999999999996
2025-04-01,UST-30Y-YIELD,Yield,0.0452
2025-04-02,UST-30Y-YIELD,Yield,0.0454
2025-04-03,UST-30Y-YIELD,Yield,0.0449
2025-04-04,UST-30Y-YIELD,Yield,0.0441
2025-04-07,UST-30Y-YIELD,Yield,0.0458
2025-04-08,UST-30Y-YIELD,Yield,0.0471
2025-04-09,UST-30Y-YIELD,Yield,0.0472
2025-04-10,UST-30Y-YIELD,Yield,0.048600000000000004
2025-04-11,UST-30Y-YIELD,Yield,0.048499999999999995
2025-04-14,UST-30Y-YIELD,Yield,0.048
2025-04-15,UST-30Y-YIELD,Yield,0.0479
2025-04-16,UST-30Y-YIELD,Yield,0.047400000000000005
2025-04-17,UST-30Y-YIELD,Yield,0.048
2025-04-21,UST-30Y-YIELD,Yield,0.049100000000000005
2025-04-22,UST-30Y-YIELD,Yield,0.048799999999999996
2025-04-23,UST-30Y-YIELD,Yield,0.0483
2025-04-24,UST-30Y-YIELD,Yield,0.04769999999999999
2025-04-25,UST-30Y-YIELD,Yield,0.047400000000000005
2025-04-28,UST-30Y-YIELD,Yield,0.046900000000000004
2025-04-29,UST-30Y-YIELD,Yield,0.0464
2025-04-30,UST-30Y-YIELD,Yield,0.0466
2025-05-01,UST-30Y-YIELD,Yield,0.047400000000000005
2025-05-02,UST-30Y-YIELD,Yield,0.0479
2025-05-05,UST-30Y-YIELD,Yield,0.0483
2025-05-06,UST-30Y-YIELD,Yield,0.0481
2025-05-07,UST-30Y-YIELD,Yield,0.04769999999999999
2025-05-08,UST-30Y-YIELD,Yield,0.0483
2025-05-09,UST-30Y-YIELD,Yield,0.0483
2025-05-12,UST-30Y-YIELD,Yield,0.0489
2025-05-13,UST-30Y-YIELD,Yield,0.049400000000000006
2025-05-14,UST-30Y-YIELD,Yield,0.049699999999999994
2025-05-15,UST-30Y-YIELD,Yield,0.049100000000000005
2025-05-16,UST-30Y-YIELD,Yield,0.0489
2025-05-19,UST-30Y-YIELD,Yield,0.0492
2025-05-20,UST-30Y-YIELD,Yield,0.0496
2025-05-21,UST-30Y-YIELD,Yield,0.0508
2025-05-22,UST-30Y-YIELD,Yield,0.050499999999999996
2025-05-23,UST-30Y-YIELD,Yield,0.0504
2025-05-27,UST-30Y-YIELD,Yield,0.049400000000000006
2025-05-28,UST-30Y-YIELD,Yield,0.049699999999999994
2025-05-29,UST-30Y-YIELD,Yield,0.0492
2025-05-30,UST-30Y-YIELD,Yield,0.0492
2025-06-02,UST-30Y-YIELD,Yield,0.0499
2025-06-03,UST-30Y-YIELD,Yield,0.049800000000000004
2025-06-04,UST-30Y-YIELD,Yield,0.0489
2025-06-05,UST-30Y-YIELD,Yield,0.048799999999999996
2025-06-06,UST-30Y-YIELD,Yield,0.049699999999999994
2025-06-09,UST-30Y-YIELD,Yield,0.0495
2025-06-10,UST-30Y-YIELD,Yield,0.0493
2025-06-11,UST-30Y-YIELD,Yield,0.049100000000000005
2025-06-12,UST-30Y-YIELD,Yield,0.0484
2025-06-13,UST-30Y-YIELD,Yield,0.049
2025-06-16,UST-30Y-YIELD,Yield,0.0496
2025-06-17,UST-30Y-YIELD,Yield,0.048799999999999996
2025-06-18,UST-30Y-YIELD,Yield,0.048799999999999996
2025-06-20,UST-30Y-YIELD,Yield,0.0489
2025-06-23,UST-30Y-YIELD,Yield,0.0487
2025-06-24,UST-30Y-YIELD,Yield,0.0483
2025-06-25,UST-30Y-YIELD,Yield,0.0483
2025-06-26,UST-30Y-YIELD,Yield,0.0481
2025-06-27,UST-30Y-YIELD,Yield,0.048499999999999995
2025-06-30,UST-30Y-YIELD,Yield,0.0478
2025-07-01,UST-30Y-YIELD,Yield,0.0478
2025-07-02,UST-30Y-YIELD,Yield,0.0482
2025-07-03,UST-30Y-YIELD,Yield,0.048600000000000004
2025-07-07,UST-30Y-YIELD,Yield,0.0492
2025-07-08,UST-30Y-YIELD,Yield,0.049400000000000006
2025-07-09,UST-30Y-YIELD,Yield,0.0487
2025-07-10,UST-30Y-YIELD,Yield,0.048600000000000004
2025-07-11,UST-30Y-YIELD,Yield,0.0496
2025-07-14,UST-30Y-YIELD,Yield,0.049699999999999994
2025-07-15,UST-30Y-YIELD,Yield,0.0501
2025-07-16,UST-30Y-YIELD,Yield,0.0501
2025-07-17,UST-30Y-YIELD,Yield,0.0501
2025-07-18,UST-30Y-YIELD,Yield,0.05
2025-07-21,UST-30Y-YIELD,Yield,0.049400000000000006
2025-07-22,UST-30Y-YIELD,Yield,0.049
2025-07-23,UST-30Y-YIELD,Yield,0.0495
2025-07-24,UST-30Y-YIELD,Yield,0.0496
2025-07-25,UST-30Y-YIELD,Yield,0.0492
2025-07-28,UST-30Y-YIELD,Yield,0.0496
2025-07-29,UST-30Y-YIELD,Yield,0.048600000000000004
2025-07-30,UST-30Y-YIELD,Yield,0.0489
2025-07-31,UST-30Y-YIELD,Yield,0.0489
2025-08-01,UST-30Y-YIELD,Yield,0.0481
2025-08-04,UST-30Y-YIELD,Yield,0.048
2025-08-05,UST-30Y-YIELD,Yield,0.0478
2025-08-06,UST-30Y-YIELD,Yield,0.0481
2025-08-07,UST-30Y-YIELD,Yield,0.0481
2025-08-08,UST-30Y-YIELD,Yield,0.048499999999999995
2025-08-11,UST-30Y-YIELD,Yield,0.0484
2025-08-12,UST-30Y-YIELD,Yield,0.048799999999999996
2025-08-13,UST-30Y-YIELD,Yield,0.0483
2025-08-14,UST-30Y-YIELD,Yield,0.048799999999999996
2025-08-15,UST-30Y-YIELD,Yield,0.0492
2025-08-18,UST-30Y-YIELD,Yield,0.049400000000000006
2025-08-19,UST-30Y-YIELD,Yield,0.049
2025-08-20,UST-30Y-YIELD,Yield,0.0489
2025-08-21,UST-30Y-YIELD,Yield,0.0492
2025-08-22,UST-30Y-YIELD,Yield,0.048799999999999996
2025-08-25,UST-30Y-YIELD,Yield,0.0489
2025-08-26,UST-30Y-YIELD,Yield,0.049
2025-08-27,UST-30Y-YIELD,Yield,0.049100000000000005
2025-08-28,UST-30Y-YIELD,Yield,0.048799999999999996
2025-08-29,UST-30Y-YIELD,Yield,0.0492
2025-09-02,UST-30Y-YIELD,Yield,0.049699999999999994
2025-09-03,UST-30Y-YIELD,Yield,0.049
2025-09-04,UST-30Y-YIELD,Yield,0.048600000000000004
2025-09-05,UST-30Y-YIELD,Yield,0.0478
2025-09-08,UST-30Y-YIELD,Yield,0.046900000000000004
2025-09-09,UST-30Y-YIELD,Yield,0.0472
2025-09-10,UST-30Y-YIELD,Yield,0.046900000000000004
2025-09-11,UST-30Y-YIELD,Yield,0.04650000000000001
2025-09-12,UST-30Y-YIELD,Yield,0.046799999999999994
2025-09-15,UST-30Y-YIELD,Yield,0.0466
2025-09-16,UST-30Y-YIELD,Yield,0.04650000000000001
2025-09-17,UST-30Y-YIELD,Yield,0.0466
2025-09-18,UST-30Y-YIELD,Yield,0.0472
2025-09-19,UST-30Y-YIELD,Yield,0.0475
2025-09-22,UST-30Y-YIELD,Yield,0.04769999999999999
2025-09-23,UST-30Y-YIELD,Yield,0.0473
2025-09-24,UST-30Y-YIELD,Yield,0.047599999999999996
2025-09-25,UST-30Y-YIELD,Yield,0.0475
2025-09-26,UST-30Y-YIELD,Yield,0.04769999999999999
2025-09-29,UST-30Y-YIELD,Yield,0.0471
2025-09-30,UST-30Y-YIELD,Yield,0.0473
2025-10-01,UST-30Y-YIELD,Yield,0.0472
2025-10-02,UST-30Y-YIELD,Yield,0.046900000000000004
2025-10-03,UST-30Y-YIELD,Yield,0.0471
2025-10-06,UST-30Y-YIELD,Yield,0.047599999999999996
2025-10-07,UST-30Y-YIELD,Yield,0.0473
2025-10-08,UST-30Y-YIELD,Yield,0.0472
2025-10-09,UST-30Y-YIELD,Yield,0.0472
2025-10-10,UST-30Y-YIELD,Yield,0.0463
2025-10-14,UST-30Y-YIELD,Yield,0.0462
2025-10-15,UST-30Y-YIELD,Yield,0.0464
2025-10-16,UST-30Y-YIELD,Yield,0.0458
2025-10-17,UST-30Y-YIELD,Yield,0.046
2025-10-20,UST-30Y-YIELD,Yield,0.0458
2025-10-21,UST-30Y-YIELD,Yield,0.0455
2025-10-22,UST-30Y-YIELD,Yield,0.0454
2025-10-23,UST-30Y-YIELD,Yield,0.0458
2025-10-24,UST-30Y-YIELD,Yield,0.045899999999999996
2025-10-27,UST-30Y-YIELD,Yield,0.045700000000000005
2025-10-28,UST-30Y-YIELD,Yield,0.0455
2025-10-29,UST-30Y-YIELD,Yield,0.0461
2025-10-30,UST-30Y-YIELD,Yield,0.04650000000000001
2025-10-31,UST-30Y-YIELD,Yield,0.0467
2025-11-03,UST-30Y-YIELD,Yield,0.046900000000000004
2025-11-04,UST-30Y-YIELD,Yield,0.0467
2025-11-05,UST-30Y-YIELD,Yield,0.047400000000000005
2025-11-06,UST-30Y-YIELD,Yield,0.046900000000000004
2025-11-07,UST-30Y-YIELD,Yield,0.047
2025-11-10,UST-30Y-YIELD,Yield,0.0471
2025-11-12,UST-30Y-YIELD,Yield,0.0467
2025-11-13,UST-30Y-YIELD,Yield,0.047
2025-11-14,UST-30Y-YIELD,Yield,0.047400000000000005
2025-11-17,UST-30Y-YIELD,Yield,0.0473
2025-11-18,UST-30Y-YIELD,Yield,0.047400000000000005
2025-11-19,UST-30Y-YIELD,Yield,0.0475
2025-11-20,UST-30Y-YIELD,Yield,0.0473
2025-11-21,UST-30Y-YIELD,Yield,0.0471
2025-11-24,UST-30Y-YIELD,Yield,0.046799999999999994
2025-11-25,UST-30Y-YIELD,Yield,0.0467
2025-11-26,UST-30Y-YIELD,Yield,0.0464
2025-11-28,UST-30Y-YIELD,Yield,0.0467
2025-12-01,UST-30Y-YIELD,Yield,0.047400000000000005
2025-12-02,UST-30Y-YIELD,Yield,0.047400000000000005
2025-12-03,UST-30Y-YIELD,Yield,0.0473
2025-12-04,UST-30Y-YIELD,Yield,0.047599999999999996
2025-12-05,UST-30Y-YIELD,Yield,0.0479
2025-12-08,UST-30Y-YIELD,Yield,0.0481
2025-12-09,UST-30Y-YIELD,Yield,0.048
2025-12-10,UST-30Y-YIELD,Yield,0.0478
2025-12-11,UST-30Y-YIELD,Yield,0.0479
2025-12-12,UST-30Y-YIELD,Yield,0.048499999999999995
2025-12-15,UST-30Y-YIELD,Yield,0.0484
2025-12-16,UST-30Y-YIELD,Yield,0.0482
2025-12-17,UST-30Y-YIELD,Yield,0.0483
2025-12-18,UST-30Y-YIELD,Yield,0.048
2025-12-19,UST-30Y-YIELD,Yield,0.0482
2025-12-22,UST-30Y-YIELD,Yield,0.0484
2025-12-23,UST-30Y-YIELD,Yield,0.0483
2025-12-24,UST-30Y-YIELD,Yield,0.0479
2025-12-26,UST-30Y-YIELD,Yield,0.0481
2025-12-29,UST-30Y-YIELD,Yield,0.048
2025-12-30,UST-30Y-YIELD,Yield,0.0481
2025-12-31,UST-30Y-YIELD,Yield,0.0484
2026-01-02,UST-30Y-YIELD,Yield,0.048600000000000004
2026-01-05,UST-30Y-YIELD,Yield,0.048499999999999995
2026-01-06,UST-30Y-YIELD,Yield,0.048600000000000004
2026-01-07,UST-30Y-YIELD,Yield,0.0482
2026-01-08,UST-30Y-YIELD,Yield,0.048499999999999995
2026-01-09,UST-30Y-YIELD,Yield,0.0482
2026-01-12,UST-30Y-YIELD,Yield,0.0483
2026-01-13,UST-30Y-YIELD,Yield,0.0483
2026-01-14,UST-30Y-YIELD,Yield,0.0479
2026-01-15,UST-30Y-YIELD,Yield,0.0479
2026-01-16,UST-30Y-YIELD,Yield,0.0483
2026-01-20,UST-30Y-YIELD,Yield,0.049100000000000005
2026-01-21,UST-30Y-YIELD,Yield,0.0487
2026-01-22,UST-30Y-YIELD,Yield,0.0484
2026-01-23,UST-30Y-YIELD,Yield,0.0482
2026-01-26,UST-30Y-YIELD,Yield,0.048
2026-01-27,UST-30Y-YIELD,Yield,0.0483
2026-01-28,UST-30Y-YIELD,Yield,0.048499999999999995
2026-01-29,UST-30Y-YIELD,Yield,0.048499999999999995
2026-01-30,UST-30Y-YIELD,Yield,0.0487
2026-02-02,UST-30Y-YIELD,Yield,0.049
2026-02-03,UST-30Y-YIELD,Yield,0.049
2026-02-04,UST-30Y-YIELD,Yield,0.049100000000000005
2026-02-05,UST-30Y-YIELD,Yield,0.048499999999999995
2026-02-06,UST-30Y-YIELD,Yield,0.048499999999999995
2026-02-09,UST-30Y-YIELD,Yield,0.048499999999999995
2026-02-10,UST-30Y-YIELD,Yield,0.0478
2026-02-11,UST-30Y-YIELD,Yield,0.0482
2026-02-12,UST-30Y-YIELD,Yield,0.0472
2026-02-13,UST-30Y-YIELD,Yield,0.046900000000000004
2026-02-17,UST-30Y-YIELD,Yield,0.046799999999999994
2026-02-18,UST-30Y-YIELD,Yield,0.0471
2026-02-19,UST-30Y-YIELD,Yield,0.047
2026-02-20,UST-30Y-YIELD,Yield,0.0472
2026-02-23,UST-30Y-YIELD,Yield,0.047
2026-02-24,UST-30Y-YIELD,Yield,0.047
2026-02-25,UST-30Y-YIELD,Yield,0.047
2026-02-26,UST-30Y-YIELD,Yield,0.0467
2026-02-27,UST-30Y-YIELD,Yield,0.0464
2026-03-02,UST-30Y-YIELD,Yield,0.047
2026-03-03,UST-30Y-YIELD,Yield,0.047
2026-03-04,UST-30Y-YIELD,Yield,0.0472
2026-03-05,UST-30Y-YIELD,Yield,0.047400000000000005
2026-03-06,UST-30Y-YIELD,Yield,0.04769999999999999
2026-03-09,UST-30Y-YIELD,Yield,0.0472
2026-03-10,UST-30Y-YIELD,Yield,0.0478
2026-03-11,UST-30Y-YIELD,Yield,0.048600000000000004
2026-03-12,UST-30Y-YIELD,Yield,0.048799999999999996
2026-03-13,UST-30Y-YIELD,Yield,0.049
2026-03-16,UST-30Y-YIELD,Yield,0.048600000000000004
2026-03-17,UST-30Y-YIELD,Yield,0.048499999999999995
2026-03-18,UST-30Y-YIELD,Yield,0.048799999999999996
2026-03-19,UST-30Y-YIELD,Yield,0.0483
2026-03-20,UST-30Y-YIELD,Yield,0.0496
2026-03-23,UST-30Y-YIELD,Yield,0.049100000000000005
2026-03-24,UST-30Y-YIELD,Yield,0.049400000000000006
2026-03-25,UST-30Y-YIELD,Yield,0.0489
2026-03-26,UST-30Y-YIELD,Yield,0.0493
2026-03-27,UST-30Y-YIELD,Yield,0.049800000000000004
2026-03-30,UST-30Y-YIELD,Yield,0.049100000000000005
2026-03-31,UST-30Y-YIELD,Yield,0.048799999999999996
2026-04-01,UST-30Y-YIELD,Yield,0.049100000000000005
2026-04-02,UST-30Y-YIELD,Yield,0.048799999999999996
2026-04-03,UST-30Y-YIELD,Yield,0.049100000000000005
2026-04-06,UST-30Y-YIELD,Yield,0.0489
2026-04-07,UST-30Y-YIELD,Yield,0.049
2026-04-08,UST-30Y-YIELD,Yield,0.0489
2026-04-09,UST-30Y-YIELD,Yield,0.049
2026-04-10,UST-30Y-YIELD,Yield,0.049100000000000005
2026-04-13,UST-30Y-YIELD,Yield,0.049
2026-04-14,UST-30Y-YIELD,Yield,0.0487
2026-04-15,UST-30Y-YIELD,Yield,0.0489
2026-04-16,UST-30Y-YIELD,Yield,0.0493
2026-04-17,UST-30Y-YIELD,Yield,0.048799999999999996
2026-04-20,UST-30Y-YIELD,Yield,0.048799999999999996
2026-04-21,UST-30Y-YIELD,Yield,0.0489
2026-04-22,UST-30Y-YIELD,Yield,0.049
2026-04-23,UST-30Y-YIELD,Yield,0.0492
2026-04-24,UST-30Y-YIELD,Yield,0.049100000000000005
2026-04-27,UST-30Y-YIELD,Yield,0.049400000000000006
2026-04-28,UST-30Y-YIELD,Yield,0.049400000000000006
2026-04-29,UST-30Y-YIELD,Yield,0.049800000000000004
2026-04-30,UST-30Y-YIELD,Yield,0.049800000000000004
2026-05-01,UST-30Y-YIELD,Yield,0.049699999999999994
2026-05-04,UST-30Y-YIELD,Yield,0.050199999999999995
2026-05-05,UST-30Y-YIELD,Yield,0.049800000000000004
2026-05-06,UST-30Y-YIELD,Yield,0.049400000000000006
2026-05-07,UST-30Y-YIELD,Yield,0.049699999999999994
2026-05-08,UST-30Y-YIELD,Yield,0.0495
2026-05-11,UST-30Y-YIELD,Yield,0.049800000000000004
2026-05-12,UST-30Y-YIELD,Yield,0.050300000000000004
2026-05-13,UST-30Y-YIELD,Yield,0.050300000000000004
2026-05-14,UST-30Y-YIELD,Yield,0.050199999999999995
2026-05-15,UST-30Y-YIELD,Yield,0.0512
2026-05-18,UST-30Y-YIELD,Yield,0.051399999999999994
2026-05-19,UST-30Y-YIELD,Yield,0.0518
2026-05-20,UST-30Y-YIELD,Yield,0.051100000000000007
2026-05-21,UST-30Y-YIELD,Yield,0.051
2026-05-22,UST-30Y-YIELD,Yield,0.0507
2026-05-26,UST-30Y-YIELD,Yield,0.050300000000000004
2026-05-27,UST-30Y-YIELD,Yield,0.0501
2026-05-28,UST-30Y-YIELD,Yield,0.049800000000000004
2026-05-29,UST-30Y-YIELD,Yield,0.0499
2026-06-01,UST-30Y-YIELD,Yield,0.0499
2026-06-02,UST-30Y-YIELD,Yield,0.049699999999999994
2026-06-03,UST-30Y-YIELD,Yield,0.0499
2026-06-04,UST-30Y-YIELD,Yield,0.049699999999999994
2026-06-05,UST-30Y-YIELD,Yield,0.0501
2026-06-08,UST-30Y-YIELD,Yield,0.050300000000000004
2026-06-09,UST-30Y-YIELD,Yield,0.0501
2026-06-10,UST-30Y-YIELD,Yield,0.050300000000000004
2026-06-11,UST-30Y-YIELD,Yield,0.0495
2026-06-12,UST-30Y-YIELD,Yield,0.049699999999999994
2026-06-15,UST-30Y-YIELD,Yield,0.049699999999999994
2026-06-16,UST-30Y-YIELD,Yield,0.0493
2026-06-17,UST-30Y-YIELD,Yield,0.0493
2026-06-18,UST-30Y-YIELD,Yield,0.049
2026-06-22,UST-30Y-YIELD,Yield,0.0495
2026-06-23,UST-30Y-YIELD,Yield,0.049400000000000006
2026-06-24,UST-30Y-YIELD,Yield,0.048600000000000004
2026-06-25,UST-30Y-YIELD,Yield,0.048600000000000004
2026-06-26,UST-30Y-YIELD,Yield,0.0487
2026-06-29,UST-30Y-YIELD,Yield,0.048600000000000004
2026-06-30,UST-30Y-YIELD,Yield,0.049100000000000005
2026-07-01,UST-30Y-YIELD,Yield,0.049699999999999994
2026-07-02,UST-30Y-YIELD,Yield,0.049800000000000004
2026-07-06,UST-30Y-YIELD,Yield,0.0499
2026-07-07,UST-30Y-YIELD,Yield,0.050499999999999996
2026-07-08,UST-30Y-YIELD,Yield,0.0506
2026-07-09,UST-30Y-YIELD,Yield,0.050499999999999996
2026-07-10,UST-30Y-YIELD,Yield,0.0506
2026-07-13,UST-30Y-YIELD,Yield,0.051
2026-07-14,UST-30Y-YIELD,Yield,0.0508
2026-07-15,UST-30Y-YIELD,Yield,0.0508
2026-07-16,UST-30Y-YIELD,Yield,0.0509
2026-07-17,UST-30Y-YIELD,Yield,0.0506
2026-07-20,UST-30Y-YIELD,Yield,0.051100000000000007
2026-07-21,UST-30Y-YIELD,Yield,0.0513
2026-07-22,UST-30Y-YIELD,Yield,0.051500000000000004
2026-07-23,UST-30Y-YIELD,Yield,0.051699999999999996
2026-07-24,UST-30Y-YIELD,Yield,0.0516
2026-07-27,UST-30Y-YIELD,Yield,0.0512
2026-07-28,UST-30Y-YIELD,Yield,0.0509
2026-07-29,UST-30Y-YIELD,Yield,0.052000000000000005
2026-07-30,UST-30Y-YIELD,Yield,0.0521
2026-07-31,UST-30Y-YIELD,Yield,0.0527
2026-08-03,UST-30Y-YIELD,Yield,0.052300000000000006
2026-08-04,UST-30Y-YIELD,Yield,0.0518
2026-08-05,UST-30Y-YIELD,Yield,0.051699999999999996
2026-08-06,UST-30Y-YIELD,Yield,0.052199999999999996
2026-08-07,UST-30Y-YIELD,Yield,0.0519
2026-08-10,UST-30Y-YIELD,Yield,0.0525
2026-08-11,UST-30Y-YIELD,Yield,0.0524
2026-08-12,UST-30Y-YIELD,Yield,0.0524
2026-08-13,UST-30Y-YIELD,Yield,0.0521
2026-08-14,UST-30Y-YIELD,Yield,0.0525
2026-08-17,UST-30Y-YIELD,Yield,0.053099999999999994
2026-08-18,UST-30Y-YIELD,Yield,0.0528
2026-08-19,UST-30Y-YIELD,Yield,0.0519
2026-08-20,UST-30Y-YIELD,Yield,0.052300000000000006
2026-08-21,UST-30Y-YIELD,Yield,0.0527
2026-08-24,UST-30Y-YIELD,Yield,0.052300000000000006
2026-08-25,UST-30Y-YIELD,Yield,0.051699999999999996
2026-08-26,UST-30Y-YIELD,Yield,0.0518
2026-08-27,UST-30Y-YIELD,Yield,0.0519
2026-08-28,UST-30Y-YIELD,Yield,0.052199999999999996
2026-08-31,UST-30Y-YIELD,Yield,0.0525
2026-09-01,UST-30Y-YIELD,Yield,0.0527
2026-09-02,UST-30Y-YIELD,Yield,0.0527
2026-09-03,UST-30Y-YIELD,Yield,0.0525
2024-09-04,UST-5Y-YIELD,Yield,0.0356
2024-09-05,UST-5Y-YIELD,Yield,0.0354
2024-09-06,UST-5Y-YIELD,Yield,0.035
2024-09-09,UST-5Y-YIELD,Yield,0.0349
2024-09-10,UST-5Y-YIELD,Yield,0.034300000000000004
2024-09-11,UST-5Y-YIELD,Yield,0.0345
2024-09-12,UST-5Y-YIELD,Yield,0.0347
2024-09-13,UST-5Y-YIELD,Yield,0.034300000000000004
2024-09-16,UST-5Y-YIELD,Yield,0.0341
2024-09-17,UST-5Y-YIELD,Yield,0.0344
2024-09-18,UST-5Y-YIELD,Yield,0.0347
2024-09-19,UST-5Y-YIELD,Yield,0.0349
2024-09-20,UST-5Y-YIELD,Yield,0.0348
2024-09-23,UST-5Y-YIELD,Yield,0.0351
2024-09-24,UST-5Y-YIELD,Yield,0.0347
2024-09-25,UST-5Y-YIELD,Yield,0.0352
2024-09-26,UST-5Y-YIELD,Yield,0.0355
2024-09-27,UST-5Y-YIELD,Yield,0.035
2024-09-30,UST-5Y-YIELD,Yield,0.0358
2024-10-01,UST-5Y-YIELD,Yield,0.0351
2024-10-02,UST-5Y-YIELD,Yield,0.0355
2024-10-03,UST-5Y-YIELD,Yield,0.0362
2024-10-04,UST-5Y-YIELD,Yield,0.0381
2024-10-07,UST-5Y-YIELD,Yield,0.038599999999999995
2024-10-08,UST-5Y-YIELD,Yield,0.038599999999999995
2024-10-09,UST-5Y-YIELD,Yield,0.0391
2024-10-10,UST-5Y-YIELD,Yield,0.0391
2024-10-11,UST-5Y-YIELD,Yield,0.0388
2024-10-15,UST-5Y-YIELD,Yield,0.038599999999999995
2024-10-16,UST-5Y-YIELD,Yield,0.0384
2024-10-17,UST-5Y-YIELD,Yield,0.039
2024-10-18,UST-5Y-YIELD,Yield,0.0388
2024-10-21,UST-5Y-YIELD,Yield,0.0398
2024-10-22,UST-5Y-YIELD,Yield,0.04
2024-10-23,UST-5Y-YIELD,Yield,0.0405
2024-10-24,UST-5Y-YIELD,Yield,0.0403
2024-10-25,UST-5Y-YIELD,Yield,0.0407
2024-10-28,UST-5Y-YIELD,Yield,0.041100000000000005
2024-10-29,UST-5Y-YIELD,Yield,0.041100000000000005
2024-10-30,UST-5Y-YIELD,Yield,0.0414
2024-10-31,UST-5Y-YIELD,Yield,0.0415
2024-11-01,UST-5Y-YIELD,Yield,0.042199999999999994
2024-11-04,UST-5Y-YIELD,Yield,0.0417
2024-11-05,UST-5Y-YIELD,Yield,0.0416
2024-11-06,UST-5Y-YIELD,Yield,0.042699999999999995
2024-11-07,UST-5Y-YIELD,Yield,0.0417
2024-11-08,UST-5Y-YIELD,Yield,0.042
2024-11-12,UST-5Y-YIELD,Yield,0.0432
2024-11-13,UST-5Y-YIELD,Yield,0.043
2024-11-14,UST-5Y-YIELD,Yield,0.0432
2024-11-15,UST-5Y-YIELD,Yield,0.043
2024-11-18,UST-5Y-YIELD,Yield,0.042800000000000005
2024-11-19,UST-5Y-YIELD,Yield,0.0425
2024-11-20,UST-5Y-YIELD,Yield,0.042800000000000005
2024-11-21,UST-5Y-YIELD,Yield,0.043
2024-11-22,UST-5Y-YIELD,Yield,0.043
2024-11-25,UST-5Y-YIELD,Yield,0.0417
2024-11-26,UST-5Y-YIELD,Yield,0.0417
2024-11-27,UST-5Y-YIELD,Yield,0.041100000000000005
2024-11-29,UST-5Y-YIELD,Yield,0.0405
2024-12-02,UST-5Y-YIELD,Yield,0.0408
2024-12-03,UST-5Y-YIELD,Yield,0.041100000000000005
2024-12-04,UST-5Y-YIELD,Yield,0.0407
2024-12-05,UST-5Y-YIELD,Yield,0.0407
2024-12-06,UST-5Y-YIELD,Yield,0.0403
2024-12-09,UST-5Y-YIELD,Yield,0.0407
2024-12-10,UST-5Y-YIELD,Yield,0.0409
2024-12-11,UST-5Y-YIELD,Yield,0.041299999999999996
2024-12-12,UST-5Y-YIELD,Yield,0.0418
2024-12-13,UST-5Y-YIELD,Yield,0.0425
2024-12-16,UST-5Y-YIELD,Yield,0.0425
2024-12-17,UST-5Y-YIELD,Yield,0.0426
2024-12-18,UST-5Y-YIELD,Yield,0.044000000000000004
2024-12-19,UST-5Y-YIELD,Yield,0.0443
2024-12-20,UST-5Y-YIELD,Yield,0.0437
2024-12-23,UST-5Y-YIELD,Yield,0.0444
2024-12-24,UST-5Y-YIELD,Yield,0.0443
2024-12-26,UST-5Y-YIELD,Yield,0.044199999999999996
2024-12-27,UST-5Y-YIELD,Yield,0.044500000000000005
2024-12-30,UST-5Y-YIELD,Yield,0.0437
2024-12-31,UST-5Y-YIELD,Yield,0.0438
2025-01-02,UST-5Y-YIELD,Yield,0.0438
2025-01-03,UST-5Y-YIELD,Yield,0.0441
2025-01-06,UST-5Y-YIELD,Yield,0.044199999999999996
2025-01-07,UST-5Y-YIELD,Yield,0.0446
2025-01-08,UST-5Y-YIELD,Yield,0.044500000000000005
2025-01-09,UST-5Y-YIELD,Yield,0.0446
2025-01-10,UST-5Y-YIELD,Yield,0.045899999999999996
2025-01-13,UST-5Y-YIELD,Yield,0.0461
2025-01-14,UST-5Y-YIELD,Yield,0.045899999999999996
2025-01-15,UST-5Y-YIELD,Yield,0.044500000000000005
2025-01-16,UST-5Y-YIELD,Yield,0.043899999999999995
2025-01-17,UST-5Y-YIELD,Yield,0.044199999999999996
2025-01-21,UST-5Y-YIELD,Yield,0.044000000000000004
2025-01-22,UST-5Y-YIELD,Yield,0.0443
2025-01-23,UST-5Y-YIELD,Yield,0.044500000000000005
2025-01-24,UST-5Y-YIELD,Yield,0.0443
2025-01-27,UST-5Y-YIELD,Yield,0.0432
2025-01-28,UST-5Y-YIELD,Yield,0.0433
2025-01-29,UST-5Y-YIELD,Yield,0.0435
2025-01-30,UST-5Y-YIELD,Yield,0.0431
2025-01-31,UST-5Y-YIELD,Yield,0.0436
2025-02-03,UST-5Y-YIELD,Yield,0.0435
2025-02-04,UST-5Y-YIELD,Yield,0.0431
2025-02-05,UST-5Y-YIELD,Yield,0.0424
2025-02-06,UST-5Y-YIELD,Yield,0.042800000000000005
2025-02-07,UST-5Y-YIELD,Yield,0.0434
2025-02-10,UST-5Y-YIELD,Yield,0.0434
2025-02-11,UST-5Y-YIELD,Yield,0.0437
2025-02-12,UST-5Y-YIELD,Yield,0.044800000000000006
2025-02-13,UST-5Y-YIELD,Yield,0.043899999999999995
2025-02-14,UST-5Y-YIELD,Yield,0.0433
2025-02-18,UST-5Y-YIELD,Yield,0.044000000000000004
2025-02-19,UST-5Y-YIELD,Yield,0.0437
2025-02-20,UST-5Y-YIELD,Yield,0.0434
2025-02-21,UST-5Y-YIELD,Yield,0.0426
2025-02-24,UST-5Y-YIELD,Yield,0.042300000000000004
2025-02-25,UST-5Y-YIELD,Yield,0.0412
2025-02-26,UST-5Y-YIELD,Yield,0.0406
2025-02-27,UST-5Y-YIELD,Yield,0.0409
2025-02-28,UST-5Y-YIELD,Yield,0.0403
2025-03-03,UST-5Y-YIELD,Yield,0.0397
2025-03-04,UST-5Y-YIELD,Yield,0.0401
2025-03-05,UST-5Y-YIELD,Yield,0.0408
2025-03-06,UST-5Y-YIELD,Yield,0.0406
2025-03-07,UST-5Y-YIELD,Yield,0.0409
2025-03-10,UST-5Y-YIELD,Yield,0.0398
2025-03-11,UST-5Y-YIELD,Yield,0.0403
2025-03-12,UST-5Y-YIELD,Yield,0.0409
2025-03-13,UST-5Y-YIELD,Yield,0.04019999999999999
2025-03-14,UST-5Y-YIELD,Yield,0.0409
2025-03-17,UST-5Y-YIELD,Yield,0.041100000000000005
2025-03-18,UST-5Y-YIELD,Yield,0.0407
2025-03-19,UST-5Y-YIELD,Yield,0.0403
2025-03-20,UST-5Y-YIELD,Yield,0.0401
2025-03-21,UST-5Y-YIELD,Yield,0.04
2025-03-24,UST-5Y-YIELD,Yield,0.0409
2025-03-25,UST-5Y-YIELD,Yield,0.0407
2025-03-26,UST-5Y-YIELD,Yield,0.0408
2025-03-27,UST-5Y-YIELD,Yield,0.0409
2025-03-28,UST-5Y-YIELD,Yield,0.0398
2025-03-31,UST-5Y-YIELD,Yield,0.039599999999999996
2025-04-01,UST-5Y-YIELD,Yield,0.0391
2025-04-02,UST-5Y-YIELD,Yield,0.0395
2025-04-03,UST-5Y-YIELD,Yield,0.0375
2025-04-04,UST-5Y-YIELD,Yield,0.037200000000000004
2025-04-07,UST-5Y-YIELD,Yield,0.0382
2025-04-08,UST-5Y-YIELD,Yield,0.0388
2025-04-09,UST-5Y-YIELD,Yield,0.0406
2025-04-10,UST-5Y-YIELD,Yield,0.0404
2025-04-11,UST-5Y-YIELD,Yield,0.0415
2025-04-14,UST-5Y-YIELD,Yield,0.04019999999999999
2025-04-15,UST-5Y-YIELD,Yield,0.0398
2025-04-16,UST-5Y-YIELD,Yield,0.0391
2025-04-17,UST-5Y-YIELD,Yield,0.0395
2025-04-21,UST-5Y-YIELD,Yield,0.0397
2025-04-22,UST-5Y-YIELD,Yield,0.0398
2025-04-23,UST-5Y-YIELD,Yield,0.04
2025-04-24,UST-5Y-YIELD,Yield,0.0391
2025-04-25,UST-5Y-YIELD,Yield,0.0388
2025-04-28,UST-5Y-YIELD,Yield,0.0381
2025-04-29,UST-5Y-YIELD,Yield,0.0377
2025-04-30,UST-5Y-YIELD,Yield,0.037200000000000004
2025-05-01,UST-5Y-YIELD,Yield,0.0381
2025-05-02,UST-5Y-YIELD,Yield,0.0392
2025-05-05,UST-5Y-YIELD,Yield,0.0395
2025-05-06,UST-5Y-YIELD,Yield,0.039
2025-05-07,UST-5Y-YIELD,Yield,0.0387
2025-05-08,UST-5Y-YIELD,Yield,0.04
2025-05-09,UST-5Y-YIELD,Yield,0.04
2025-05-12,UST-5Y-YIELD,Yield,0.0409
2025-05-13,UST-5Y-YIELD,Yield,0.0412
2025-05-14,UST-5Y-YIELD,Yield,0.0417
2025-05-15,UST-5Y-YIELD,Yield,0.0407
2025-05-16,UST-5Y-YIELD,Yield,0.0406
2025-05-19,UST-5Y-YIELD,Yield,0.0407
2025-05-20,UST-5Y-YIELD,Yield,0.0407
2025-05-21,UST-5Y-YIELD,Yield,0.0415
2025-05-22,UST-5Y-YIELD,Yield,0.041100000000000005
2025-05-23,UST-5Y-YIELD,Yield,0.0408
2025-05-27,UST-5Y-YIELD,Yield,0.0404
2025-05-28,UST-5Y-YIELD,Yield,0.0405
2025-05-29,UST-5Y-YIELD,Yield,0.04
2025-05-30,UST-5Y-YIELD,Yield,0.039599999999999996
2025-06-02,UST-5Y-YIELD,Yield,0.0401
2025-06-03,UST-5Y-YIELD,Yield,0.0404
2025-06-04,UST-5Y-YIELD,Yield,0.0393
2025-06-05,UST-5Y-YIELD,Yield,0.039900000000000005
2025-06-06,UST-5Y-YIELD,Yield,0.041299999999999996
2025-06-09,UST-5Y-YIELD,Yield,0.0409
2025-06-10,UST-5Y-YIELD,Yield,0.0408
2025-06-11,UST-5Y-YIELD,Yield,0.04019999999999999
2025-06-12,UST-5Y-YIELD,Yield,0.0397
2025-06-13,UST-5Y-YIELD,Yield,0.04019999999999999
2025-06-16,UST-5Y-YIELD,Yield,0.0404
2025-06-17,UST-5Y-YIELD,Yield,0.039900000000000005
2025-06-18,UST-5Y-YIELD,Yield,0.0398
2025-06-20,UST-5Y-YIELD,Yield,0.039599999999999996
2025-06-23,UST-5Y-YIELD,Yield,0.0391
2025-06-24,UST-5Y-YIELD,Yield,0.038599999999999995
2025-06-25,UST-5Y-YIELD,Yield,0.0383
2025-06-26,UST-5Y-YIELD,Yield,0.0379
2025-06-27,UST-5Y-YIELD,Yield,0.0383
2025-06-30,UST-5Y-YIELD,Yield,0.0379
2025-07-01,UST-5Y-YIELD,Yield,0.0384
2025-07-02,UST-5Y-YIELD,Yield,0.0387
2025-07-03,UST-5Y-YIELD,Yield,0.0394
2025-07-07,UST-5Y-YIELD,Yield,0.039599999999999996
2025-07-08,UST-5Y-YIELD,Yield,0.039900000000000005
2025-07-09,UST-5Y-YIELD,Yield,0.0392
2025-07-10,UST-5Y-YIELD,Yield,0.0393
2025-07-11,UST-5Y-YIELD,Yield,0.039900000000000005
2025-07-14,UST-5Y-YIELD,Yield,0.0398
2025-07-15,UST-5Y-YIELD,Yield,0.0405
2025-07-16,UST-5Y-YIELD,Yield,0.039900000000000005
2025-07-17,UST-5Y-YIELD,Yield,0.0401
2025-07-18,UST-5Y-YIELD,Yield,0.039599999999999996
2025-07-21,UST-5Y-YIELD,Yield,0.0391
2025-07-22,UST-5Y-YIELD,Yield,0.0388
2025-07-23,UST-5Y-YIELD,Yield,0.0394
2025-07-24,UST-5Y-YIELD,Yield,0.0398
2025-07-25,UST-5Y-YIELD,Yield,0.0395
2025-07-28,UST-5Y-YIELD,Yield,0.039599999999999996
2025-07-29,UST-5Y-YIELD,Yield,0.039
2025-07-30,UST-5Y-YIELD,Yield,0.039599999999999996
2025-07-31,UST-5Y-YIELD,Yield,0.039599999999999996
2025-08-01,UST-5Y-YIELD,Yield,0.0377
2025-08-04,UST-5Y-YIELD,Yield,0.0375
2025-08-05,UST-5Y-YIELD,Yield,0.0377
2025-08-06,UST-5Y-YIELD,Yield,0.0377
2025-08-07,UST-5Y-YIELD,Yield,0.0379
2025-08-08,UST-5Y-YIELD,Yield,0.0384
2025-08-11,UST-5Y-YIELD,Yield,0.0383
2025-08-12,UST-5Y-YIELD,Yield,0.0383
2025-08-13,UST-5Y-YIELD,Yield,0.0377
2025-08-14,UST-5Y-YIELD,Yield,0.0382
2025-08-15,UST-5Y-YIELD,Yield,0.0385
2025-08-18,UST-5Y-YIELD,Yield,0.038599999999999995
2025-08-19,UST-5Y-YIELD,Yield,0.0382
2025-08-20,UST-5Y-YIELD,Yield,0.0381
2025-08-21,UST-5Y-YIELD,Yield,0.038599999999999995
2025-08-22,UST-5Y-YIELD,Yield,0.037599999999999995
2025-08-25,UST-5Y-YIELD,Yield,0.038
2025-08-26,UST-5Y-YIELD,Yield,0.0375
2025-08-27,UST-5Y-YIELD,Yield,0.0369
2025-08-28,UST-5Y-YIELD,Yield,0.0369
2025-08-29,UST-5Y-YIELD,Yield,0.0368
2025-09-02,UST-5Y-YIELD,Yield,0.0374
2025-09-03,UST-5Y-YIELD,Yield,0.0369
2025-09-04,UST-5Y-YIELD,Yield,0.0365
2025-09-05,UST-5Y-YIELD,Yield,0.0359
2025-09-08,UST-5Y-YIELD,Yield,0.035699999999999996
2025-09-09,UST-5Y-YIELD,Yield,0.0361
2025-09-10,UST-5Y-YIELD,Yield,0.0359
2025-09-11,UST-5Y-YIELD,Yield,0.0359
2025-09-12,UST-5Y-YIELD,Yield,0.0363
2025-09-15,UST-5Y-YIELD,Yield,0.0361
2025-09-16,UST-5Y-YIELD,Yield,0.0359
2025-09-17,UST-5Y-YIELD,Yield,0.0362
2025-09-18,UST-5Y-YIELD,Yield,0.036699999999999997
2025-09-19,UST-5Y-YIELD,Yield,0.0368
2025-09-22,UST-5Y-YIELD,Yield,0.0371
2025-09-23,UST-5Y-YIELD,Yield,0.0368
2025-09-24,UST-5Y-YIELD,Yield,0.037000000000000005
2025-09-25,UST-5Y-YIELD,Yield,0.0375
2025-09-26,UST-5Y-YIELD,Yield,0.037599999999999995
2025-09-29,UST-5Y-YIELD,Yield,0.0374
2025-09-30,UST-5Y-YIELD,Yield,0.0374
2025-10-01,UST-5Y-YIELD,Yield,0.0368
2025-10-02,UST-5Y-YIELD,Yield,0.036699999999999997
2025-10-03,UST-5Y-YIELD,Yield,0.037200000000000004
2025-10-06,UST-5Y-YIELD,Yield,0.0375
2025-10-07,UST-5Y-YIELD,Yield,0.0371
2025-10-08,UST-5Y-YIELD,Yield,0.037200000000000004
2025-10-09,UST-5Y-YIELD,Yield,0.0374
2025-10-10,UST-5Y-YIELD,Yield,0.0365
2025-10-14,UST-5Y-YIELD,Yield,0.036000000000000004
2025-10-15,UST-5Y-YIELD,Yield,0.0363
2025-10-16,UST-5Y-YIELD,Yield,0.0355
2025-10-17,UST-5Y-YIELD,Yield,0.0359
2025-10-20,UST-5Y-YIELD,Yield,0.0358
2025-10-21,UST-5Y-YIELD,Yield,0.0356
2025-10-22,UST-5Y-YIELD,Yield,0.0356
2025-10-23,UST-5Y-YIELD,Yield,0.0361
2025-10-24,UST-5Y-YIELD,Yield,0.0361
2025-10-27,UST-5Y-YIELD,Yield,0.0361
2025-10-28,UST-5Y-YIELD,Yield,0.036000000000000004
2025-10-29,UST-5Y-YIELD,Yield,0.037000000000000005
2025-10-30,UST-5Y-YIELD,Yield,0.037200000000000004
2025-10-31,UST-5Y-YIELD,Yield,0.0371
2025-11-03,UST-5Y-YIELD,Yield,0.037200000000000004
2025-11-04,UST-5Y-YIELD,Yield,0.0369
2025-11-05,UST-5Y-YIELD,Yield,0.037599999999999995
2025-11-06,UST-5Y-YIELD,Yield,0.0369
2025-11-07,UST-5Y-YIELD,Yield,0.036699999999999997
2025-11-10,UST-5Y-YIELD,Yield,0.037200000000000004
2025-11-12,UST-5Y-YIELD,Yield,0.0368
2025-11-13,UST-5Y-YIELD,Yield,0.0371
2025-11-14,UST-5Y-YIELD,Yield,0.0374
2025-11-17,UST-5Y-YIELD,Yield,0.037200000000000004
2025-11-18,UST-5Y-YIELD,Yield,0.037000000000000005
2025-11-19,UST-5Y-YIELD,Yield,0.0371
2025-11-20,UST-5Y-YIELD,Yield,0.0368
2025-11-21,UST-5Y-YIELD,Yield,0.0362
2025-11-24,UST-5Y-YIELD,Yield,0.0361
2025-11-25,UST-5Y-YIELD,Yield,0.0355
2025-11-26,UST-5Y-YIELD,Yield,0.0356
2025-11-28,UST-5Y-YIELD,Yield,0.0359
2025-12-01,UST-5Y-YIELD,Yield,0.036699999999999997
2025-12-02,UST-5Y-YIELD,Yield,0.0366
2025-12-03,UST-5Y-YIELD,Yield,0.0362
2025-12-04,UST-5Y-YIELD,Yield,0.0368
2025-12-05,UST-5Y-YIELD,Yield,0.037200000000000004
2025-12-08,UST-5Y-YIELD,Yield,0.0375
2025-12-09,UST-5Y-YIELD,Yield,0.0378
2025-12-10,UST-5Y-YIELD,Yield,0.037200000000000004
2025-12-11,UST-5Y-YIELD,Yield,0.037200000000000004
2025-12-12,UST-5Y-YIELD,Yield,0.0375
2025-12-15,UST-5Y-YIELD,Yield,0.0373
2025-12-16,UST-5Y-YIELD,Yield,0.0369
2025-12-17,UST-5Y-YIELD,Yield,0.037000000000000005
2025-12-18,UST-5Y-YIELD,Yield,0.0366
2025-12-19,UST-5Y-YIELD,Yield,0.037000000000000005
2025-12-22,UST-5Y-YIELD,Yield,0.0371
2025-12-23,UST-5Y-YIELD,Yield,0.037200000000000004
2025-12-24,UST-5Y-YIELD,Yield,0.037000000000000005
2025-12-26,UST-5Y-YIELD,Yield,0.0368
2025-12-29,UST-5Y-YIELD,Yield,0.036699999999999997
2025-12-30,UST-5Y-YIELD,Yield,0.0368
2025-12-31,UST-5Y-YIELD,Yield,0.0373
2026-01-02,UST-5Y-YIELD,Yield,0.0374
2026-01-05,UST-5Y-YIELD,Yield,0.0371
2026-01-06,UST-5Y-YIELD,Yield,0.037200000000000004
2026-01-07,UST-5Y-YIELD,Yield,0.037000000000000005
2026-01-08,UST-5Y-YIELD,Yield,0.0374
2026-01-09,UST-5Y-YIELD,Yield,0.0375
2026-01-12,UST-5Y-YIELD,Yield,0.0377
2026-01-13,UST-5Y-YIELD,Yield,0.0375
2026-01-14,UST-5Y-YIELD,Yield,0.037200000000000004
2026-01-15,UST-5Y-YIELD,Yield,0.0377
2026-01-16,UST-5Y-YIELD,Yield,0.0382
2026-01-20,UST-5Y-YIELD,Yield,0.038599999999999995
2026-01-21,UST-5Y-YIELD,Yield,0.0383
2026-01-22,UST-5Y-YIELD,Yield,0.0385
2026-01-23,UST-5Y-YIELD,Yield,0.0384
2026-01-26,UST-5Y-YIELD,Yield,0.0382
2026-01-27,UST-5Y-YIELD,Yield,0.0381
2026-01-28,UST-5Y-YIELD,Yield,0.0383
2026-01-29,UST-5Y-YIELD,Yield,0.038
2026-01-30,UST-5Y-YIELD,Yield,0.0379
2026-02-02,UST-5Y-YIELD,Yield,0.0383
2026-02-03,UST-5Y-YIELD,Yield,0.0383
2026-02-04,UST-5Y-YIELD,Yield,0.0383
2026-02-05,UST-5Y-YIELD,Yield,0.0374
2026-02-06,UST-5Y-YIELD,Yield,0.037599999999999995
2026-02-09,UST-5Y-YIELD,Yield,0.0375
2026-02-10,UST-5Y-YIELD,Yield,0.037000000000000005
2026-02-11,UST-5Y-YIELD,Yield,0.0375
2026-02-12,UST-5Y-YIELD,Yield,0.036699999999999997
2026-02-13,UST-5Y-YIELD,Yield,0.0361
2026-02-17,UST-5Y-YIELD,Yield,0.0363
2026-02-18,UST-5Y-YIELD,Yield,0.0366
2026-02-19,UST-5Y-YIELD,Yield,0.0365
2026-02-20,UST-5Y-YIELD,Yield,0.0365
2026-02-23,UST-5Y-YIELD,Yield,0.0359
2026-02-24,UST-5Y-YIELD,Yield,0.0361
2026-02-25,UST-5Y-YIELD,Yield,0.0361
2026-02-26,UST-5Y-YIELD,Yield,0.035699999999999996
2026-02-27,UST-5Y-YIELD,Yield,0.0351
2026-03-02,UST-5Y-YIELD,Yield,0.0362
2026-03-03,UST-5Y-YIELD,Yield,0.0363
2026-03-04,UST-5Y-YIELD,Yield,0.036699999999999997
2026-03-05,UST-5Y-YIELD,Yield,0.037200000000000004
2026-03-06,UST-5Y-YIELD,Yield,0.037200000000000004
2026-03-09,UST-5Y-YIELD,Yield,0.0371
2026-03-10,UST-5Y-YIELD,Yield,0.0373
2026-03-11,UST-5Y-YIELD,Yield,0.0379
2026-03-12,UST-5Y-YIELD,Yield,0.0388
2026-03-13,UST-5Y-YIELD,Yield,0.0387
2026-03-16,UST-5Y-YIELD,Yield,0.038
2026-03-17,UST-5Y-YIELD,Yield,0.0379
2026-03-18,UST-5Y-YIELD,Yield,0.0387
2026-03-19,UST-5Y-YIELD,Yield,0.0388
2026-03-20,UST-5Y-YIELD,Yield,0.0401
2026-03-23,UST-5Y-YIELD,Yield,0.0395
2026-03-24,UST-5Y-YIELD,Yield,0.0403
2026-03-25,UST-5Y-YIELD,Yield,0.039599999999999996
2026-03-26,UST-5Y-YIELD,Yield,0.0408
2026-03-27,UST-5Y-YIELD,Yield,0.0406
2026-03-30,UST-5Y-YIELD,Yield,0.0397
2026-03-31,UST-5Y-YIELD,Yield,0.0392
2026-04-01,UST-5Y-YIELD,Yield,0.0397
2026-04-02,UST-5Y-YIELD,Yield,0.0394
2026-04-03,UST-5Y-YIELD,Yield,0.039900000000000005
2026-04-06,UST-5Y-YIELD,Yield,0.0398
2026-04-07,UST-5Y-YIELD,Yield,0.0395
2026-04-08,UST-5Y-YIELD,Yield,0.0392
2026-04-09,UST-5Y-YIELD,Yield,0.0391
2026-04-10,UST-5Y-YIELD,Yield,0.0394
2026-04-13,UST-5Y-YIELD,Yield,0.0392
2026-04-14,UST-5Y-YIELD,Yield,0.0387
2026-04-15,UST-5Y-YIELD,Yield,0.039
2026-04-16,UST-5Y-YIELD,Yield,0.0391
2026-04-17,UST-5Y-YIELD,Yield,0.0384
2026-04-20,UST-5Y-YIELD,Yield,0.038599999999999995
2026-04-21,UST-5Y-YIELD,Yield,0.0391
2026-04-22,UST-5Y-YIELD,Yield,0.0391
2026-04-23,UST-5Y-YIELD,Yield,0.039599999999999996
2026-04-24,UST-5Y-YIELD,Yield,0.0392
2026-04-27,UST-5Y-YIELD,Yield,0.0394
2026-04-28,UST-5Y-YIELD,Yield,0.0397
2026-04-29,UST-5Y-YIELD,Yield,0.0405
2026-04-30,UST-5Y-YIELD,Yield,0.04019999999999999
2026-05-01,UST-5Y-YIELD,Yield,0.04019999999999999
2026-05-04,UST-5Y-YIELD,Yield,0.0408
2026-05-05,UST-5Y-YIELD,Yield,0.0408
2026-05-06,UST-5Y-YIELD,Yield,0.039900000000000005
2026-05-07,UST-5Y-YIELD,Yield,0.0404
2026-05-08,UST-5Y-YIELD,Yield,0.04019999999999999
2026-05-11,UST-5Y-YIELD,Yield,0.0407
2026-05-12,UST-5Y-YIELD,Yield,0.0412
2026-05-13,UST-5Y-YIELD,Yield,0.0412
2026-05-14,UST-5Y-YIELD,Yield,0.041299999999999996
2026-05-15,UST-5Y-YIELD,Yield,0.0426
2026-05-18,UST-5Y-YIELD,Yield,0.042699999999999995
2026-05-19,UST-5Y-YIELD,Yield,0.0432
2026-05-20,UST-5Y-YIELD,Yield,0.042199999999999994
2026-05-21,UST-5Y-YIELD,Yield,0.0425
2026-05-22,UST-5Y-YIELD,Yield,0.042699999999999995
2026-05-26,UST-5Y-YIELD,Yield,0.04190000000000001
2026-05-27,UST-5Y-YIELD,Yield,0.0417
2026-05-28,UST-5Y-YIELD,Yield,0.0415
2026-05-29,UST-5Y-YIELD,Yield,0.041299999999999996
2026-06-01,UST-5Y-YIELD,Yield,0.0418
2026-06-02,UST-5Y-YIELD,Yield,0.0417
2026-06-03,UST-5Y-YIELD,Yield,0.0421
2026-06-04,UST-5Y-YIELD,Yield,0.0418
2026-06-05,UST-5Y-YIELD,Yield,0.0429
2026-06-08,UST-5Y-YIELD,Yield,0.0429
2026-06-09,UST-5Y-YIELD,Yield,0.0426
2026-06-10,UST-5Y-YIELD,Yield,0.042699999999999995
2026-06-11,UST-5Y-YIELD,Yield,0.0418
2026-06-12,UST-5Y-YIELD,Yield,0.0421
2026-06-15,UST-5Y-YIELD,Yield,0.0418
2026-06-16,UST-5Y-YIELD,Yield,0.0416
2026-06-17,UST-5Y-YIELD,Yield,0.042699999999999995
2026-06-18,UST-5Y-YIELD,Yield,0.042300000000000004
2026-06-22,UST-5Y-YIELD,Yield,0.0429
2026-06-23,UST-5Y-YIELD,Yield,0.042699999999999995
2026-06-24,UST-5Y-YIELD,Yield,0.0417
2026-06-25,UST-5Y-YIELD,Yield,0.0415
2026-06-26,UST-5Y-YIELD,Yield,0.0412
2026-06-29,UST-5Y-YIELD,Yield,0.0414
2026-06-30,UST-5Y-YIELD,Yield,0.04190000000000001
2026-07-01,UST-5Y-YIELD,Yield,0.0424
2026-07-02,UST-5Y-YIELD,Yield,0.042300000000000004
2026-07-06,UST-5Y-YIELD,Yield,0.0421
2026-07-07,UST-5Y-YIELD,Yield,0.042699999999999995
2026-07-08,UST-5Y-YIELD,Yield,0.0431
2026-07-09,UST-5Y-YIELD,Yield,0.042699999999999995
2026-07-10,UST-5Y-YIELD,Yield,0.043
2026-07-13,UST-5Y-YIELD,Yield,0.0437
2026-07-14,UST-5Y-YIELD,Yield,0.0431
2026-07-15,UST-5Y-YIELD,Yield,0.0426
2026-07-16,UST-5Y-YIELD,Yield,0.042800000000000005
2026-07-17,UST-5Y-YIELD,Yield,0.042800000000000005
2026-07-20,UST-5Y-YIELD,Yield,0.0433
2026-07-21,UST-5Y-YIELD,Yield,0.0437
2026-07-22,UST-5Y-YIELD,Yield,0.0441
2026-07-23,UST-5Y-YIELD,Yield,0.0446
2026-07-24,UST-5Y-YIELD,Yield,0.0443
2026-07-27,UST-5Y-YIELD,Yield,0.044000000000000004
2026-07-28,UST-5Y-YIELD,Yield,0.0435
2026-07-29,UST-5Y-YIELD,Yield,0.0437
2026-07-30,UST-5Y-YIELD,Yield,0.0438
2026-07-31,UST-5Y-YIELD,Yield,0.044500000000000005
2026-08-03,UST-5Y-YIELD,Yield,0.044000000000000004
2026-08-04,UST-5Y-YIELD,Yield,0.0433
2026-08-05,UST-5Y-YIELD,Yield,0.0433
2026-08-06,UST-5Y-YIELD,Yield,0.044000000000000004
2026-08-07,UST-5Y-YIELD,Yield,0.0435
2026-08-10,UST-5Y-YIELD,Yield,0.0441
2026-08-11,UST-5Y-YIELD,Yield,0.043899999999999995
2026-08-12,UST-5Y-YIELD,Yield,0.0438
2026-08-13,UST-5Y-YIELD,Yield,0.0432
2026-08-14,UST-5Y-YIELD,Yield,0.0436
2026-08-17,UST-5Y-YIELD,Yield,0.0438
2026-08-18,UST-5Y-YIELD,Yield,0.0437
2026-08-19,UST-5Y-YIELD,Yield,0.0435
2026-08-20,UST-5Y-YIELD,Yield,0.043899999999999995
2026-08-21,UST-5Y-YIELD,Yield,0.0443
2026-08-24,UST-5Y-YIELD,Yield,0.0441
2026-08-25,UST-5Y-YIELD,Yield,0.0435
2026-08-26,UST-5Y-YIELD,Yield,0.0437
2026-08-27,UST-5Y-YIELD,Yield,0.0438
2026-08-28,UST-5Y-YIELD,Yield,0.044800000000000006
2026-08-31,UST-5Y-YIELD,Yield,0.0449
2026-09-01,UST-5Y-YIELD,Yield,0.0455
2026-09-02,UST-5Y-YIELD,Yield,0.0454
2026-09-03,UST-5Y-YIELD,Yield,0.0452
2024-09-04,XOM-EQ,Equity Price,114.05999755859375
2024-09-05,XOM-EQ,Equity Price,113.16999816894531
2024-09-06,XOM-EQ,Equity Price,112.63999938964844
2024-09-09,XOM-EQ,Equity Price,115.01000213623047
2024-09-10,XOM-EQ,Equity Price,110.81999969482422
2024-09-11,XOM-EQ,Equity Price,109.72000122070312
2024-09-12,XOM-EQ,Equity Price,111.2300033569336
2024-09-13,XOM-EQ,Equity Price,111.1500015258789
2024-09-16,XOM-EQ,Equity Price,112.70999908447266
2024-09-17,XOM-EQ,Equity Price,114.18000030517578
2024-09-18,XOM-EQ,Equity Price,114.58000183105469
2024-09-19,XOM-EQ,Equity Price,116.0
2024-09-20,XOM-EQ,Equity Price,115.2699966430664
2024-09-23,XOM-EQ,Equity Price,117.36000061035156
2024-09-24,XOM-EQ,Equity Price,117.05000305175781
2024-09-25,XOM-EQ,Equity Price,114.7699966430664
2024-09-26,XOM-EQ,Equity Price,112.80000305175781
2024-09-27,XOM-EQ,Equity Price,115.81999969482422
2024-09-30,XOM-EQ,Equity Price,117.22000122070312
2024-10-01,XOM-EQ,Equity Price,119.93000030517578
2024-10-02,XOM-EQ,Equity Price,121.5199966430664
2024-10-03,XOM-EQ,Equity Price,122.58000183105469
2024-10-04,XOM-EQ,Equity Price,124.83000183105469
2024-10-07,XOM-EQ,Equity Price,125.37000274658203
2024-10-08,XOM-EQ,Equity Price,122.04000091552734
2024-10-09,XOM-EQ,Equity Price,122.08999633789062
2024-10-10,XOM-EQ,Equity Price,123.13999938964844
2024-10-11,XOM-EQ,Equity Price,123.61000061035156
2024-10-14,XOM-EQ,Equity Price,124.08000183105469
2024-10-15,XOM-EQ,Equity Price,120.3499984741211
2024-10-16,XOM-EQ,Equity Price,120.66000366210938
2024-10-17,XOM-EQ,Equity Price,120.3499984741211
2024-10-18,XOM-EQ,Equity Price,120.01000213623047
2024-10-21,XOM-EQ,Equity Price,120.08000183105469
2024-10-22,XOM-EQ,Equity Price,120.69999694824219
2024-10-23,XOM-EQ,Equity Price,120.2699966430664
2024-10-24,XOM-EQ,Equity Price,119.58999633789062
2024-10-25,XOM-EQ,Equity Price,119.48999786376953
2024-10-28,XOM-EQ,Equity Price,118.9000015258789
2024-10-29,XOM-EQ,Equity Price,117.27999877929688
2024-10-30,XOM-EQ,Equity Price,116.69000244140625
2024-10-31,XOM-EQ,Equity Price,116.77999877929688
2024-11-01,XOM-EQ,Equity Price,114.94999694824219
2024-11-04,XOM-EQ,Equity Price,118.61000061035156
2024-11-05,XOM-EQ,Equity Price,118.95999908447266
2024-11-06,XOM-EQ,Equity Price,121.0
2024-11-07,XOM-EQ,Equity Price,121.1500015258789
2024-11-08,XOM-EQ,Equity Price,121.11000061035156
2024-11-11,XOM-EQ,Equity Price,120.47000122070312
2024-11-12,XOM-EQ,Equity Price,120.3499984741211
2024-11-13,XOM-EQ,Equity Price,121.47000122070312
2024-11-14,XOM-EQ,Equity Price,120.55999755859375
2024-11-15,XOM-EQ,Equity Price,119.30999755859375
2024-11-18,XOM-EQ,Equity Price,120.30999755859375
2024-11-19,XOM-EQ,Equity Price,118.62999725341797
2024-11-20,XOM-EQ,Equity Price,120.31999969482422
2024-11-21,XOM-EQ,Equity Price,121.93000030517578
2024-11-22,XOM-EQ,Equity Price,121.79000091552734
2024-11-25,XOM-EQ,Equity Price,119.97000122070312
2024-11-26,XOM-EQ,Equity Price,117.97000122070312
2024-11-27,XOM-EQ,Equity Price,117.66000366210938
2024-11-29,XOM-EQ,Equity Price,117.95999908447266
2024-12-02,XOM-EQ,Equity Price,117.8499984741211
2024-12-03,XOM-EQ,Equity Price,117.66999816894531
2024-12-04,XOM-EQ,Equity Price,114.27999877929688
2024-12-05,XOM-EQ,Equity Price,114.77999877929688
2024-12-06,XOM-EQ,Equity Price,113.56999969482422
2024-12-09,XOM-EQ,Equity Price,112.9000015258789
2024-12-10,XOM-EQ,Equity Price,112.66999816894531
2024-12-11,XOM-EQ,Equity Price,111.91999816894531
2024-12-12,XOM-EQ,Equity Price,111.81999969482422
2024-12-13,XOM-EQ,Equity Price,110.83999633789062
2024-12-16,XOM-EQ,Equity Price,108.47000122070312
2024-12-17,XOM-EQ,Equity Price,108.01000213623047
2024-12-18,XOM-EQ,Equity Price,106.41999816894531
2024-12-19,XOM-EQ,Equity Price,105.51000213623047
2024-12-20,XOM-EQ,Equity Price,105.87000274658203
2024-12-23,XOM-EQ,Equity Price,106.30000305175781
2024-12-24,XOM-EQ,Equity Price,106.4000015258789
2024-12-26,XOM-EQ,Equity Price,106.48999786376953
2024-12-27,XOM-EQ,Equity Price,106.4800033569336
2024-12-30,XOM-EQ,Equity Price,105.76000213623047
2024-12-31,XOM-EQ,Equity Price,107.56999969482422
2025-01-02,XOM-EQ,Equity Price,107.30999755859375
2025-01-03,XOM-EQ,Equity Price,107.86000061035156
2025-01-06,XOM-EQ,Equity Price,107.73999786376953
2025-01-07,XOM-EQ,Equity Price,108.75
2025-01-08,XOM-EQ,Equity Price,106.93000030517578
2025-01-10,XOM-EQ,Equity Price,106.54000091552734
2025-01-13,XOM-EQ,Equity Price,109.29000091552734
2025-01-14,XOM-EQ,Equity Price,109.72000122070312
2025-01-15,XOM-EQ,Equity Price,111.51000213623047
2025-01-16,XOM-EQ,Equity Price,111.31999969482422
2025-01-17,XOM-EQ,Equity Price,112.31999969482422
2025-01-21,XOM-EQ,Equity Price,111.47000122070312
2025-01-22,XOM-EQ,Equity Price,109.52999877929688
2025-01-23,XOM-EQ,Equity Price,110.1500015258789
2025-01-24,XOM-EQ,Equity Price,108.66000366210938
2025-01-27,XOM-EQ,Equity Price,110.16999816894531
2025-01-28,XOM-EQ,Equity Price,108.04000091552734
2025-01-29,XOM-EQ,Equity Price,108.66999816894531
2025-01-30,XOM-EQ,Equity Price,109.56999969482422
2025-01-31,XOM-EQ,Equity Price,106.83000183105469
2025-02-03,XOM-EQ,Equity Price,107.08999633789062
2025-02-04,XOM-EQ,Equity Price,109.95999908447266
2025-02-05,XOM-EQ,Equity Price,109.87999725341797
2025-02-06,XOM-EQ,Equity Price,108.43000030517578
2025-02-07,XOM-EQ,Equity Price,108.88999938964844
2025-02-10,XOM-EQ,Equity Price,110.97000122070312
2025-02-11,XOM-EQ,Equity Price,111.66999816894531
2025-02-12,XOM-EQ,Equity Price,107.3499984741211
2025-02-13,XOM-EQ,Equity Price,108.12999725341797
2025-02-14,XOM-EQ,Equity Price,108.23999786376953
2025-02-18,XOM-EQ,Equity Price,110.13999938964844
2025-02-19,XOM-EQ,Equity Price,110.30000305175781
2025-02-20,XOM-EQ,Equity Price,112.0
2025-02-21,XOM-EQ,Equity Price,110.69000244140625
2025-02-24,XOM-EQ,Equity Price,111.2699966430664
2025-02-25,XOM-EQ,Equity Price,109.7300033569336
2025-02-26,XOM-EQ,Equity Price,109.45999908447266
2025-02-27,XOM-EQ,Equity Price,110.1500015258789
2025-02-28,XOM-EQ,Equity Price,111.33000183105469
2025-03-03,XOM-EQ,Equity Price,107.76000213623047
2025-03-04,XOM-EQ,Equity Price,107.54000091552734
2025-03-05,XOM-EQ,Equity Price,105.44000244140625
2025-03-06,XOM-EQ,Equity Price,107.62000274658203
2025-03-07,XOM-EQ,Equity Price,109.0199966430664
2025-03-10,XOM-EQ,Equity Price,111.80000305175781
2025-03-11,XOM-EQ,Equity Price,109.16000366210938
2025-03-12,XOM-EQ,Equity Price,109.12999725341797
2025-03-13,XOM-EQ,Equity Price,108.66999816894531
2025-03-14,XOM-EQ,Equity Price,111.9000015258789
2025-03-17,XOM-EQ,Equity Price,113.76000213623047
2025-03-18,XOM-EQ,Equity Price,113.63999938964844
2025-03-19,XOM-EQ,Equity Price,115.41000366210938
2025-03-20,XOM-EQ,Equity Price,115.9000015258789
2025-03-21,XOM-EQ,Equity Price,115.5
2025-03-24,XOM-EQ,Equity Price,115.80000305175781
2025-03-25,XOM-EQ,Equity Price,116.58999633789062
2025-03-26,XOM-EQ,Equity Price,118.2699966430664
2025-03-27,XOM-EQ,Equity Price,117.88999938964844
2025-03-28,XOM-EQ,Equity Price,117.7300033569336
2025-03-31,XOM-EQ,Equity Price,118.93000030517578
2025-04-01,XOM-EQ,Equity Price,119.04000091552734
2025-04-02,XOM-EQ,Equity Price,118.66999816894531
2025-04-03,XOM-EQ,Equity Price,112.43000030517578
2025-04-04,XOM-EQ,Equity Price,104.33999633789062
2025-04-07,XOM-EQ,Equity Price,102.94000244140625
2025-04-08,XOM-EQ,Equity Price,100.7699966430664
2025-04-09,XOM-EQ,Equity Price,105.80000305175781
2025-04-10,XOM-EQ,Equity Price,99.93000030517578
2025-04-11,XOM-EQ,Equity Price,103.13999938964844
2025-04-14,XOM-EQ,Equity Price,103.38999938964844
2025-04-15,XOM-EQ,Equity Price,103.0999984741211
2025-04-16,XOM-EQ,Equity Price,104.19000244140625
2025-04-17,XOM-EQ,Equity Price,106.91999816894531
2025-04-21,XOM-EQ,Equity Price,105.3499984741211
2025-04-22,XOM-EQ,Equity Price,108.30000305175781
2025-04-23,XOM-EQ,Equity Price,107.37000274658203
2025-04-24,XOM-EQ,Equity Price,108.62999725341797
2025-04-25,XOM-EQ,Equity Price,108.56999969482422
2025-04-28,XOM-EQ,Equity Price,108.62999725341797
2025-04-29,XOM-EQ,Equity Price,108.36000061035156
2025-04-30,XOM-EQ,Equity Price,105.62999725341797
2025-05-01,XOM-EQ,Equity Price,105.77999877929688
2025-05-02,XOM-EQ,Equity Price,106.20999908447266
2025-05-05,XOM-EQ,Equity Price,103.2699966430664
2025-05-06,XOM-EQ,Equity Price,104.70999908447266
2025-05-07,XOM-EQ,Equity Price,104.61000061035156
2025-05-08,XOM-EQ,Equity Price,106.06999969482422
2025-05-09,XOM-EQ,Equity Price,107.30999755859375
2025-05-12,XOM-EQ,Equity Price,109.16000366210938
2025-05-13,XOM-EQ,Equity Price,109.45999908447266
2025-05-14,XOM-EQ,Equity Price,108.4800033569336
2025-05-15,XOM-EQ,Equity Price,108.58000183105469
2025-05-16,XOM-EQ,Equity Price,108.19000244140625
2025-05-19,XOM-EQ,Equity Price,106.47000122070312
2025-05-20,XOM-EQ,Equity Price,104.94999694824219
2025-05-21,XOM-EQ,Equity Price,103.66000366210938
2025-05-22,XOM-EQ,Equity Price,102.97000122070312
2025-05-23,XOM-EQ,Equity Price,103.02999877929688
2025-05-27,XOM-EQ,Equity Price,103.5199966430664
2025-05-28,XOM-EQ,Equity Price,102.11000061035156
2025-05-29,XOM-EQ,Equity Price,102.69000244140625
2025-05-30,XOM-EQ,Equity Price,102.30000305175781
2025-06-02,XOM-EQ,Equity Price,103.05000305175781
2025-06-03,XOM-EQ,Equity Price,103.80000305175781
2025-06-04,XOM-EQ,Equity Price,102.30000305175781
2025-06-05,XOM-EQ,Equity Price,101.83000183105469
2025-06-06,XOM-EQ,Equity Price,104.2699966430664
2025-06-09,XOM-EQ,Equity Price,104.97000122070312
2025-06-10,XOM-EQ,Equity Price,107.22000122070312
2025-06-11,XOM-EQ,Equity Price,109.30999755859375
2025-06-12,XOM-EQ,Equity Price,109.7300033569336
2025-06-13,XOM-EQ,Equity Price,112.12000274658203
2025-06-16,XOM-EQ,Equity Price,112.4800033569336
2025-06-17,XOM-EQ,Equity Price,114.0
2025-06-18,XOM-EQ,Equity Price,113.19000244140625
2025-06-20,XOM-EQ,Equity Price,114.69999694824219
2025-06-23,XOM-EQ,Equity Price,111.73999786376953
2025-06-24,XOM-EQ,Equity Price,108.33999633789062
2025-06-25,XOM-EQ,Equity Price,108.37000274658203
2025-06-26,XOM-EQ,Equity Price,109.98999786376953
2025-06-27,XOM-EQ,Equity Price,109.37999725341797
2025-06-30,XOM-EQ,Equity Price,107.80000305175781
2025-07-01,XOM-EQ,Equity Price,109.23999786376953
2025-07-02,XOM-EQ,Equity Price,111.05000305175781
2025-07-03,XOM-EQ,Equity Price,112.19999694824219
2025-07-07,XOM-EQ,Equity Price,111.11000061035156
2025-07-08,XOM-EQ,Equity Price,114.19000244140625
2025-07-09,XOM-EQ,Equity Price,113.80000305175781
2025-07-10,XOM-EQ,Equity Price,114.93000030517578
2025-07-11,XOM-EQ,Equity Price,115.43000030517578
2025-07-14,XOM-EQ,Equity Price,113.91999816894531
2025-07-15,XOM-EQ,Equity Price,112.91000366210938
2025-07-16,XOM-EQ,Equity Price,112.2300033569336
2025-07-17,XOM-EQ,Equity Price,111.66000366210938
2025-07-18,XOM-EQ,Equity Price,107.7699966430664
2025-07-21,XOM-EQ,Equity Price,108.05000305175781
2025-07-22,XOM-EQ,Equity Price,108.54000091552734
2025-07-23,XOM-EQ,Equity Price,109.93000030517578
2025-07-24,XOM-EQ,Equity Price,110.79000091552734
2025-07-25,XOM-EQ,Equity Price,110.4000015258789
2025-07-28,XOM-EQ,Equity Price,111.44000244140625
2025-07-29,XOM-EQ,Equity Price,112.87999725341797
2025-07-30,XOM-EQ,Equity Price,111.9000015258789
2025-07-31,XOM-EQ,Equity Price,111.63999938964844
2025-08-01,XOM-EQ,Equity Price,109.63999938964844
2025-08-04,XOM-EQ,Equity Price,107.37000274658203
2025-08-05,XOM-EQ,Equity Price,107.23999786376953
2025-08-06,XOM-EQ,Equity Price,106.51000213623047
2025-08-07,XOM-EQ,Equity Price,105.94999694824219
2025-08-08,XOM-EQ,Equity Price,106.80000305175781
2025-08-11,XOM-EQ,Equity Price,105.83000183105469
2025-08-12,XOM-EQ,Equity Price,106.12999725341797
2025-08-13,XOM-EQ,Equity Price,107.5999984741211
2025-08-14,XOM-EQ,Equity Price,107.37999725341797
2025-08-15,XOM-EQ,Equity Price,106.48999786376953
2025-08-18,XOM-EQ,Equity Price,106.72000122070312
2025-08-19,XOM-EQ,Equity Price,107.41999816894531
2025-08-20,XOM-EQ,Equity Price,108.52999877929688
2025-08-21,XOM-EQ,Equity Price,109.2300033569336
2025-08-22,XOM-EQ,Equity Price,111.27999877929688
2025-08-25,XOM-EQ,Equity Price,111.73999786376953
2025-08-26,XOM-EQ,Equity Price,111.48999786376953
2025-08-27,XOM-EQ,Equity Price,112.75
2025-08-28,XOM-EQ,Equity Price,113.3499984741211
2025-08-29,XOM-EQ,Equity Price,114.29000091552734
2025-09-02,XOM-EQ,Equity Price,114.69000244140625
2025-09-03,XOM-EQ,Equity Price,111.91000366210938
2025-09-04,XOM-EQ,Equity Price,112.4000015258789
2025-09-05,XOM-EQ,Equity Price,109.2300033569336
2025-09-08,XOM-EQ,Equity Price,109.8499984741211
2025-09-09,XOM-EQ,Equity Price,110.6500015258789
2025-09-10,XOM-EQ,Equity Price,112.5
2025-09-11,XOM-EQ,Equity Price,112.13999938964844
2025-09-12,XOM-EQ,Equity Price,112.16000366210938
2025-09-15,XOM-EQ,Equity Price,112.3499984741211
2025-09-16,XOM-EQ,Equity Price,114.68000030517578
2025-09-17,XOM-EQ,Equity Price,115.29000091552734
2025-09-18,XOM-EQ,Equity Price,113.93000030517578
2025-09-19,XOM-EQ,Equity Price,112.81999969482422
2025-09-22,XOM-EQ,Equity Price,112.0199966430664
2025-09-23,XOM-EQ,Equity Price,113.94999694824219
2025-09-24,XOM-EQ,Equity Price,114.55999755859375
2025-09-25,XOM-EQ,Equity Price,115.58999633789062
2025-09-26,XOM-EQ,Equity Price,117.22000122070312
2025-09-29,XOM-EQ,Equity Price,114.22000122070312
2025-09-30,XOM-EQ,Equity Price,112.75
2025-10-01,XOM-EQ,Equity Price,111.98999786376953
2025-10-02,XOM-EQ,Equity Price,111.29000091552734
2025-10-03,XOM-EQ,Equity Price,113.26000213623047
2025-10-06,XOM-EQ,Equity Price,114.19999694824219
2025-10-07,XOM-EQ,Equity Price,114.26000213623047
2025-10-08,XOM-EQ,Equity Price,114.0199966430664
2025-10-09,XOM-EQ,Equity Price,112.91000366210938
2025-10-10,XOM-EQ,Equity Price,110.7300033569336
2025-10-13,XOM-EQ,Equity Price,112.23999786376953
2025-10-14,XOM-EQ,Equity Price,112.29000091552734
2025-10-15,XOM-EQ,Equity Price,111.61000061035156
2025-10-16,XOM-EQ,Equity Price,110.63999938964844
2025-10-17,XOM-EQ,Equity Price,112.23999786376953
2025-10-20,XOM-EQ,Equity Price,112.69999694824219
2025-10-21,XOM-EQ,Equity Price,112.70999908447266
2025-10-22,XOM-EQ,Equity Price,114.70999908447266
2025-10-23,XOM-EQ,Equity Price,115.9800033569336
2025-10-24,XOM-EQ,Equity Price,115.38999938964844
2025-10-27,XOM-EQ,Equity Price,115.94000244140625
2025-10-28,XOM-EQ,Equity Price,115.02999877929688
2025-10-29,XOM-EQ,Equity Price,116.44999694824219
2025-10-30,XOM-EQ,Equity Price,114.69000244140625
2025-10-31,XOM-EQ,Equity Price,114.36000061035156
2025-11-03,XOM-EQ,Equity Price,113.76000213623047
2025-11-04,XOM-EQ,Equity Price,114.13999938964844
2025-11-05,XOM-EQ,Equity Price,113.68000030517578
2025-11-06,XOM-EQ,Equity Price,114.5
2025-11-07,XOM-EQ,Equity Price,117.22000122070312
2025-11-10,XOM-EQ,Equity Price,118.22000122070312
2025-11-11,XOM-EQ,Equity Price,119.77999877929688
2025-11-12,XOM-EQ,Equity Price,118.12000274658203
2025-11-13,XOM-EQ,Equity Price,118.79000091552734
2025-11-14,XOM-EQ,Equity Price,119.29000091552734
2025-11-17,XOM-EQ,Equity Price,117.68000030517578
2025-11-18,XOM-EQ,Equity Price,119.02999877929688
2025-11-19,XOM-EQ,Equity Price,117.3499984741211
2025-11-20,XOM-EQ,Equity Price,117.0199966430664
2025-11-21,XOM-EQ,Equity Price,117.08000183105469
2025-11-24,XOM-EQ,Equity Price,115.97000122070312
2025-11-25,XOM-EQ,Equity Price,114.51000213623047
2025-11-26,XOM-EQ,Equity Price,114.7699966430664
2025-11-28,XOM-EQ,Equity Price,115.91999816894531
2025-12-01,XOM-EQ,Equity Price,116.62999725341797
2025-12-02,XOM-EQ,Equity Price,115.37999725341797
2025-12-03,XOM-EQ,Equity Price,117.80000305175781
2025-12-04,XOM-EQ,Equity Price,117.13999938964844
2025-12-05,XOM-EQ,Equity Price,116.54000091552734
2025-12-08,XOM-EQ,Equity Price,115.9800033569336
2025-12-09,XOM-EQ,Equity Price,118.25
2025-12-10,XOM-EQ,Equity Price,119.54000091552734
2025-12-11,XOM-EQ,Equity Price,119.54000091552734
2025-12-12,XOM-EQ,Equity Price,118.81999969482422
2025-12-15,XOM-EQ,Equity Price,117.76000213623047
2025-12-16,XOM-EQ,Equity Price,114.68000030517578
2025-12-17,XOM-EQ,Equity Price,117.41000366210938
2025-12-18,XOM-EQ,Equity Price,116.54000091552734
2025-12-19,XOM-EQ,Equity Price,116.69000244140625
2025-12-22,XOM-EQ,Equity Price,118.1500015258789
2025-12-23,XOM-EQ,Equity Price,119.41999816894531
2025-12-24,XOM-EQ,Equity Price,119.22000122070312
2025-12-26,XOM-EQ,Equity Price,119.11000061035156
2025-12-29,XOM-EQ,Equity Price,120.52999877929688
2025-12-30,XOM-EQ,Equity Price,120.98999786376953
2025-12-31,XOM-EQ,Equity Price,120.33999633789062
2026-01-02,XOM-EQ,Equity Price,122.6500015258789
2026-01-05,XOM-EQ,Equity Price,125.36000061035156
2026-01-06,XOM-EQ,Equity Price,121.05000305175781
2026-01-07,XOM-EQ,Equity Price,118.48999786376953
2026-01-08,XOM-EQ,Equity Price,122.91000366210938
2026-01-09,XOM-EQ,Equity Price,124.61000061035156
2026-01-12,XOM-EQ,Equity Price,124.02999877929688
2026-01-13,XOM-EQ,Equity Price,126.54000091552734
2026-01-14,XOM-EQ,Equity Price,130.1999969482422
2026-01-15,XOM-EQ,Equity Price,129.1300048828125
2026-01-16,XOM-EQ,Equity Price,129.88999938964844
2026-01-20,XOM-EQ,Equity Price,130.4600067138672
2026-01-21,XOM-EQ,Equity Price,133.61000061035156
2026-01-22,XOM-EQ,Equity Price,133.63999938964844
2026-01-23,XOM-EQ,Equity Price,134.97000122070312
2026-01-26,XOM-EQ,Equity Price,134.83999633789062
2026-01-27,XOM-EQ,Equity Price,136.8300018310547
2026-01-28,XOM-EQ,Equity Price,137.5800018310547
2026-01-29,XOM-EQ,Equity Price,140.50999450683594
2026-01-30,XOM-EQ,Equity Price,141.39999389648438
2026-02-02,XOM-EQ,Equity Price,138.39999389648438
2026-02-03,XOM-EQ,Equity Price,143.72999572753906
2026-02-04,XOM-EQ,Equity Price,147.58999633789062
2026-02-05,XOM-EQ,Equity Price,146.0800018310547
2026-02-06,XOM-EQ,Equity Price,149.0500030517578
2026-02-09,XOM-EQ,Equity Price,151.2100067138672
2026-02-10,XOM-EQ,Equity Price,151.58999633789062
2026-02-11,XOM-EQ,Equity Price,155.55999755859375
2026-02-12,XOM-EQ,Equity Price,149.92999267578125
2026-02-13,XOM-EQ,Equity Price,148.4499969482422
2026-02-17,XOM-EQ,Equity Price,146.19000244140625
2026-02-18,XOM-EQ,Equity Price,150.67999267578125
2026-02-19,XOM-EQ,Equity Price,150.97000122070312
2026-02-20,XOM-EQ,Equity Price,147.27999877929688
2026-02-23,XOM-EQ,Equity Price,150.75999450683594
2026-02-24,XOM-EQ,Equity Price,149.25999450683594
2026-02-25,XOM-EQ,Equity Price,149.05999755859375
2026-02-26,XOM-EQ,Equity Price,148.5399932861328
2026-02-27,XOM-EQ,Equity Price,152.5
2026-03-02,XOM-EQ,Equity Price,154.22000122070312
2026-03-03,XOM-EQ,Equity Price,151.8300018310547
2026-03-04,XOM-EQ,Equity Price,149.82000732421875
2026-03-05,XOM-EQ,Equity Price,150.75999450683594
2026-03-06,XOM-EQ,Equity Price,151.2100067138672
2026-03-09,XOM-EQ,Equity Price,150.44000244140625
2026-03-10,XOM-EQ,Equity Price,148.1300048828125
2026-03-11,XOM-EQ,Equity Price,151.5800018310547
2026-03-12,XOM-EQ,Equity Price,153.52999877929688
2026-03-13,XOM-EQ,Equity Price,156.1199951171875
2026-03-16,XOM-EQ,Equity Price,157.22999572753906
2026-03-17,XOM-EQ,Equity Price,158.80999755859375
2026-03-18,XOM-EQ,Equity Price,157.58999633789062
2026-03-19,XOM-EQ,Equity Price,158.16000366210938
2026-03-20,XOM-EQ,Equity Price,159.6699981689453
2026-03-23,XOM-EQ,Equity Price,161.1300048828125
2026-03-24,XOM-EQ,Equity Price,165.3800048828125
2026-03-25,XOM-EQ,Equity Price,163.25999450683594
2026-03-26,XOM-EQ,Equity Price,165.42999267578125
2026-03-27,XOM-EQ,Equity Price,170.99000549316406
2026-03-30,XOM-EQ,Equity Price,171.47000122070312
2026-03-31,XOM-EQ,Equity Price,169.66000366210938
2026-04-01,XOM-EQ,Equity Price,160.77999877929688
2026-04-02,XOM-EQ,Equity Price,160.69000244140625
2026-04-06,XOM-EQ,Equity Price,163.3699951171875
2026-04-07,XOM-EQ,Equity Price,163.91000366210938
2026-04-08,XOM-EQ,Equity Price,156.22000122070312
2026-04-09,XOM-EQ,Equity Price,155.0399932861328
2026-04-10,XOM-EQ,Equity Price,152.50999450683594
2026-04-13,XOM-EQ,Equity Price,152.63999938964844
2026-04-14,XOM-EQ,Equity Price,149.24000549316406
2026-04-15,XOM-EQ,Equity Price,149.00999450683594
2026-04-16,XOM-EQ,Equity Price,151.97999572753906
2026-04-17,XOM-EQ,Equity Price,146.44000244140625
2026-04-20,XOM-EQ,Equity Price,147.67999267578125
2026-04-21,XOM-EQ,Equity Price,148.36000061035156
2026-04-22,XOM-EQ,Equity Price,149.5
2026-04-23,XOM-EQ,Equity Price,150.52999877929688
2026-04-24,XOM-EQ,Equity Price,148.91000366210938
2026-04-27,XOM-EQ,Equity Price,148.19000244140625
2026-04-28,XOM-EQ,Equity Price,150.55999755859375
2026-04-29,XOM-EQ,Equity Price,154.6699981689453
2026-04-30,XOM-EQ,Equity Price,154.3300018310547
2026-05-01,XOM-EQ,Equity Price,152.75
2026-05-04,XOM-EQ,Equity Price,153.69000244140625
2026-05-05,XOM-EQ,Equity Price,154.8800048828125
2026-05-06,XOM-EQ,Equity Price,148.69000244140625
2026-05-07,XOM-EQ,Equity Price,146.5800018310547
2026-05-08,XOM-EQ,Equity Price,144.57000732421875
2026-05-11,XOM-EQ,Equity Price,149.67999267578125
2026-05-12,XOM-EQ,Equity Price,150.6300048828125
2026-05-13,XOM-EQ,Equity Price,151.57000732421875
2026-05-14,XOM-EQ,Equity Price,152.77999877929688
2026-05-15,XOM-EQ,Equity Price,157.9199981689453
2026-05-18,XOM-EQ,Equity Price,160.49000549316406
2026-05-19,XOM-EQ,Equity Price,162.5500030517578
2026-05-20,XOM-EQ,Equity Price,156.27999877929688
2026-05-21,XOM-EQ,Equity Price,155.2899932861328
2026-05-22,XOM-EQ,Equity Price,154.9199981689453
2026-05-26,XOM-EQ,Equity Price,149.80999755859375
2026-05-27,XOM-EQ,Equity Price,147.89999389648438
2026-05-28,XOM-EQ,Equity Price,146.9600067138672
2026-05-29,XOM-EQ,Equity Price,145.25999450683594
2026-06-01,XOM-EQ,Equity Price,149.3800048828125
2026-06-02,XOM-EQ,Equity Price,149.55999755859375
2026-06-03,XOM-EQ,Equity Price,152.52999877929688
2026-06-04,XOM-EQ,Equity Price,152.0399932861328
2026-06-05,XOM-EQ,Equity Price,149.9199981689453
2026-06-08,XOM-EQ,Equity Price,151.75
2026-06-09,XOM-EQ,Equity Price,148.91000366210938
2026-06-10,XOM-EQ,Equity Price,150.6199951171875
2026-06-11,XOM-EQ,Equity Price,146.60000610351562
2026-06-12,XOM-EQ,Equity Price,147.00999450683594
2026-06-15,XOM-EQ,Equity Price,140.9199981689453
2026-06-16,XOM-EQ,Equity Price,141.86000061035156
2026-06-17,XOM-EQ,Equity Price,140.74000549316406
2026-06-18,XOM-EQ,Equity Price,137.80999755859375
2026-06-22,XOM-EQ,Equity Price,138.47000122070312
2026-06-23,XOM-EQ,Equity Price,139.72999572753906
2026-06-24,XOM-EQ,Equity Price,136.89999389648438
2026-06-25,XOM-EQ,Equity Price,137.5500030517578
2026-06-26,XOM-EQ,Equity Price,136.5399932861328
2026-06-29,XOM-EQ,Equity Price,136.05999755859375
2026-06-30,XOM-EQ,Equity Price,136.72000122070312
2026-07-01,XOM-EQ,Equity Price,136.27999877929688
2026-07-02,XOM-EQ,Equity Price,137.08999633789062
2026-07-06,XOM-EQ,Equity Price,136.44000244140625
2026-07-07,XOM-EQ,Equity Price,141.69000244140625
2026-07-08,XOM-EQ,Equity Price,141.1300048828125
2026-07-09,XOM-EQ,Equity Price,137.4600067138672
2026-07-10,XOM-EQ,Equity Price,138.8800048828125
2026-07-13,XOM-EQ,Equity Price,144.50999450683594
2026-07-14,XOM-EQ,Equity Price,145.08999633789062
2026-07-15,XOM-EQ,Equity Price,144.50999450683594
2026-07-16,XOM-EQ,Equity Price,145.9499969482422
2026-07-17,XOM-EQ,Equity Price,147.36000061035156
2026-07-20,XOM-EQ,Equity Price,148.36000061035156
2026-07-21,XOM-EQ,Equity Price,151.7100067138672
2026-07-22,XOM-EQ,Equity Price,154.4499969482422
2026-07-23,XOM-EQ,Equity Price,156.88999938964844
2026-07-24,XOM-EQ,Equity Price,156.94000244140625
2026-07-27,XOM-EQ,Equity Price,154.77000427246094
2026-07-28,XOM-EQ,Equity Price,153.0399932861328
2026-07-29,XOM-EQ,Equity Price,156.75
2026-07-30,XOM-EQ,Equity Price,156.97000122070312
2026-07-31,XOM-EQ,Equity Price,155.44000244140625
2026-08-03,XOM-EQ,Equity Price,155.05999755859375
2026-08-04,XOM-EQ,Equity Price,153.9600067138672
2026-08-05,XOM-EQ,Equity Price,151.6300048828125
2026-08-06,XOM-EQ,Equity Price,154.83999633789062
2026-08-07,XOM-EQ,Equity Price,153.0399932861328
2026-08-10,XOM-EQ,Equity Price,159.7899932861328
2026-08-11,XOM-EQ,Equity Price,159.8000030517578
2026-08-12,XOM-EQ,Equity Price,159.75
2026-08-13,XOM-EQ,Equity Price,158.61000061035156
2026-08-14,XOM-EQ,Equity Price,160.10000610351562
2026-08-17,XOM-EQ,Equity Price,161.4600067138672
2026-08-18,XOM-EQ,Equity Price,165.55999755859375
2026-08-19,XOM-EQ,Equity Price,164.77000427246094
2026-08-20,XOM-EQ,Equity Price,166.14999389648438
2026-08-21,XOM-EQ,Equity Price,165.11000061035156
2026-08-24,XOM-EQ,Equity Price,164.0500030517578
2026-08-25,XOM-EQ,Equity Price,160.63999938964844
2026-08-26,XOM-EQ,Equity Price,158.19000244140625
2026-08-27,XOM-EQ,Equity Price,156.44000244140625
2026-08-28,XOM-EQ,Equity Price,156.7100067138672
2026-08-31,XOM-EQ,Equity Price,160.9499969482422
2026-09-01,XOM-EQ,Equity Price,164.5500030517578
2026-09-02,XOM-EQ,Equity Price,164.14999389648438
2026-09-03,XOM-EQ,Equity Price,162.2100067138672
2024-10-03,XOM-VOL,Implied Vol (Realized Proxy),0.25424608309772145
2024-10-04,XOM-VOL,Implied Vol (Realized Proxy),0.2556962457701572
2024-10-07,XOM-VOL,Implied Vol (Realized Proxy),0.2534337052613196
2024-10-08,XOM-VOL,Implied Vol (Realized Proxy),0.2695622939010746
2024-10-09,XOM-VOL,Implied Vol (Realized Proxy),0.22758740977234623
2024-10-10,XOM-VOL,Implied Vol (Realized Proxy),0.22159719586989512
2024-10-11,XOM-VOL,Implied Vol (Realized Proxy),0.21963829844069271
2024-10-14,XOM-VOL,Implied Vol (Realized Proxy),0.21870525243447772
2024-10-15,XOM-VOL,Implied Vol (Realized Proxy),0.2486119360310587
2024-10-16,XOM-VOL,Implied Vol (Realized Proxy),0.24602493577249984
2024-10-17,XOM-VOL,Implied Vol (Realized Proxy),0.246652618467017
2024-10-18,XOM-VOL,Implied Vol (Realized Proxy),0.24450395244415712
2024-10-21,XOM-VOL,Implied Vol (Realized Proxy),0.24284672759649253
2024-10-22,XOM-VOL,Implied Vol (Realized Proxy),0.23615808177610992
2024-10-23,XOM-VOL,Implied Vol (Realized Proxy),0.23637594203516618
2024-10-24,XOM-VOL,Implied Vol (Realized Proxy),0.22545393803835176
2024-10-25,XOM-VOL,Implied Vol (Realized Proxy),0.21467399810875026
2024-10-28,XOM-VOL,Implied Vol (Realized Proxy),0.19793060042726573
2024-10-29,XOM-VOL,Implied Vol (Realized Proxy),0.20035458753246016
2024-10-30,XOM-VOL,Implied Vol (Realized Proxy),0.18284016585111626
2024-10-31,XOM-VOL,Implied Vol (Realized Proxy),0.17536419378214438
2024-11-01,XOM-VOL,Implied Vol (Realized Proxy),0.17724889084544995
2024-11-04,XOM-VOL,Implied Vol (Realized Proxy),0.20133994004240904
2024-11-05,XOM-VOL,Implied Vol (Realized Proxy),0.20081641204987055
2024-11-06,XOM-VOL,Implied Vol (Realized Proxy),0.19091175496304333
2024-11-07,XOM-VOL,Implied Vol (Realized Proxy),0.19097808480434003
2024-11-08,XOM-VOL,Implied Vol (Realized Proxy),0.18820218311078463
2024-11-11,XOM-VOL,Implied Vol (Realized Proxy),0.18804116251337896
2024-11-12,XOM-VOL,Implied Vol (Realized Proxy),0.18715980292168627
2024-11-13,XOM-VOL,Implied Vol (Realized Proxy),0.15773103551267567
2024-11-14,XOM-VOL,Implied Vol (Realized Proxy),0.159872636710119
2024-11-15,XOM-VOL,Implied Vol (Realized Proxy),0.1637063980942828
2024-11-18,XOM-VOL,Implied Vol (Realized Proxy),0.16618719146118746
2024-11-19,XOM-VOL,Implied Vol (Realized Proxy),0.17326489915581586
2024-11-20,XOM-VOL,Implied Vol (Realized Proxy),0.17969511828292595
2024-11-21,XOM-VOL,Implied Vol (Realized Proxy),0.18506563039053361
2024-11-22,XOM-VOL,Implied Vol (Realized Proxy),0.18377760461727788
2024-11-25,XOM-VOL,Implied Vol (Realized Proxy),0.1918633298054508
2024-11-26,XOM-VOL,Implied Vol (Realized Proxy),0.2000912411337295
2024-11-27,XOM-VOL,Implied Vol (Realized Proxy),0.19437885880132666
2024-11-29,XOM-VOL,Implied Vol (Realized Proxy),0.19359837391671
2024-12-02,XOM-VOL,Implied Vol (Realized Proxy),0.19366001099462313
2024-12-03,XOM-VOL,Implied Vol (Realized Proxy),0.18469454715570854
2024-12-04,XOM-VOL,Implied Vol (Realized Proxy),0.17888300418867673
2024-12-05,XOM-VOL,Implied Vol (Realized Proxy),0.17942131739624903
2024-12-06,XOM-VOL,Implied Vol (Realized Proxy),0.1682930051669319
2024-12-09,XOM-VOL,Implied Vol (Realized Proxy),0.16783750439873701
2024-12-10,XOM-VOL,Implied Vol (Realized Proxy),0.16755315158148718
2024-12-11,XOM-VOL,Implied Vol (Realized Proxy),0.16781412313574792
2024-12-12,XOM-VOL,Implied Vol (Realized Proxy),0.16783385269194012
2024-12-13,XOM-VOL,Implied Vol (Realized Proxy),0.16209212031163991
2024-12-16,XOM-VOL,Implied Vol (Realized Proxy),0.17256759756848813
2024-12-17,XOM-VOL,Implied Vol (Realized Proxy),0.17145940144078498
2024-12-18,XOM-VOL,Implied Vol (Realized Proxy),0.16793481350209383
2024-12-19,XOM-VOL,Implied Vol (Realized Proxy),0.16561296741710752
2024-12-20,XOM-VOL,Implied Vol (Realized Proxy),0.15320911863028414
2024-12-23,XOM-VOL,Implied Vol (Realized Proxy),0.1413653239897482
2024-12-24,XOM-VOL,Implied Vol (Realized Proxy),0.14254807875155176
2024-12-26,XOM-VOL,Implied Vol (Realized Proxy),0.14106282309501678
2024-12-27,XOM-VOL,Implied Vol (Realized Proxy),0.1362394811277328
2024-12-30,XOM-VOL,Implied Vol (Realized Proxy),0.1361355112846222
2024-12-31,XOM-VOL,Implied Vol (Realized Proxy),0.15427285095921683
2025-01-02,XOM-VOL,Implied Vol (Realized Proxy),0.1539385511446828
2025-01-03,XOM-VOL,Implied Vol (Realized Proxy),0.1572167408678836
2025-01-06,XOM-VOL,Implied Vol (Realized Proxy),0.1281734791758813
2025-01-07,XOM-VOL,Implied Vol (Realized Proxy),0.13274644290999435
2025-01-08,XOM-VOL,Implied Vol (Realized Proxy),0.13915874099455638
2025-01-10,XOM-VOL,Implied Vol (Realized Proxy),0.13875440192598
2025-01-13,XOM-VOL,Implied Vol (Realized Proxy),0.16983531026515006
2025-01-14,XOM-VOL,Implied Vol (Realized Proxy),0.16969506524906433
2025-01-15,XOM-VOL,Implied Vol (Realized Proxy),0.1797716611250857
2025-01-16,XOM-VOL,Implied Vol (Realized Proxy),0.17712018883181674
2025-01-17,XOM-VOL,Implied Vol (Realized Proxy),0.16054370843506113
2025-01-21,XOM-VOL,Implied Vol (Realized Proxy),0.16250278931998652
2025-01-22,XOM-VOL,Implied Vol (Realized Proxy),0.16618840807682417
2025-01-23,XOM-VOL,Implied Vol (Realized Proxy),0.16271849251173512
2025-01-24,XOM-VOL,Implied Vol (Realized Proxy),0.1713872748449543
2025-01-27,XOM-VOL,Implied Vol (Realized Proxy),0.1766497962247535
2025-01-28,XOM-VOL,Implied Vol (Realized Proxy),0.19137231336107138
2025-01-29,XOM-VOL,Implied Vol (Realized Proxy),0.192182945406141
2025-01-30,XOM-VOL,Implied Vol (Realized Proxy),0.19376974757969992
2025-01-31,XOM-VOL,Implied Vol (Realized Proxy),0.21325535463799275
2025-02-03,XOM-VOL,Implied Vol (Realized Proxy),0.2048726225192426
2025-02-04,XOM-VOL,Implied Vol (Realized Proxy),0.22442590704159568
2025-02-05,XOM-VOL,Implied Vol (Realized Proxy),0.22404208161136638
2025-02-06,XOM-VOL,Implied Vol (Realized Proxy),0.22931380123361295
2025-02-07,XOM-VOL,Implied Vol (Realized Proxy),0.22745789238707442
2025-02-10,XOM-VOL,Implied Vol (Realized Proxy),0.2276731745086131
2025-02-11,XOM-VOL,Implied Vol (Realized Proxy),0.22729565322371612
2025-02-12,XOM-VOL,Implied Vol (Realized Proxy),0.2534317073525277
2025-02-13,XOM-VOL,Implied Vol (Realized Proxy),0.25447664626743827
2025-02-14,XOM-VOL,Implied Vol (Realized Proxy),0.2471195624487412
2025-02-18,XOM-VOL,Implied Vol (Realized Proxy),0.255558528179824
2025-02-19,XOM-VOL,Implied Vol (Realized Proxy),0.2533762596008203
2025-02-20,XOM-VOL,Implied Vol (Realized Proxy),0.25807774217514357
2025-02-21,XOM-VOL,Implied Vol (Realized Proxy),0.2537936568330487
2025-02-24,XOM-VOL,Implied Vol (Realized Proxy),0.2536909240423807
2025-02-25,XOM-VOL,Implied Vol (Realized Proxy),0.2539155738496686
2025-02-26,XOM-VOL,Implied Vol (Realized Proxy),0.24936377595925538
2025-02-27,XOM-VOL,Implied Vol (Realized Proxy),0.24016237082632527
2025-02-28,XOM-VOL,Implied Vol (Realized Proxy),0.24198396279902676
2025-03-03,XOM-VOL,Implied Vol (Realized Proxy),0.266960491852984
2025-03-04,XOM-VOL,Implied Vol (Realized Proxy),0.2517532883098279
2025-03-05,XOM-VOL,Implied Vol (Realized Proxy),0.26093522869592145
2025-03-06,XOM-VOL,Implied Vol (Realized Proxy),0.25380698837183296
2025-03-07,XOM-VOL,Implied Vol (Realized Proxy),0.2583732043537813
2025-03-10,XOM-VOL,Implied Vol (Realized Proxy),0.26832294924384587
2025-03-11,XOM-VOL,Implied Vol (Realized Proxy),0.2820020082830406
2025-03-12,XOM-VOL,Implied Vol (Realized Proxy),0.2735888057696346
2025-03-13,XOM-VOL,Implied Vol (Realized Proxy),0.2725806513008086
2025-03-14,XOM-VOL,Implied Vol (Realized Proxy),0.2547701157651855
2025-03-17,XOM-VOL,Implied Vol (Realized Proxy),0.25915212847212676
2025-03-18,XOM-VOL,Implied Vol (Realized Proxy),0.25939250812020204
2025-03-19,XOM-VOL,Implied Vol (Realized Proxy),0.2580509932571755
2025-03-20,XOM-VOL,Implied Vol (Realized Proxy),0.25812607924969444
2025-03-21,XOM-VOL,Implied Vol (Realized Proxy),0.2544317724070686
2025-03-24,XOM-VOL,Implied Vol (Realized Proxy),0.24984440799643154
2025-03-25,XOM-VOL,Implied Vol (Realized Proxy),0.25014768509535795
2025-03-26,XOM-VOL,Implied Vol (Realized Proxy),0.24625995321922264
2025-03-27,XOM-VOL,Implied Vol (Realized Proxy),0.24650657646271878
2025-03-28,XOM-VOL,Implied Vol (Realized Proxy),0.24685324804518669
2025-03-31,XOM-VOL,Implied Vol (Realized Proxy),0.2466629998504403
2025-04-01,XOM-VOL,Implied Vol (Realized Proxy),0.2100928499944521
2025-04-02,XOM-VOL,Implied Vol (Realized Proxy),0.21056010122342386
2025-04-03,XOM-VOL,Implied Vol (Realized Proxy),0.282038255141084
2025-04-04,XOM-VOL,Implied Vol (Realized Proxy),0.3826619143528493
2025-04-07,XOM-VOL,Implied Vol (Realized Proxy),0.3810820325617827
2025-04-08,XOM-VOL,Implied Vol (Realized Proxy),0.3720972868386171
2025-04-09,XOM-VOL,Implied Vol (Realized Proxy),0.40870955582613777
2025-04-10,XOM-VOL,Implied Vol (Realized Proxy),0.45169514008117506
2025-04-11,XOM-VOL,Implied Vol (Realized Proxy),0.46841908788232284
2025-04-14,XOM-VOL,Implied Vol (Realized Proxy),0.4544927262952392
2025-04-15,XOM-VOL,Implied Vol (Realized Proxy),0.44853548129508186
2025-04-16,XOM-VOL,Implied Vol (Realized Proxy),0.4514970929863023
2025-04-17,XOM-VOL,Implied Vol (Realized Proxy),0.4585722087771856
2025-04-21,XOM-VOL,Implied Vol (Realized Proxy),0.4591920902898254
2025-04-22,XOM-VOL,Implied Vol (Realized Proxy),0.47254239319051144
2025-04-23,XOM-VOL,Implied Vol (Realized Proxy),0.47244756506616453
2025-04-24,XOM-VOL,Implied Vol (Realized Proxy),0.47409555256788316
2025-04-25,XOM-VOL,Implied Vol (Realized Proxy),0.4698915457992671
2025-04-28,XOM-VOL,Implied Vol (Realized Proxy),0.4701596455742667
2025-04-29,XOM-VOL,Implied Vol (Realized Proxy),0.47009907847670307
2025-04-30,XOM-VOL,Implied Vol (Realized Proxy),0.4728525458181785
2025-05-01,XOM-VOL,Implied Vol (Realized Proxy),0.4729422477060994
2025-05-02,XOM-VOL,Implied Vol (Realized Proxy),0.4740726533323327
2025-05-05,XOM-VOL,Implied Vol (Realized Proxy),0.4482860848091669
2025-05-06,XOM-VOL,Implied Vol (Realized Proxy),0.3707268239922294
2025-05-07,XOM-VOL,Implied Vol (Realized Proxy),0.36742725481032623
2025-05-08,XOM-VOL,Implied Vol (Realized Proxy),0.36094690147264286
2025-05-09,XOM-VOL,Implied Vol (Realized Proxy),0.321784500177301
2025-05-12,XOM-VOL,Implied Vol (Realized Proxy),0.24821548781921302
2025-05-13,XOM-VOL,Implied Vol (Realized Proxy),0.22731234335477776
2025-05-14,XOM-VOL,Implied Vol (Realized Proxy),0.23098173429831384
2025-05-15,XOM-VOL,Implied Vol (Realized Proxy),0.23030496887025745
2025-05-16,XOM-VOL,Implied Vol (Realized Proxy),0.22927617879069329
2025-05-19,XOM-VOL,Implied Vol (Realized Proxy),0.21957965879571514
2025-05-20,XOM-VOL,Implied Vol (Realized Proxy),0.2192378346956056
2025-05-21,XOM-VOL,Implied Vol (Realized Proxy),0.19809259798526196
2025-05-22,XOM-VOL,Implied Vol (Realized Proxy),0.1973967621357666
2025-05-23,XOM-VOL,Implied Vol (Realized Proxy),0.19137517335826346
2025-05-27,XOM-VOL,Implied Vol (Realized Proxy),0.19293483231064443
2025-05-28,XOM-VOL,Implied Vol (Realized Proxy),0.19660170346625763
2025-05-29,XOM-VOL,Implied Vol (Realized Proxy),0.1988569873369823
2025-05-30,XOM-VOL,Implied Vol (Realized Proxy),0.1806657233270065
2025-06-02,XOM-VOL,Implied Vol (Realized Proxy),0.18300953641075593
2025-06-03,XOM-VOL,Implied Vol (Realized Proxy),0.1845042945823188
2025-06-04,XOM-VOL,Implied Vol (Realized Proxy),0.16445491323198233
2025-06-05,XOM-VOL,Implied Vol (Realized Proxy),0.1564709717222142
2025-06-06,XOM-VOL,Implied Vol (Realized Proxy),0.17887620510416508
2025-06-09,XOM-VOL,Implied Vol (Realized Proxy),0.17344004882851094
2025-06-10,XOM-VOL,Implied Vol (Realized Proxy),0.18469298773141
2025-06-11,XOM-VOL,Implied Vol (Realized Proxy),0.1874174746921668
2025-06-12,XOM-VOL,Implied Vol (Realized Proxy),0.18765181775042689
2025-06-13,XOM-VOL,Implied Vol (Realized Proxy),0.1984792271810693
2025-06-16,XOM-VOL,Implied Vol (Realized Proxy),0.19854266762846035
2025-06-17,XOM-VOL,Implied Vol (Realized Proxy),0.2015729699057158
2025-06-18,XOM-VOL,Implied Vol (Realized Proxy),0.19346967649284078
2025-06-20,XOM-VOL,Implied Vol (Realized Proxy),0.18587794943980587
2025-06-23,XOM-VOL,Implied Vol (Realized Proxy),0.20637639664036478
2025-06-24,XOM-VOL,Implied Vol (Realized Proxy),0.23641001945544776
2025-06-25,XOM-VOL,Implied Vol (Realized Proxy),0.2364423259779571
2025-06-26,XOM-VOL,Implied Vol (Realized Proxy),0.24025464948044603
2025-06-27,XOM-VOL,Implied Vol (Realized Proxy),0.23475357769514757
2025-06-30,XOM-VOL,Implied Vol (Realized Proxy),0.24247838810377378
2025-07-01,XOM-VOL,Implied Vol (Realized Proxy),0.2442580866119142
2025-07-02,XOM-VOL,Implied Vol (Realized Proxy),0.24824052620051026
2025-07-03,XOM-VOL,Implied Vol (Realized Proxy),0.24903579609677187
2025-07-07,XOM-VOL,Implied Vol (Realized Proxy),0.24512937280480046
2025-07-08,XOM-VOL,Implied Vol (Realized Proxy),0.2558554315952859
2025-07-09,XOM-VOL,Implied Vol (Realized Proxy),0.2486556116720444
2025-07-10,XOM-VOL,Implied Vol (Realized Proxy),0.24930858593667102
2025-07-11,XOM-VOL,Implied Vol (Realized Proxy),0.2416380927213809
2025-07-14,XOM-VOL,Implied Vol (Realized Proxy),0.24108145361110334
2025-07-15,XOM-VOL,Implied Vol (Realized Proxy),0.24386135217705798
2025-07-16,XOM-VOL,Implied Vol (Realized Proxy),0.23359676149357142
2025-07-17,XOM-VOL,Implied Vol (Realized Proxy),0.23395104076306777
2025-07-18,XOM-VOL,Implied Vol (Realized Proxy),0.2577648519357437
2025-07-21,XOM-VOL,Implied Vol (Realized Proxy),0.25784883985741996
2025-07-22,XOM-VOL,Implied Vol (Realized Proxy),0.2529797468445365
2025-07-23,XOM-VOL,Implied Vol (Realized Proxy),0.24309311013653034
2025-07-24,XOM-VOL,Implied Vol (Realized Proxy),0.21837704392793597
2025-07-25,XOM-VOL,Implied Vol (Realized Proxy),0.2189466448215807
2025-07-28,XOM-VOL,Implied Vol (Realized Proxy),0.21534842514119662
2025-07-29,XOM-VOL,Implied Vol (Realized Proxy),0.21810517889797892
2025-07-30,XOM-VOL,Implied Vol (Realized Proxy),0.21358726428394748
2025-07-31,XOM-VOL,Implied Vol (Realized Proxy),0.20981354252167908
2025-08-01,XOM-VOL,Implied Vol (Realized Proxy),0.21194790540831265
2025-08-04,XOM-VOL,Implied Vol (Realized Proxy),0.21917097530108673
2025-08-05,XOM-VOL,Implied Vol (Realized Proxy),0.21739650529658652
2025-08-06,XOM-VOL,Implied Vol (Realized Proxy),0.19045814749290138
2025-08-07,XOM-VOL,Implied Vol (Realized Proxy),0.19057892303635487
2025-08-08,XOM-VOL,Implied Vol (Realized Proxy),0.18902509466593595
2025-08-11,XOM-VOL,Implied Vol (Realized Proxy),0.1877437751050259
2025-08-12,XOM-VOL,Implied Vol (Realized Proxy),0.18621857396203678
2025-08-13,XOM-VOL,Implied Vol (Realized Proxy),0.19411436096935905
2025-08-14,XOM-VOL,Implied Vol (Realized Proxy),0.19363545894769477
2025-08-15,XOM-VOL,Implied Vol (Realized Proxy),0.19458487023121787
2025-08-18,XOM-VOL,Implied Vol (Realized Proxy),0.15287299310568891
2025-08-19,XOM-VOL,Implied Vol (Realized Proxy),0.1544696336756104
2025-08-20,XOM-VOL,Implied Vol (Realized Proxy),0.15797164018999452
2025-08-21,XOM-VOL,Implied Vol (Realized Proxy),0.1530068587587865
2025-08-22,XOM-VOL,Implied Vol (Realized Proxy),0.16436214007952102
2025-08-25,XOM-VOL,Implied Vol (Realized Proxy),0.16430762795238749
2025-08-26,XOM-VOL,Implied Vol (Realized Proxy),0.16136825881782438
2025-08-27,XOM-VOL,Implied Vol (Realized Proxy),0.1598542859785458
2025-08-28,XOM-VOL,Implied Vol (Realized Proxy),0.15764405263551984
2025-08-29,XOM-VOL,Implied Vol (Realized Proxy),0.1594117552681563
2025-09-02,XOM-VOL,Implied Vol (Realized Proxy),0.14339458119888782
2025-09-03,XOM-VOL,Implied Vol (Realized Proxy),0.1510662666586438
2025-09-04,XOM-VOL,Implied Vol (Realized Proxy),0.15082111224002548
2025-09-05,XOM-VOL,Implied Vol (Realized Proxy),0.18279746248958584
2025-09-08,XOM-VOL,Implied Vol (Realized Proxy),0.18184034151002776
2025-09-09,XOM-VOL,Implied Vol (Realized Proxy),0.18153885381934995
2025-09-10,XOM-VOL,Implied Vol (Realized Proxy),0.18407280151480912
2025-09-11,XOM-VOL,Implied Vol (Realized Proxy),0.18528923446083473
2025-09-12,XOM-VOL,Implied Vol (Realized Proxy),0.180928532695964
2025-09-15,XOM-VOL,Implied Vol (Realized Proxy),0.18034360843350608
2025-09-16,XOM-VOL,Implied Vol (Realized Proxy),0.18679992614901825
2025-09-17,XOM-VOL,Implied Vol (Realized Proxy),0.18682710771643052
2025-09-18,XOM-VOL,Implied Vol (Realized Proxy),0.19401734155179526
2025-09-19,XOM-VOL,Implied Vol (Realized Proxy),0.19670868625640917
2025-09-22,XOM-VOL,Implied Vol (Realized Proxy),0.19832201334209562
2025-09-23,XOM-VOL,Implied Vol (Realized Proxy),0.19671446842684795
2025-09-24,XOM-VOL,Implied Vol (Realized Proxy),0.1969921396240811
2025-09-25,XOM-VOL,Implied Vol (Realized Proxy),0.198348969216072
2025-09-26,XOM-VOL,Implied Vol (Realized Proxy),0.20024305019189817
2025-09-29,XOM-VOL,Implied Vol (Realized Proxy),0.22154796322353093
2025-09-30,XOM-VOL,Implied Vol (Realized Proxy),0.22419395175699106
2025-10-01,XOM-VOL,Implied Vol (Realized Proxy),0.22462277841611492
2025-10-02,XOM-VOL,Implied Vol (Realized Proxy),0.2090125206403267
2025-10-03,XOM-VOL,Implied Vol (Realized Proxy),0.2175057389562809
2025-10-06,XOM-VOL,Implied Vol (Realized Proxy),0.19158355708828234
2025-10-07,XOM-VOL,Implied Vol (Realized Proxy),0.19121305750139095
2025-10-08,XOM-VOL,Implied Vol (Realized Proxy),0.19064156226115508
2025-10-09,XOM-VOL,Implied Vol (Realized Proxy),0.18605915466731043
2025-10-10,XOM-VOL,Implied Vol (Realized Proxy),0.19796401034040573
2025-10-13,XOM-VOL,Implied Vol (Realized Proxy),0.20395256251575042
2025-10-14,XOM-VOL,Implied Vol (Realized Proxy),0.20387051409848184
2025-10-15,XOM-VOL,Implied Vol (Realized Proxy),0.19046659800256652
2025-10-16,XOM-VOL,Implied Vol (Realized Proxy),0.19054612008192215
2025-10-17,XOM-VOL,Implied Vol (Realized Proxy),0.19497159634977257
2025-10-20,XOM-VOL,Implied Vol (Realized Proxy),0.19274397482226785
2025-10-21,XOM-VOL,Implied Vol (Realized Proxy),0.1910243974173066
2025-10-22,XOM-VOL,Implied Vol (Realized Proxy),0.19159279625956477
2025-10-23,XOM-VOL,Implied Vol (Realized Proxy),0.19445215166689747
2025-10-24,XOM-VOL,Implied Vol (Realized Proxy),0.19292272621379006
2025-10-27,XOM-VOL,Implied Vol (Realized Proxy),0.18698356506920602
2025-10-28,XOM-VOL,Implied Vol (Realized Proxy),0.1652826143434717
2025-10-29,XOM-VOL,Implied Vol (Realized Proxy),0.1628043095190073
2025-10-30,XOM-VOL,Implied Vol (Realized Proxy),0.17069316056951384
2025-10-31,XOM-VOL,Implied Vol (Realized Proxy),0.16923841684838298
2025-11-03,XOM-VOL,Implied Vol (Realized Proxy),0.1598236558886815
2025-11-04,XOM-VOL,Implied Vol (Realized Proxy),0.1575894974692437
2025-11-05,XOM-VOL,Implied Vol (Realized Proxy),0.158180516101777
2025-11-06,XOM-VOL,Implied Vol (Realized Proxy),0.16006624818339563
2025-11-07,XOM-VOL,Implied Vol (Realized Proxy),0.17472571003625992
2025-11-10,XOM-VOL,Implied Vol (Realized Proxy),0.15786261785101482
2025-11-11,XOM-VOL,Implied Vol (Realized Proxy),0.1575072203420147
2025-11-12,XOM-VOL,Implied Vol (Realized Proxy),0.16810456334297977
2025-11-13,XOM-VOL,Implied Vol (Realized Proxy),0.16553642543885455
2025-11-14,XOM-VOL,Implied Vol (Realized Proxy),0.15999041032178257
2025-11-17,XOM-VOL,Implied Vol (Realized Proxy),0.16547463639044832
2025-11-18,XOM-VOL,Implied Vol (Realized Proxy),0.168412518188567
2025-11-19,XOM-VOL,Implied Vol (Realized Proxy),0.17811171101373516
2025-11-20,XOM-VOL,Implied Vol (Realized Proxy),0.16930327055239164
2025-11-21,XOM-VOL,Implied Vol (Realized Proxy),0.1653009721064153
2025-11-24,XOM-VOL,Implied Vol (Realized Proxy),0.16786428979085993
2025-11-25,XOM-VOL,Implied Vol (Realized Proxy),0.17273867102016024
2025-11-26,XOM-VOL,Implied Vol (Realized Proxy),0.1709105973598237
2025-11-28,XOM-VOL,Implied Vol (Realized Proxy),0.16898773525925495
2025-12-01,XOM-VOL,Implied Vol (Realized Proxy),0.16108402883418962
2025-12-02,XOM-VOL,Implied Vol (Realized Proxy),0.16561387563280588
2025-12-03,XOM-VOL,Implied Vol (Realized Proxy),0.1783950927089747
2025-12-04,XOM-VOL,Implied Vol (Realized Proxy),0.18002576732792186
2025-12-05,XOM-VOL,Implied Vol (Realized Proxy),0.18047021536039373
2025-12-08,XOM-VOL,Implied Vol (Realized Proxy),0.18022876776323066
2025-12-09,XOM-VOL,Implied Vol (Realized Proxy),0.17413858465557636
2025-12-10,XOM-VOL,Implied Vol (Realized Proxy),0.17569937230144989
2025-12-11,XOM-VOL,Implied Vol (Realized Proxy),0.1696361926500639
2025-12-12,XOM-VOL,Implied Vol (Realized Proxy),0.16359644993886188
2025-12-15,XOM-VOL,Implied Vol (Realized Proxy),0.1653720987589801
2025-12-16,XOM-VOL,Implied Vol (Realized Proxy),0.18732201524266257
2025-12-17,XOM-VOL,Implied Vol (Realized Proxy),0.20165775527229304
2025-12-18,XOM-VOL,Implied Vol (Realized Proxy),0.19864161226170207
2025-12-19,XOM-VOL,Implied Vol (Realized Proxy),0.1928276686466256
2025-12-22,XOM-VOL,Implied Vol (Realized Proxy),0.19746980170113615
2025-12-23,XOM-VOL,Implied Vol (Realized Proxy),0.2006284702513467
2025-12-24,XOM-VOL,Implied Vol (Realized Proxy),0.1972826276674909
2025-12-26,XOM-VOL,Implied Vol (Realized Proxy),0.19088304343293624
2025-12-29,XOM-VOL,Implied Vol (Realized Proxy),0.19399274973330144
2025-12-30,XOM-VOL,Implied Vol (Realized Proxy),0.19210094805190314
2025-12-31,XOM-VOL,Implied Vol (Realized Proxy),0.19315727424594667
2026-01-02,XOM-VOL,Implied Vol (Realized Proxy),0.1968503701110386
2026-01-05,XOM-VOL,Implied Vol (Realized Proxy),0.1981366856845073
2026-01-06,XOM-VOL,Implied Vol (Realized Proxy),0.23655341510472463
2026-01-07,XOM-VOL,Implied Vol (Realized Proxy),0.24872430437699383
2026-01-08,XOM-VOL,Implied Vol (Realized Proxy),0.2767965272811392
2026-01-09,XOM-VOL,Implied Vol (Realized Proxy),0.2731922195907942
2026-01-12,XOM-VOL,Implied Vol (Realized Proxy),0.27249931516207304
2026-01-13,XOM-VOL,Implied Vol (Realized Proxy),0.27961796951525214
2026-01-14,XOM-VOL,Implied Vol (Realized Proxy),0.29136591596430683
2026-01-15,XOM-VOL,Implied Vol (Realized Proxy),0.29096768302650483
2026-01-16,XOM-VOL,Implied Vol (Realized Proxy),0.2683962468064154
2026-01-20,XOM-VOL,Implied Vol (Realized Proxy),0.26066406689973454
2026-01-21,XOM-VOL,Implied Vol (Realized Proxy),0.2643391791200766
2026-01-22,XOM-VOL,Implied Vol (Realized Proxy),0.26462894389986547
2026-01-23,XOM-VOL,Implied Vol (Realized Proxy),0.26405339640822684
2026-01-26,XOM-VOL,Implied Vol (Realized Proxy),0.2647179993552353
2026-01-27,XOM-VOL,Implied Vol (Realized Proxy),0.2649630295015979
2026-01-28,XOM-VOL,Implied Vol (Realized Proxy),0.2636102407302245
2026-01-29,XOM-VOL,Implied Vol (Realized Proxy),0.267711943512651
2026-01-30,XOM-VOL,Implied Vol (Realized Proxy),0.2674404383035089
2026-02-02,XOM-VOL,Implied Vol (Realized Proxy),0.2824929993123528
2026-02-03,XOM-VOL,Implied Vol (Realized Proxy),0.299796257143436
2026-02-04,XOM-VOL,Implied Vol (Realized Proxy),0.3030044683765313
2026-02-05,XOM-VOL,Implied Vol (Realized Proxy),0.2692887300303601
2026-02-06,XOM-VOL,Implied Vol (Realized Proxy),0.24793130055281057
2026-02-09,XOM-VOL,Implied Vol (Realized Proxy),0.23022526096659673
2026-02-10,XOM-VOL,Implied Vol (Realized Proxy),0.23113100401894052
2026-02-11,XOM-VOL,Implied Vol (Realized Proxy),0.23201737647309723
2026-02-12,XOM-VOL,Implied Vol (Realized Proxy),0.28181434488376345
2026-02-13,XOM-VOL,Implied Vol (Realized Proxy),0.2781216110959354
2026-02-17,XOM-VOL,Implied Vol (Realized Proxy),0.2838040395752812
2026-02-18,XOM-VOL,Implied Vol (Realized Proxy),0.29606428557065906
2026-02-19,XOM-VOL,Implied Vol (Realized Proxy),0.2964675432675404
2026-02-20,XOM-VOL,Implied Vol (Realized Proxy),0.3090876991918681
2026-02-23,XOM-VOL,Implied Vol (Realized Proxy),0.31524895355444743
2026-02-24,XOM-VOL,Implied Vol (Realized Proxy),0.3194483685979749
2026-02-25,XOM-VOL,Implied Vol (Realized Proxy),0.31953665140044274
2026-02-26,XOM-VOL,Implied Vol (Realized Proxy),0.3186513364643228
2026-02-27,XOM-VOL,Implied Vol (Realized Proxy),0.3279782408138485
2026-03-02,XOM-VOL,Implied Vol (Realized Proxy),0.32360306416881013
2026-03-03,XOM-VOL,Implied Vol (Realized Proxy),0.33083535741340725
2026-03-04,XOM-VOL,Implied Vol (Realized Proxy),0.32428783963648555
2026-03-05,XOM-VOL,Implied Vol (Realized Proxy),0.30011113426659053
2026-03-06,XOM-VOL,Implied Vol (Realized Proxy),0.286958320314454
2026-03-09,XOM-VOL,Implied Vol (Realized Proxy),0.28491105638400427
2026-03-10,XOM-VOL,Implied Vol (Realized Proxy),0.2821043738023038
2026-03-11,XOM-VOL,Implied Vol (Realized Proxy),0.2892626254022548
2026-03-12,XOM-VOL,Implied Vol (Realized Proxy),0.2925043138400824
2026-03-13,XOM-VOL,Implied Vol (Realized Proxy),0.28417131950102376
2026-03-16,XOM-VOL,Implied Vol (Realized Proxy),0.25082964253919204
2026-03-17,XOM-VOL,Implied Vol (Realized Proxy),0.24811445805069238
2026-03-18,XOM-VOL,Implied Vol (Realized Proxy),0.24226480135730086
2026-03-19,XOM-VOL,Implied Vol (Realized Proxy),0.2220371381488014
2026-03-20,XOM-VOL,Implied Vol (Realized Proxy),0.22341982867396618
2026-03-23,XOM-VOL,Implied Vol (Realized Proxy),0.20070295240415878
2026-03-24,XOM-VOL,Implied Vol (Realized Proxy),0.2040991073865411
2026-03-25,XOM-VOL,Implied Vol (Realized Proxy),0.20690890207333756
2026-03-26,XOM-VOL,Implied Vol (Realized Proxy),0.20807133831838723
2026-03-27,XOM-VOL,Implied Vol (Realized Proxy),0.22701685220797047
2026-03-30,XOM-VOL,Implied Vol (Realized Proxy),0.21575989047444055
2026-03-31,XOM-VOL,Implied Vol (Realized Proxy),0.22174623874605495
2026-04-01,XOM-VOL,Implied Vol (Realized Proxy),0.2932695546106985
2026-04-02,XOM-VOL,Implied Vol (Realized Proxy),0.2877462032678901
2026-04-06,XOM-VOL,Implied Vol (Realized Proxy),0.29124586750805015
2026-04-07,XOM-VOL,Implied Vol (Realized Proxy),0.29123629596566225
2026-04-08,XOM-VOL,Implied Vol (Realized Proxy),0.341516369229161
2026-04-09,XOM-VOL,Implied Vol (Realized Proxy),0.3375594279412111
2026-04-10,XOM-VOL,Implied Vol (Realized Proxy),0.3345191822133359
2026-04-13,XOM-VOL,Implied Vol (Realized Proxy),0.3314448347455574
2026-04-14,XOM-VOL,Implied Vol (Realized Proxy),0.33395323162848456
2026-04-15,XOM-VOL,Implied Vol (Realized Proxy),0.3322815887045051
2026-04-16,XOM-VOL,Implied Vol (Realized Proxy),0.3385697004476633
2026-04-17,XOM-VOL,Implied Vol (Realized Proxy),0.35941958228055343
2026-04-20,XOM-VOL,Implied Vol (Realized Proxy),0.3610050178829576
2026-04-21,XOM-VOL,Implied Vol (Realized Proxy),0.3592139898371294
2026-04-22,XOM-VOL,Implied Vol (Realized Proxy),0.3586086084732075
2026-04-23,XOM-VOL,Implied Vol (Realized Proxy),0.3445436645432356
2026-04-24,XOM-VOL,Implied Vol (Realized Proxy),0.34397755173759137
2026-04-27,XOM-VOL,Implied Vol (Realized Proxy),0.33798135085548375
2026-04-28,XOM-VOL,Implied Vol (Realized Proxy),0.3180989583591113
2026-04-29,XOM-VOL,Implied Vol (Realized Proxy),0.33698990737090656
2026-04-30,XOM-VOL,Implied Vol (Realized Proxy),0.3364560052833475
2026-05-01,XOM-VOL,Implied Vol (Realized Proxy),0.2862309166021084
2026-05-04,XOM-VOL,Implied Vol (Realized Proxy),0.287720607814524
2026-05-05,XOM-VOL,Implied Vol (Realized Proxy),0.28207619300273207
2026-05-06,XOM-VOL,Implied Vol (Realized Proxy),0.31048568557762696
2026-05-07,XOM-VOL,Implied Vol (Realized Proxy),0.2704546676807944
2026-05-08,XOM-VOL,Implied Vol (Realized Proxy),0.2726250947146631
2026-05-11,XOM-VOL,Implied Vol (Realized Proxy),0.29805899014017173
2026-05-12,XOM-VOL,Implied Vol (Realized Proxy),0.2990643047204675
2026-05-13,XOM-VOL,Implied Vol (Realized Proxy),0.28895465617548627
2026-05-14,XOM-VOL,Implied Vol (Realized Proxy),0.28988078839087933
2026-05-15,XOM-VOL,Implied Vol (Realized Proxy),0.3039932623520376
2026-05-18,XOM-VOL,Implied Vol (Realized Proxy),0.27233731574449915
2026-05-19,XOM-VOL,Implied Vol (Realized Proxy),0.2735598413109322
2026-05-20,XOM-VOL,Implied Vol (Realized Proxy),0.3129940730442117
2026-05-21,XOM-VOL,Implied Vol (Realized Proxy),0.3138350447580295
2026-05-22,XOM-VOL,Implied Vol (Realized Proxy),0.31359310382882316
2026-05-26,XOM-VOL,Implied Vol (Realized Proxy),0.33393785514926233
2026-05-27,XOM-VOL,Implied Vol (Realized Proxy),0.3366192559639354
2026-05-28,XOM-VOL,Implied Vol (Realized Proxy),0.33211993921004335
2026-05-29,XOM-VOL,Implied Vol (Realized Proxy),0.3175809049556715
2026-06-01,XOM-VOL,Implied Vol (Realized Proxy),0.33522961849419136
2026-06-02,XOM-VOL,Implied Vol (Realized Proxy),0.3338162261449116
2026-06-03,XOM-VOL,Implied Vol (Realized Proxy),0.3406813027689327
2026-06-04,XOM-VOL,Implied Vol (Realized Proxy),0.3395195860549188
2026-06-05,XOM-VOL,Implied Vol (Realized Proxy),0.3113865188782659
2026-06-08,XOM-VOL,Implied Vol (Realized Proxy),0.30913154589298797
2026-06-09,XOM-VOL,Implied Vol (Realized Proxy),0.31281518081142434
2026-06-10,XOM-VOL,Implied Vol (Realized Proxy),0.29119509037335295
2026-06-11,XOM-VOL,Implied Vol (Realized Proxy),0.30511219372390197
2026-06-12,XOM-VOL,Implied Vol (Realized Proxy),0.3042785917379257
2026-06-15,XOM-VOL,Implied Vol (Realized Proxy),0.3331436864484014
2026-06-16,XOM-VOL,Implied Vol (Realized Proxy),0.3078346786138074
2026-06-17,XOM-VOL,Implied Vol (Realized Proxy),0.29803518652483096
2026-06-18,XOM-VOL,Implied Vol (Realized Proxy),0.2938403169284666
2026-06-22,XOM-VOL,Implied Vol (Realized Proxy),0.27332379675269863
2026-06-23,XOM-VOL,Implied Vol (Realized Proxy),0.2780760166761099
2026-06-24,XOM-VOL,Implied Vol (Realized Proxy),0.2829196136608472
2026-06-25,XOM-VOL,Implied Vol (Realized Proxy),0.26636841740533973
2026-06-26,XOM-VOL,Implied Vol (Realized Proxy),0.26477091610485337
2026-06-29,XOM-VOL,Implied Vol (Realized Proxy),0.2646063733010401
2026-06-30,XOM-VOL,Implied Vol (Realized Proxy),0.2645117493952222
2026-07-01,XOM-VOL,Implied Vol (Realized Proxy),0.23956158324573074
2026-07-02,XOM-VOL,Implied Vol (Realized Proxy),0.24149667136742572
2026-07-06,XOM-VOL,Implied Vol (Realized Proxy),0.22544361739564173
2026-07-07,XOM-VOL,Implied Vol (Realized Proxy),0.2704261666597956
2026-07-08,XOM-VOL,Implied Vol (Realized Proxy),0.2676480792236663
2026-07-09,XOM-VOL,Implied Vol (Realized Proxy),0.2735867155763631
2026-07-10,XOM-VOL,Implied Vol (Realized Proxy),0.2731935672330422
2026-07-13,XOM-VOL,Implied Vol (Realized Proxy),0.3078600271054259
2026-07-14,XOM-VOL,Implied Vol (Realized Proxy),0.29448870547509
2026-07-15,XOM-VOL,Implied Vol (Realized Proxy),0.2944745997701835
2026-07-16,XOM-VOL,Implied Vol (Realized Proxy),0.2546344969649656
2026-07-17,XOM-VOL,Implied Vol (Realized Proxy),0.25557076867337575
2026-07-20,XOM-VOL,Implied Vol (Realized Proxy),0.25357668319175125
2026-07-21,XOM-VOL,Implied Vol (Realized Proxy),0.24725291826338744
2026-07-22,XOM-VOL,Implied Vol (Realized Proxy),0.25152915426880934
2026-07-23,XOM-VOL,Implied Vol (Realized Proxy),0.2538412274465507
2026-07-24,XOM-VOL,Implied Vol (Realized Proxy),0.2366727738850626
2026-07-27,XOM-VOL,Implied Vol (Realized Proxy),0.24703055346161942
2026-07-28,XOM-VOL,Implied Vol (Realized Proxy),0.24994145798998782
2026-07-29,XOM-VOL,Implied Vol (Realized Proxy),0.25559634923228064
2026-07-30,XOM-VOL,Implied Vol (Realized Proxy),0.2561950457291211
2026-07-31,XOM-VOL,Implied Vol (Realized Proxy),0.2603403212927416
2026-08-03,XOM-VOL,Implied Vol (Realized Proxy),0.2620875330600503
2026-08-04,XOM-VOL,Implied Vol (Realized Proxy),0.2634204485371833
2026-08-05,XOM-VOL,Implied Vol (Realized Proxy),0.2456762627843456
2026-08-06,XOM-VOL,Implied Vol (Realized Proxy),0.2515748489759671
2026-08-07,XOM-VOL,Implied Vol (Realized Proxy),0.23346494606933108
2026-08-10,XOM-VOL,Implied Vol (Realized Proxy),0.2678839636603515
2026-08-11,XOM-VOL,Implied Vol (Realized Proxy),0.2399950991378115
2026-08-12,XOM-VOL,Implied Vol (Realized Proxy),0.24063817178345792
2026-08-13,XOM-VOL,Implied Vol (Realized Proxy),0.2423002567977481
2026-08-14,XOM-VOL,Implied Vol (Realized Proxy),0.2421470163482289
2026-08-17,XOM-VOL,Implied Vol (Realized Proxy),0.24186675759175744
2026-08-18,XOM-VOL,Implied Vol (Realized Proxy),0.2522636238541774
2026-08-19,XOM-VOL,Implied Vol (Realized Proxy),0.2465171824625093
2026-08-20,XOM-VOL,Implied Vol (Realized Proxy),0.2418732782920179
2026-08-21,XOM-VOL,Implied Vol (Realized Proxy),0.23987132155174967
2026-08-24,XOM-VOL,Implied Vol (Realized Proxy),0.2417569925903295
2026-08-25,XOM-VOL,Implied Vol (Realized Proxy),0.24881665039363987
2026-08-26,XOM-VOL,Implied Vol (Realized Proxy),0.25192853692740713
2026-08-27,XOM-VOL,Implied Vol (Realized Proxy),0.2417705808245387
2026-08-28,XOM-VOL,Implied Vol (Realized Proxy),0.24179826183686612
2026-08-31,XOM-VOL,Implied Vol (Realized Proxy),0.2559519095440625
2026-09-01,XOM-VOL,Implied Vol (Realized Proxy),0.26497599337922534
2026-09-02,XOM-VOL,Implied Vol (Realized Proxy),0.26325110507597554
2026-09-03,XOM-VOL,Implied Vol (Realized Proxy),0.2605508337516498
