date,ticker,close
2024-09-04,AAPL,220.85000610351562
2024-09-05,AAPL,222.3800048828125
2024-09-06,AAPL,220.82000732421875
2024-09-09,AAPL,220.91000366210938
2024-09-10,AAPL,220.11000061035156
2024-09-11,AAPL,222.66000366210938
2024-09-12,AAPL,222.77000427246094
2024-09-13,AAPL,222.5
2024-09-16,AAPL,216.32000732421875
2024-09-17,AAPL,216.7899932861328
2024-09-18,AAPL,220.69000244140625
2024-09-19,AAPL,228.8699951171875
2024-09-20,AAPL,228.1999969482422
2024-09-23,AAPL,226.47000122070312
2024-09-24,AAPL,227.3699951171875
2024-09-25,AAPL,226.3699951171875
2024-09-26,AAPL,227.52000427246094
2024-09-27,AAPL,227.7899932861328
2024-09-30,AAPL,233.0
2024-10-01,AAPL,226.2100067138672
2024-10-02,AAPL,226.77999877929688
2024-10-03,AAPL,225.6699981689453
2024-10-04,AAPL,226.8000030517578
2024-10-07,AAPL,221.69000244140625
2024-10-08,AAPL,225.77000427246094
2024-10-09,AAPL,229.5399932861328
2024-10-10,AAPL,229.0399932861328
2024-10-11,AAPL,227.5500030517578
2024-10-14,AAPL,231.3000030517578
2024-10-15,AAPL,233.85000610351562
2024-10-16,AAPL,231.77999877929688
2024-10-17,AAPL,232.14999389648438
2024-10-18,AAPL,235.0
2024-10-21,AAPL,236.47999572753906
2024-10-22,AAPL,235.86000061035156
2024-10-23,AAPL,230.75999450683594
2024-10-24,AAPL,230.57000732421875
2024-10-25,AAPL,231.41000366210938
2024-10-28,AAPL,233.39999389648438
2024-10-29,AAPL,233.6699981689453
2024-10-30,AAPL,230.10000610351562
2024-10-31,AAPL,225.91000366210938
2024-11-01,AAPL,222.91000366210938
2024-11-04,AAPL,222.00999450683594
2024-11-05,AAPL,223.4499969482422
2024-11-06,AAPL,222.72000122070312
2024-11-07,AAPL,227.47999572753906
2024-11-08,AAPL,226.9600067138672
2024-11-11,AAPL,224.22999572753906
2024-11-12,AAPL,224.22999572753906
2024-11-13,AAPL,225.1199951171875
2024-11-14,AAPL,228.22000122070312
2024-11-15,AAPL,225.0
2024-11-18,AAPL,228.02000427246094
2024-11-19,AAPL,228.27999877929688
2024-11-20,AAPL,229.0
2024-11-21,AAPL,228.52000427246094
2024-11-22,AAPL,229.8699951171875
2024-11-25,AAPL,232.8699951171875
2024-11-26,AAPL,235.05999755859375
2024-11-27,AAPL,234.92999267578125
2024-11-29,AAPL,237.3300018310547
2024-12-02,AAPL,239.58999633789062
2024-12-03,AAPL,242.64999389648438
2024-12-04,AAPL,243.00999450683594
2024-12-05,AAPL,243.0399932861328
2024-12-06,AAPL,242.83999633789062
2024-12-09,AAPL,246.75
2024-12-10,AAPL,247.77000427246094
2024-12-11,AAPL,246.49000549316406
2024-12-12,AAPL,247.9600067138672
2024-12-13,AAPL,248.1300048828125
2024-12-16,AAPL,251.0399932861328
2024-12-17,AAPL,253.47999572753906
2024-12-18,AAPL,248.0500030517578
2024-12-19,AAPL,249.7899932861328
2024-12-20,AAPL,254.49000549316406
2024-12-23,AAPL,255.27000427246094
2024-12-24,AAPL,258.20001220703125
2024-12-26,AAPL,259.0199890136719
2024-12-27,AAPL,255.58999633789062
2024-12-30,AAPL,252.1999969482422
2024-12-31,AAPL,250.4199981689453
2025-01-02,AAPL,243.85000610351562
2025-01-03,AAPL,243.36000061035156
2025-01-06,AAPL,245.0
2025-01-07,AAPL,242.2100067138672
2025-01-08,AAPL,242.6999969482422
2025-01-10,AAPL,236.85000610351562
2025-01-13,AAPL,234.39999389648438
2025-01-14,AAPL,233.27999877929688
2025-01-15,AAPL,237.8699951171875
2025-01-16,AAPL,228.25999450683594
2025-01-17,AAPL,229.97999572753906
2025-01-21,AAPL,222.63999938964844
2025-01-22,AAPL,223.8300018310547
2025-01-23,AAPL,223.66000366210938
2025-01-24,AAPL,222.77999877929688
2025-01-27,AAPL,229.86000061035156
2025-01-28,AAPL,238.25999450683594
2025-01-29,AAPL,239.36000061035156
2025-01-30,AAPL,237.58999633789062
2025-01-31,AAPL,236.0
2025-02-03,AAPL,228.00999450683594
2025-02-04,AAPL,232.8000030517578
2025-02-05,AAPL,232.47000122070312
2025-02-06,AAPL,233.22000122070312
2025-02-07,AAPL,227.6300048828125
2025-02-10,AAPL,227.64999389648438
2025-02-11,AAPL,232.6199951171875
2025-02-12,AAPL,236.8699951171875
2025-02-13,AAPL,241.52999877929688
2025-02-14,AAPL,244.60000610351562
2025-02-18,AAPL,244.47000122070312
2025-02-19,AAPL,244.8699951171875
2025-02-20,AAPL,245.8300018310547
2025-02-21,AAPL,245.5500030517578
2025-02-24,AAPL,247.10000610351562
2025-02-25,AAPL,247.0399932861328
2025-02-26,AAPL,240.36000061035156
2025-02-27,AAPL,237.3000030517578
2025-02-28,AAPL,241.83999633789062
2025-03-03,AAPL,238.02999877929688
2025-03-04,AAPL,235.92999267578125
2025-03-05,AAPL,235.74000549316406
2025-03-06,AAPL,235.3300018310547
2025-03-07,AAPL,239.07000732421875
2025-03-10,AAPL,227.47999572753906
2025-03-11,AAPL,220.83999633789062
2025-03-12,AAPL,216.97999572753906
2025-03-13,AAPL,209.67999267578125
2025-03-14,AAPL,213.49000549316406
2025-03-17,AAPL,214.0
2025-03-18,AAPL,212.69000244140625
2025-03-19,AAPL,215.24000549316406
2025-03-20,AAPL,214.10000610351562
2025-03-21,AAPL,218.27000427246094
2025-03-24,AAPL,220.72999572753906
2025-03-25,AAPL,223.75
2025-03-26,AAPL,221.52999877929688
2025-03-27,AAPL,223.85000610351562
2025-03-28,AAPL,217.89999389648438
2025-03-31,AAPL,222.1300048828125
2025-04-01,AAPL,223.19000244140625
2025-04-02,AAPL,223.88999938964844
2025-04-03,AAPL,203.19000244140625
2025-04-04,AAPL,188.3800048828125
2025-04-07,AAPL,181.4600067138672
2025-04-08,AAPL,172.4199981689453
2025-04-09,AAPL,198.85000610351562
2025-04-10,AAPL,190.4199981689453
2025-04-11,AAPL,198.14999389648438
2025-04-14,AAPL,202.52000427246094
2025-04-15,AAPL,202.13999938964844
2025-04-16,AAPL,194.27000427246094
2025-04-17,AAPL,196.97999572753906
2025-04-21,AAPL,193.16000366210938
2025-04-22,AAPL,199.74000549316406
2025-04-23,AAPL,204.60000610351562
2025-04-24,AAPL,208.3699951171875
2025-04-25,AAPL,209.27999877929688
2025-04-28,AAPL,210.13999938964844
2025-04-29,AAPL,211.2100067138672
2025-04-30,AAPL,212.5
2025-05-01,AAPL,213.32000732421875
2025-05-02,AAPL,205.35000610351562
2025-05-05,AAPL,198.88999938964844
2025-05-06,AAPL,198.50999450683594
2025-05-07,AAPL,196.25
2025-05-08,AAPL,197.49000549316406
2025-05-09,AAPL,198.52999877929688
2025-05-12,AAPL,210.7899932861328
2025-05-13,AAPL,212.92999267578125
2025-05-14,AAPL,212.3300018310547
2025-05-15,AAPL,211.4499969482422
2025-05-16,AAPL,211.25999450683594
2025-05-19,AAPL,208.77999877929688
2025-05-20,AAPL,206.86000061035156
2025-05-21,AAPL,202.08999633789062
2025-05-22,AAPL,201.36000061035156
2025-05-23,AAPL,195.27000427246094
2025-05-27,AAPL,200.2100067138672
2025-05-28,AAPL,200.4199981689453
2025-05-29,AAPL,199.9499969482422
2025-05-30,AAPL,200.85000610351562
2025-06-02,AAPL,201.6999969482422
2025-06-03,AAPL,203.27000427246094
2025-06-04,AAPL,202.82000732421875
2025-06-05,AAPL,200.6300048828125
2025-06-06,AAPL,203.9199981689453
2025-06-09,AAPL,201.4499969482422
2025-06-10,AAPL,202.6699981689453
2025-06-11,AAPL,198.77999877929688
2025-06-12,AAPL,199.1999969482422
2025-06-13,AAPL,196.4499969482422
2025-06-16,AAPL,198.4199981689453
2025-06-17,AAPL,195.63999938964844
2025-06-18,AAPL,196.5800018310547
2025-06-20,AAPL,201.0
2025-06-23,AAPL,201.5
2025-06-24,AAPL,200.3000030517578
2025-06-25,AAPL,201.55999755859375
2025-06-26,AAPL,201.0
2025-06-27,AAPL,201.0800018310547
2025-06-30,AAPL,205.1699981689453
2025-07-01,AAPL,207.82000732421875
2025-07-02,AAPL,212.44000244140625
2025-07-03,AAPL,213.5500030517578
2025-07-07,AAPL,209.9499969482422
2025-07-08,AAPL,210.00999450683594
2025-07-09,AAPL,211.13999938964844
2025-07-10,AAPL,212.41000366210938
2025-07-11,AAPL,211.16000366210938
2025-07-14,AAPL,208.6199951171875
2025-07-15,AAPL,209.11000061035156
2025-07-16,AAPL,210.16000366210938
2025-07-17,AAPL,210.02000427246094
2025-07-18,AAPL,211.17999267578125
2025-07-21,AAPL,212.47999572753906
2025-07-22,AAPL,214.39999389648438
2025-07-23,AAPL,214.14999389648438
2025-07-24,AAPL,213.75999450683594
2025-07-25,AAPL,213.8800048828125
2025-07-28,AAPL,214.0500030517578
2025-07-29,AAPL,211.27000427246094
2025-07-30,AAPL,209.0500030517578
2025-07-31,AAPL,207.57000732421875
2025-08-01,AAPL,202.3800048828125
2025-08-04,AAPL,203.35000610351562
2025-08-05,AAPL,202.9199981689453
2025-08-06,AAPL,213.25
2025-08-07,AAPL,220.02999877929688
2025-08-08,AAPL,229.35000610351562
2025-08-11,AAPL,227.17999267578125
2025-08-12,AAPL,229.64999389648438
2025-08-13,AAPL,233.3300018310547
2025-08-14,AAPL,232.77999877929688
2025-08-15,AAPL,231.58999633789062
2025-08-18,AAPL,230.88999938964844
2025-08-19,AAPL,230.55999755859375
2025-08-20,AAPL,226.00999450683594
2025-08-21,AAPL,224.89999389648438
2025-08-22,AAPL,227.75999450683594
2025-08-25,AAPL,227.16000366210938
2025-08-26,AAPL,229.30999755859375
2025-08-27,AAPL,230.49000549316406
2025-08-28,AAPL,232.55999755859375
2025-08-29,AAPL,232.13999938964844
2025-09-02,AAPL,229.72000122070312
2025-09-03,AAPL,238.47000122070312
2025-09-04,AAPL,239.77999877929688
2025-09-05,AAPL,239.69000244140625
2025-09-08,AAPL,237.8800048828125
2025-09-09,AAPL,234.35000610351562
2025-09-10,AAPL,226.7899932861328
2025-09-11,AAPL,230.02999877929688
2025-09-12,AAPL,234.07000732421875
2025-09-15,AAPL,236.6999969482422
2025-09-16,AAPL,238.14999389648438
2025-09-17,AAPL,238.99000549316406
2025-09-18,AAPL,237.8800048828125
2025-09-19,AAPL,245.5
2025-09-22,AAPL,256.0799865722656
2025-09-23,AAPL,254.42999267578125
2025-09-24,AAPL,252.30999755859375
2025-09-25,AAPL,256.8699951171875
2025-09-26,AAPL,255.4600067138672
2025-09-29,AAPL,254.42999267578125
2025-09-30,AAPL,254.6300048828125
2025-10-01,AAPL,255.4499969482422
2025-10-02,AAPL,257.1300048828125
2025-10-03,AAPL,258.0199890136719
2025-10-06,AAPL,256.69000244140625
2025-10-07,AAPL,256.4800109863281
2025-10-08,AAPL,258.05999755859375
2025-10-09,AAPL,254.0399932861328
2025-10-10,AAPL,245.27000427246094
2025-10-13,AAPL,247.66000366210938
2025-10-14,AAPL,247.77000427246094
2025-10-15,AAPL,249.33999633789062
2025-10-16,AAPL,247.4499969482422
2025-10-17,AAPL,252.2899932861328
2025-10-20,AAPL,262.239990234375
2025-10-21,AAPL,262.7699890136719
2025-10-22,AAPL,258.45001220703125
2025-10-23,AAPL,259.5799865722656
2025-10-24,AAPL,262.82000732421875
2025-10-27,AAPL,268.80999755859375
2025-10-28,AAPL,269.0
2025-10-29,AAPL,269.70001220703125
2025-10-30,AAPL,271.3999938964844
2025-10-31,AAPL,270.3699951171875
2025-11-03,AAPL,269.04998779296875
2025-11-04,AAPL,270.0400085449219
2025-11-05,AAPL,270.1400146484375
2025-11-06,AAPL,269.7699890136719
2025-11-07,AAPL,268.4700012207031
2025-11-10,AAPL,269.42999267578125
2025-11-11,AAPL,275.25
2025-11-12,AAPL,273.4700012207031
2025-11-13,AAPL,272.95001220703125
2025-11-14,AAPL,272.4100036621094
2025-11-17,AAPL,267.4599914550781
2025-11-18,AAPL,267.44000244140625
2025-11-19,AAPL,268.55999755859375
2025-11-20,AAPL,266.25
2025-11-21,AAPL,271.489990234375
2025-11-24,AAPL,275.9200134277344
2025-11-25,AAPL,276.9700012207031
2025-11-26,AAPL,277.54998779296875
2025-11-28,AAPL,278.8500061035156
2025-12-01,AAPL,283.1000061035156
2025-12-02,AAPL,286.19000244140625
2025-12-03,AAPL,284.1499938964844
2025-12-04,AAPL,280.70001220703125
2025-12-05,AAPL,278.7799987792969
2025-12-08,AAPL,277.8900146484375
2025-12-09,AAPL,277.17999267578125
2025-12-10,AAPL,278.7799987792969
2025-12-11,AAPL,278.0299987792969
2025-12-12,AAPL,278.2799987792969
2025-12-15,AAPL,274.1099853515625
2025-12-16,AAPL,274.6099853515625
2025-12-17,AAPL,271.8399963378906
2025-12-18,AAPL,272.19000244140625
2025-12-19,AAPL,273.6700134277344
2025-12-22,AAPL,270.9700012207031
2025-12-23,AAPL,272.3599853515625
2025-12-24,AAPL,273.80999755859375
2025-12-26,AAPL,273.3999938964844
2025-12-29,AAPL,273.760009765625
2025-12-30,AAPL,273.0799865722656
2025-12-31,AAPL,271.8599853515625
2026-01-02,AAPL,271.010009765625
2026-01-05,AAPL,267.260009765625
2026-01-06,AAPL,262.3599853515625
2026-01-07,AAPL,260.3299865722656
2026-01-08,AAPL,259.0400085449219
2026-01-09,AAPL,259.3699951171875
2026-01-12,AAPL,260.25
2026-01-13,AAPL,261.04998779296875
2026-01-14,AAPL,259.9599914550781
2026-01-15,AAPL,258.2099914550781
2026-01-16,AAPL,255.52999877929688
2026-01-20,AAPL,246.6999969482422
2026-01-21,AAPL,247.64999389648438
2026-01-22,AAPL,248.35000610351562
2026-01-23,AAPL,248.0399932861328
2026-01-26,AAPL,255.41000366210938
2026-01-27,AAPL,258.2699890136719
2026-01-28,AAPL,256.44000244140625
2026-01-29,AAPL,258.2799987792969
2026-01-30,AAPL,259.4800109863281
2026-02-02,AAPL,270.010009765625
2026-02-03,AAPL,269.4800109863281
2026-02-04,AAPL,276.489990234375
2026-02-05,AAPL,275.9100036621094
2026-02-06,AAPL,278.1199951171875
2026-02-09,AAPL,274.6199951171875
2026-02-10,AAPL,273.67999267578125
2026-02-11,AAPL,275.5
2026-02-12,AAPL,261.7300109863281
2026-02-13,AAPL,255.77999877929688
2026-02-17,AAPL,263.8800048828125
2026-02-18,AAPL,264.3500061035156
2026-02-19,AAPL,260.5799865722656
2026-02-20,AAPL,264.5799865722656
2026-02-23,AAPL,266.17999267578125
2026-02-24,AAPL,272.1400146484375
2026-02-25,AAPL,274.2300109863281
2026-02-26,AAPL,272.95001220703125
2026-02-27,AAPL,264.17999267578125
2026-03-02,AAPL,264.7200012207031
2026-03-03,AAPL,263.75
2026-03-04,AAPL,262.5199890136719
2026-03-05,AAPL,260.2900085449219
2026-03-06,AAPL,257.4599914550781
2026-03-09,AAPL,259.8800048828125
2026-03-10,AAPL,260.8299865722656
2026-03-11,AAPL,260.80999755859375
2026-03-12,AAPL,255.75999450683594
2026-03-13,AAPL,250.1199951171875
2026-03-16,AAPL,252.82000732421875
2026-03-17,AAPL,254.22999572753906
2026-03-18,AAPL,249.94000244140625
2026-03-19,AAPL,248.9600067138672
2026-03-20,AAPL,247.99000549316406
2026-03-23,AAPL,251.49000549316406
2026-03-24,AAPL,251.63999938964844
2026-03-25,AAPL,252.6199951171875
2026-03-26,AAPL,252.88999938964844
2026-03-27,AAPL,248.8000030517578
2026-03-30,AAPL,246.6300048828125
2026-03-31,AAPL,253.7899932861328
2026-04-01,AAPL,255.6300048828125
2026-04-02,AAPL,255.9199981689453
2026-04-06,AAPL,258.8599853515625
2026-04-07,AAPL,253.5
2026-04-08,AAPL,258.8999938964844
2026-04-09,AAPL,260.489990234375
2026-04-10,AAPL,260.4800109863281
2026-04-13,AAPL,259.20001220703125
2026-04-14,AAPL,258.8299865722656
2026-04-15,AAPL,266.42999267578125
2026-04-16,AAPL,263.3999938964844
2026-04-17,AAPL,270.2300109863281
2026-04-20,AAPL,273.04998779296875
2026-04-21,AAPL,266.1700134277344
2026-04-22,AAPL,273.1700134277344
2026-04-23,AAPL,273.42999267578125
2026-04-24,AAPL,271.05999755859375
2026-04-27,AAPL,267.6099853515625
2026-04-28,AAPL,270.7099914550781
2026-04-29,AAPL,270.1700134277344
2026-04-30,AAPL,271.3500061035156
2026-05-01,AAPL,280.1400146484375
2026-05-04,AAPL,276.8299865722656
2026-05-05,AAPL,284.17999267578125
2026-05-06,AAPL,287.510009765625
2026-05-07,AAPL,287.44000244140625
2026-05-08,AAPL,293.32000732421875
2026-05-11,AAPL,292.67999267578125
2026-05-12,AAPL,294.79998779296875
2026-05-13,AAPL,298.8699951171875
2026-05-14,AAPL,298.2099914550781
2026-05-15,AAPL,300.2300109863281
2026-05-18,AAPL,297.8399963378906
2026-05-19,AAPL,298.9700012207031
2026-05-20,AAPL,302.25
2026-05-21,AAPL,304.989990234375
2026-05-22,AAPL,308.82000732421875
2026-05-26,AAPL,308.3299865722656
2026-05-27,AAPL,310.8500061035156
2026-05-28,AAPL,312.510009765625
2026-05-29,AAPL,312.05999755859375
2026-06-01,AAPL,306.30999755859375
2026-06-02,AAPL,315.20001220703125
2026-06-03,AAPL,310.260009765625
2026-06-04,AAPL,311.2300109863281
2026-06-05,AAPL,307.3399963378906
2026-06-08,AAPL,301.5400085449219
2026-06-09,AAPL,290.54998779296875
2026-06-10,AAPL,291.5799865722656
2026-06-11,AAPL,295.6300048828125
2026-06-12,AAPL,291.1300048828125
2026-06-15,AAPL,296.4200134277344
2026-06-16,AAPL,299.239990234375
2026-06-17,AAPL,295.95001220703125
2026-06-18,AAPL,298.010009765625
2026-06-22,AAPL,297.010009765625
2026-06-23,AAPL,294.29998779296875
2026-06-24,AAPL,293.0799865722656
2026-06-25,AAPL,275.1499938964844
2026-06-26,AAPL,283.7799987792969
2026-06-29,AAPL,281.739990234375
2026-06-30,AAPL,289.3599853515625
2026-07-01,AAPL,294.3800048828125
2026-07-02,AAPL,308.6300048828125
2026-07-06,AAPL,312.6600036621094
2026-07-07,AAPL,310.6600036621094
2026-07-08,AAPL,313.3900146484375
2026-07-09,AAPL,316.2200012207031
2026-07-10,AAPL,315.32000732421875
2026-07-13,AAPL,317.30999755859375
2026-07-14,AAPL,314.8599853515625
2026-07-15,AAPL,327.5
2026-07-16,AAPL,333.260009765625
2026-07-17,AAPL,333.739990234375
2026-07-20,AAPL,326.5899963378906
2026-07-21,AAPL,327.739990234375
2026-07-22,AAPL,325.8900146484375
2026-07-23,AAPL,321.6600036621094
2026-07-24,AAPL,333.0199890136719
2026-07-27,AAPL,336.9100036621094
2026-07-28,AAPL,340.0799865722656
2026-07-29,AAPL,338.19000244140625
2026-07-30,AAPL,333.42999267578125
2026-07-31,AAPL,308.9100036621094
2026-08-03,AAPL,303.4200134277344
2026-08-04,AAPL,309.3800048828125
2026-08-05,AAPL,311.0
2026-08-06,AAPL,312.4100036621094
2026-08-07,AAPL,313.3299865722656
2026-08-10,AAPL,308.260009765625
2026-08-11,AAPL,304.9100036621094
2026-08-12,AAPL,302.25
2026-08-13,AAPL,305.260009765625
2026-08-14,AAPL,305.92999267578125
2026-08-17,AAPL,305.5899963378906
2026-08-18,AAPL,310.0299987792969
2026-08-19,AAPL,316.8299865722656
2026-08-20,AAPL,311.29998779296875
2026-08-21,AAPL,309.3500061035156
2026-08-24,AAPL,310.3399963378906
2026-08-25,AAPL,309.8999938964844
2026-08-26,AAPL,313.45001220703125
2026-08-27,AAPL,314.5799865722656
2026-08-28,AAPL,319.70001220703125
2026-08-31,AAPL,316.8500061035156
2026-09-01,AAPL,325.1300048828125
2026-09-02,AAPL,324.9599914550781
2026-09-03,AAPL,328.2099914550781
2024-09-04,MSFT,408.8999938964844
2024-09-05,MSFT,408.3900146484375
2024-09-06,MSFT,401.70001220703125
2024-09-09,MSFT,405.7200012207031
2024-09-10,MSFT,414.20001220703125
2024-09-11,MSFT,423.0400085449219
2024-09-12,MSFT,427.0
2024-09-13,MSFT,430.5899963378906
2024-09-16,MSFT,431.3399963378906
2024-09-17,MSFT,435.1499938964844
2024-09-18,MSFT,430.80999755859375
2024-09-19,MSFT,438.69000244140625
2024-09-20,MSFT,435.2699890136719
2024-09-23,MSFT,433.510009765625
2024-09-24,MSFT,429.1700134277344
2024-09-25,MSFT,432.1099853515625
2024-09-26,MSFT,431.30999755859375
2024-09-27,MSFT,428.0199890136719
2024-09-30,MSFT,430.29998779296875
2024-10-01,MSFT,420.69000244140625
2024-10-02,MSFT,417.1300048828125
2024-10-03,MSFT,416.5400085449219
2024-10-04,MSFT,416.05999755859375
2024-10-07,MSFT,409.5400085449219
2024-10-08,MSFT,414.7099914550781
2024-10-09,MSFT,417.4599914550781
2024-10-10,MSFT,415.8399963378906
2024-10-11,MSFT,416.32000732421875
2024-10-14,MSFT,419.1400146484375
2024-10-15,MSFT,418.739990234375
2024-10-16,MSFT,416.1199951171875
2024-10-17,MSFT,416.7200012207031
2024-10-18,MSFT,418.1600036621094
2024-10-21,MSFT,418.7799987792969
2024-10-22,MSFT,427.510009765625
2024-10-23,MSFT,424.6000061035156
2024-10-24,MSFT,424.7300109863281
2024-10-25,MSFT,428.1499938964844
2024-10-28,MSFT,426.5899963378906
2024-10-29,MSFT,431.95001220703125
2024-10-30,MSFT,432.5299987792969
2024-10-31,MSFT,406.3500061035156
2024-11-01,MSFT,410.3699951171875
2024-11-04,MSFT,408.4599914550781
2024-11-05,MSFT,411.4599914550781
2024-11-06,MSFT,420.17999267578125
2024-11-07,MSFT,425.42999267578125
2024-11-08,MSFT,422.5400085449219
2024-11-11,MSFT,418.010009765625
2024-11-12,MSFT,423.0299987792969
2024-11-13,MSFT,425.20001220703125
2024-11-14,MSFT,426.8900146484375
2024-11-15,MSFT,415.0
2024-11-18,MSFT,415.760009765625
2024-11-19,MSFT,417.7900085449219
2024-11-20,MSFT,415.489990234375
2024-11-21,MSFT,412.8699951171875
2024-11-22,MSFT,417.0
2024-11-25,MSFT,418.7900085449219
2024-11-26,MSFT,427.989990234375
2024-11-27,MSFT,422.989990234375
2024-11-29,MSFT,423.4599914550781
2024-12-02,MSFT,430.9800109863281
2024-12-03,MSFT,431.20001220703125
2024-12-04,MSFT,437.4200134277344
2024-12-05,MSFT,442.6199951171875
2024-12-06,MSFT,443.57000732421875
2024-12-09,MSFT,446.0199890136719
2024-12-10,MSFT,443.3299865722656
2024-12-11,MSFT,448.989990234375
2024-12-12,MSFT,449.55999755859375
2024-12-13,MSFT,447.2699890136719
2024-12-16,MSFT,451.5899963378906
2024-12-17,MSFT,454.4599914550781
2024-12-18,MSFT,437.3900146484375
2024-12-19,MSFT,437.0299987792969
2024-12-20,MSFT,436.6000061035156
2024-12-23,MSFT,435.25
2024-12-24,MSFT,439.3299865722656
2024-12-26,MSFT,438.1099853515625
2024-12-27,MSFT,430.5299987792969
2024-12-30,MSFT,424.8299865722656
2024-12-31,MSFT,421.5
2025-01-02,MSFT,418.5799865722656
2025-01-03,MSFT,423.3500061035156
2025-01-06,MSFT,427.8500061035156
2025-01-07,MSFT,422.3699951171875
2025-01-08,MSFT,424.55999755859375
2025-01-10,MSFT,418.95001220703125
2025-01-13,MSFT,417.19000244140625
2025-01-14,MSFT,415.6700134277344
2025-01-15,MSFT,426.30999755859375
2025-01-16,MSFT,424.5799865722656
2025-01-17,MSFT,429.0299987792969
2025-01-21,MSFT,428.5
2025-01-22,MSFT,446.20001220703125
2025-01-23,MSFT,446.7099914550781
2025-01-24,MSFT,444.05999755859375
2025-01-27,MSFT,434.55999755859375
2025-01-28,MSFT,447.20001220703125
2025-01-29,MSFT,442.3299865722656
2025-01-30,MSFT,414.989990234375
2025-01-31,MSFT,415.05999755859375
2025-02-03,MSFT,410.9200134277344
2025-02-04,MSFT,412.3699951171875
2025-02-05,MSFT,413.2900085449219
2025-02-06,MSFT,415.82000732421875
2025-02-07,MSFT,409.75
2025-02-10,MSFT,412.2200012207031
2025-02-11,MSFT,411.44000244140625
2025-02-12,MSFT,409.0400085449219
2025-02-13,MSFT,410.5400085449219
2025-02-14,MSFT,408.42999267578125
2025-02-18,MSFT,409.6400146484375
2025-02-19,MSFT,414.7699890136719
2025-02-20,MSFT,416.1300048828125
2025-02-21,MSFT,408.2099914550781
2025-02-24,MSFT,404.0
2025-02-25,MSFT,397.8999938964844
2025-02-26,MSFT,399.7300109863281
2025-02-27,MSFT,392.5299987792969
2025-02-28,MSFT,396.989990234375
2025-03-03,MSFT,388.489990234375
2025-03-04,MSFT,388.6099853515625
2025-03-05,MSFT,401.0199890136719
2025-03-06,MSFT,396.8900146484375
2025-03-07,MSFT,393.30999755859375
2025-03-10,MSFT,380.1600036621094
2025-03-11,MSFT,380.45001220703125
2025-03-12,MSFT,383.2699890136719
2025-03-13,MSFT,378.7699890136719
2025-03-14,MSFT,388.55999755859375
2025-03-17,MSFT,388.70001220703125
2025-03-18,MSFT,383.5199890136719
2025-03-19,MSFT,387.82000732421875
2025-03-20,MSFT,386.8399963378906
2025-03-21,MSFT,391.260009765625
2025-03-24,MSFT,393.0799865722656
2025-03-25,MSFT,395.1600036621094
2025-03-26,MSFT,389.9700012207031
2025-03-27,MSFT,390.5799865722656
2025-03-28,MSFT,378.79998779296875
2025-03-31,MSFT,375.3900146484375
2025-04-01,MSFT,382.19000244140625
2025-04-02,MSFT,382.1400146484375
2025-04-03,MSFT,373.1099853515625
2025-04-04,MSFT,359.8399963378906
2025-04-07,MSFT,357.8599853515625
2025-04-08,MSFT,354.55999755859375
2025-04-09,MSFT,390.489990234375
2025-04-10,MSFT,381.3500061035156
2025-04-11,MSFT,388.45001220703125
2025-04-14,MSFT,387.80999755859375
2025-04-15,MSFT,385.7300109863281
2025-04-16,MSFT,371.6099853515625
2025-04-17,MSFT,367.7799987792969
2025-04-21,MSFT,359.1199951171875
2025-04-22,MSFT,366.82000732421875
2025-04-23,MSFT,374.3900146484375
2025-04-24,MSFT,387.29998779296875
2025-04-25,MSFT,391.8500061035156
2025-04-28,MSFT,391.1600036621094
2025-04-29,MSFT,394.0400085449219
2025-04-30,MSFT,395.260009765625
2025-05-01,MSFT,425.3999938964844
2025-05-02,MSFT,435.2799987792969
2025-05-05,MSFT,436.1700134277344
2025-05-06,MSFT,433.30999755859375
2025-05-07,MSFT,433.3500061035156
2025-05-08,MSFT,438.1700134277344
2025-05-09,MSFT,438.7300109863281
2025-05-12,MSFT,449.260009765625
2025-05-13,MSFT,449.1400146484375
2025-05-14,MSFT,452.94000244140625
2025-05-15,MSFT,453.1300048828125
2025-05-16,MSFT,454.2699890136719
2025-05-19,MSFT,458.8699951171875
2025-05-20,MSFT,458.1700134277344
2025-05-21,MSFT,452.57000732421875
2025-05-22,MSFT,454.8599853515625
2025-05-23,MSFT,450.17999267578125
2025-05-27,MSFT,460.69000244140625
2025-05-28,MSFT,457.3599853515625
2025-05-29,MSFT,458.67999267578125
2025-05-30,MSFT,460.3599853515625
2025-06-02,MSFT,461.9700012207031
2025-06-03,MSFT,462.9700012207031
2025-06-04,MSFT,463.8699951171875
2025-06-05,MSFT,467.67999267578125
2025-06-06,MSFT,470.3800048828125
2025-06-09,MSFT,472.75
2025-06-10,MSFT,470.9200134277344
2025-06-11,MSFT,472.6199951171875
2025-06-12,MSFT,478.8699951171875
2025-06-13,MSFT,474.9599914550781
2025-06-16,MSFT,479.1400146484375
2025-06-17,MSFT,478.0400085449219
2025-06-18,MSFT,480.239990234375
2025-06-20,MSFT,477.3999938964844
2025-06-23,MSFT,486.0
2025-06-24,MSFT,490.1099853515625
2025-06-25,MSFT,492.2699890136719
2025-06-26,MSFT,497.45001220703125
2025-06-27,MSFT,495.94000244140625
2025-06-30,MSFT,497.4100036621094
2025-07-01,MSFT,492.04998779296875
2025-07-02,MSFT,491.0899963378906
2025-07-03,MSFT,498.8399963378906
2025-07-07,MSFT,497.7200012207031
2025-07-08,MSFT,496.6199951171875
2025-07-09,MSFT,503.510009765625
2025-07-10,MSFT,501.4800109863281
2025-07-11,MSFT,503.32000732421875
2025-07-14,MSFT,503.0199890136719
2025-07-15,MSFT,505.82000732421875
2025-07-16,MSFT,505.6199951171875
2025-07-17,MSFT,511.70001220703125
2025-07-18,MSFT,510.04998779296875
2025-07-21,MSFT,510.05999755859375
2025-07-22,MSFT,505.2699890136719
2025-07-23,MSFT,505.8699951171875
2025-07-24,MSFT,510.8800048828125
2025-07-25,MSFT,513.7100219726562
2025-07-28,MSFT,512.5
2025-07-29,MSFT,512.5700073242188
2025-07-30,MSFT,513.239990234375
2025-07-31,MSFT,533.5
2025-08-01,MSFT,524.1099853515625
2025-08-04,MSFT,535.6400146484375
2025-08-05,MSFT,527.75
2025-08-06,MSFT,524.9400024414062
2025-08-07,MSFT,520.8400268554688
2025-08-08,MSFT,522.0399780273438
2025-08-11,MSFT,521.77001953125
2025-08-12,MSFT,529.239990234375
2025-08-13,MSFT,520.5800170898438
2025-08-14,MSFT,522.47998046875
2025-08-15,MSFT,520.1699829101562
2025-08-18,MSFT,517.0999755859375
2025-08-19,MSFT,509.7699890136719
2025-08-20,MSFT,505.7200012207031
2025-08-21,MSFT,504.239990234375
2025-08-22,MSFT,507.2300109863281
2025-08-25,MSFT,504.260009765625
2025-08-26,MSFT,502.0400085449219
2025-08-27,MSFT,506.739990234375
2025-08-28,MSFT,509.6400146484375
2025-08-29,MSFT,506.69000244140625
2025-09-02,MSFT,505.1199951171875
2025-09-03,MSFT,505.3500061035156
2025-09-04,MSFT,507.9700012207031
2025-09-05,MSFT,495.0
2025-09-08,MSFT,498.20001220703125
2025-09-09,MSFT,498.4100036621094
2025-09-10,MSFT,500.3699951171875
2025-09-11,MSFT,501.010009765625
2025-09-12,MSFT,509.8999938964844
2025-09-15,MSFT,515.3599853515625
2025-09-16,MSFT,509.0400085449219
2025-09-17,MSFT,510.0199890136719
2025-09-18,MSFT,508.45001220703125
2025-09-19,MSFT,517.9299926757812
2025-09-22,MSFT,514.4500122070312
2025-09-23,MSFT,509.2300109863281
2025-09-24,MSFT,510.1499938964844
2025-09-25,MSFT,507.0299987792969
2025-09-26,MSFT,511.4599914550781
2025-09-29,MSFT,514.5999755859375
2025-09-30,MSFT,517.9500122070312
2025-10-01,MSFT,519.7100219726562
2025-10-02,MSFT,515.739990234375
2025-10-03,MSFT,517.3499755859375
2025-10-06,MSFT,528.5700073242188
2025-10-07,MSFT,523.97998046875
2025-10-08,MSFT,524.8499755859375
2025-10-09,MSFT,522.4000244140625
2025-10-10,MSFT,510.9599914550781
2025-10-13,MSFT,514.0499877929688
2025-10-14,MSFT,513.5700073242188
2025-10-15,MSFT,513.4299926757812
2025-10-16,MSFT,511.6099853515625
2025-10-17,MSFT,513.5800170898438
2025-10-20,MSFT,516.7899780273438
2025-10-21,MSFT,517.6599731445312
2025-10-22,MSFT,520.5399780273438
2025-10-23,MSFT,520.5599975585938
2025-10-24,MSFT,523.6099853515625
2025-10-27,MSFT,531.52001953125
2025-10-28,MSFT,542.0700073242188
2025-10-29,MSFT,541.5499877929688
2025-10-30,MSFT,525.760009765625
2025-10-31,MSFT,517.8099975585938
2025-11-03,MSFT,517.030029296875
2025-11-04,MSFT,514.3300170898438
2025-11-05,MSFT,507.1600036621094
2025-11-06,MSFT,497.1000061035156
2025-11-07,MSFT,496.82000732421875
2025-11-10,MSFT,506.0
2025-11-11,MSFT,508.67999267578125
2025-11-12,MSFT,511.1400146484375
2025-11-13,MSFT,503.2900085449219
2025-11-14,MSFT,510.17999267578125
2025-11-17,MSFT,507.489990234375
2025-11-18,MSFT,493.7900085449219
2025-11-19,MSFT,487.1199951171875
2025-11-20,MSFT,478.42999267578125
2025-11-21,MSFT,472.1199951171875
2025-11-24,MSFT,474.0
2025-11-25,MSFT,476.989990234375
2025-11-26,MSFT,485.5
2025-11-28,MSFT,492.010009765625
2025-12-01,MSFT,486.739990234375
2025-12-02,MSFT,490.0
2025-12-03,MSFT,477.7300109863281
2025-12-04,MSFT,480.8399963378906
2025-12-05,MSFT,483.1600036621094
2025-12-08,MSFT,491.0199890136719
2025-12-09,MSFT,492.0199890136719
2025-12-10,MSFT,478.55999755859375
2025-12-11,MSFT,483.4700012207031
2025-12-12,MSFT,478.5299987792969
2025-12-15,MSFT,474.82000732421875
2025-12-16,MSFT,476.3900146484375
2025-12-17,MSFT,476.1199951171875
2025-12-18,MSFT,483.9800109863281
2025-12-19,MSFT,485.9200134277344
2025-12-22,MSFT,484.9200134277344
2025-12-23,MSFT,486.8500061035156
2025-12-24,MSFT,488.0199890136719
2025-12-26,MSFT,487.7099914550781
2025-12-29,MSFT,487.1000061035156
2025-12-30,MSFT,487.4800109863281
2025-12-31,MSFT,483.6199951171875
2026-01-02,MSFT,472.94000244140625
2026-01-05,MSFT,472.8500061035156
2026-01-06,MSFT,478.510009765625
2026-01-07,MSFT,483.4700012207031
2026-01-08,MSFT,478.1099853515625
2026-01-09,MSFT,479.2799987792969
2026-01-12,MSFT,477.17999267578125
2026-01-13,MSFT,470.6700134277344
2026-01-14,MSFT,459.3800048828125
2026-01-15,MSFT,456.6600036621094
2026-01-16,MSFT,459.8599853515625
2026-01-20,MSFT,454.5199890136719
2026-01-21,MSFT,444.1099853515625
2026-01-22,MSFT,451.1400146484375
2026-01-23,MSFT,465.95001220703125
2026-01-26,MSFT,470.2799987792969
2026-01-27,MSFT,480.5799865722656
2026-01-28,MSFT,481.6300048828125
2026-01-29,MSFT,433.5
2026-01-30,MSFT,430.2900085449219
2026-02-02,MSFT,423.3699951171875
2026-02-03,MSFT,411.2099914550781
2026-02-04,MSFT,414.19000244140625
2026-02-05,MSFT,393.6700134277344
2026-02-06,MSFT,401.1400146484375
2026-02-09,MSFT,413.6000061035156
2026-02-10,MSFT,413.2699890136719
2026-02-11,MSFT,404.3699951171875
2026-02-12,MSFT,401.8399963378906
2026-02-13,MSFT,401.32000732421875
2026-02-17,MSFT,396.8599853515625
2026-02-18,MSFT,399.6000061035156
2026-02-19,MSFT,398.4599914550781
2026-02-20,MSFT,397.2300109863281
2026-02-23,MSFT,384.4700012207031
2026-02-24,MSFT,389.0
2026-02-25,MSFT,400.6000061035156
2026-02-26,MSFT,401.7200012207031
2026-02-27,MSFT,392.739990234375
2026-03-02,MSFT,398.54998779296875
2026-03-03,MSFT,403.92999267578125
2026-03-04,MSFT,405.20001220703125
2026-03-05,MSFT,410.67999267578125
2026-03-06,MSFT,408.9599914550781
2026-03-09,MSFT,409.4100036621094
2026-03-10,MSFT,405.760009765625
2026-03-11,MSFT,404.8800048828125
2026-03-12,MSFT,401.8599853515625
2026-03-13,MSFT,395.54998779296875
2026-03-16,MSFT,399.95001220703125
2026-03-17,MSFT,399.4100036621094
2026-03-18,MSFT,391.7900085449219
2026-03-19,MSFT,389.0199890136719
2026-03-20,MSFT,381.8699951171875
2026-03-23,MSFT,383.0
2026-03-24,MSFT,372.739990234375
2026-03-25,MSFT,371.0400085449219
2026-03-26,MSFT,365.9700012207031
2026-03-27,MSFT,356.7699890136719
2026-03-30,MSFT,358.9599914550781
2026-03-31,MSFT,370.1700134277344
2026-04-01,MSFT,369.3699951171875
2026-04-02,MSFT,373.4599914550781
2026-04-06,MSFT,372.8800048828125
2026-04-07,MSFT,372.2900085449219
2026-04-08,MSFT,374.3299865722656
2026-04-09,MSFT,373.07000732421875
2026-04-10,MSFT,370.8699951171875
2026-04-13,MSFT,384.3699951171875
2026-04-14,MSFT,393.1099853515625
2026-04-15,MSFT,411.2200012207031
2026-04-16,MSFT,420.260009765625
2026-04-17,MSFT,422.7900085449219
2026-04-20,MSFT,418.07000732421875
2026-04-21,MSFT,424.1600036621094
2026-04-22,MSFT,432.9200134277344
2026-04-23,MSFT,415.75
2026-04-24,MSFT,424.6199951171875
2026-04-27,MSFT,424.82000732421875
2026-04-28,MSFT,429.25
2026-04-29,MSFT,424.4599914550781
2026-04-30,MSFT,407.7799987792969
2026-05-01,MSFT,414.44000244140625
2026-05-04,MSFT,413.6199951171875
2026-05-05,MSFT,411.3800048828125
2026-05-06,MSFT,413.9599914550781
2026-05-07,MSFT,420.7699890136719
2026-05-08,MSFT,415.1199951171875
2026-05-11,MSFT,412.6600036621094
2026-05-12,MSFT,407.7699890136719
2026-05-13,MSFT,405.2099914550781
2026-05-14,MSFT,409.42999267578125
2026-05-15,MSFT,421.9200134277344
2026-05-18,MSFT,423.5400085449219
2026-05-19,MSFT,417.4200134277344
2026-05-20,MSFT,421.05999755859375
2026-05-21,MSFT,419.0899963378906
2026-05-22,MSFT,418.57000732421875
2026-05-26,MSFT,416.0299987792969
2026-05-27,MSFT,412.6700134277344
2026-05-28,MSFT,426.989990234375
2026-05-29,MSFT,450.239990234375
2026-06-01,MSFT,460.5199890136719
2026-06-02,MSFT,441.30999755859375
2026-06-03,MSFT,427.3399963378906
2026-06-04,MSFT,428.04998779296875
2026-06-05,MSFT,416.6700134277344
2026-06-08,MSFT,411.739990234375
2026-06-09,MSFT,403.4100036621094
2026-06-10,MSFT,397.3599853515625
2026-06-11,MSFT,390.3399963378906
2026-06-12,MSFT,390.739990234375
2026-06-15,MSFT,399.760009765625
2026-06-16,MSFT,393.8299865722656
2026-06-17,MSFT,378.9100036621094
2026-06-18,MSFT,379.3999938964844
2026-06-22,MSFT,367.3399963378906
2026-06-23,MSFT,373.94000244140625
2026-06-24,MSFT,365.4599914550781
2026-06-25,MSFT,352.8299865722656
2026-06-26,MSFT,372.9700012207031
2026-06-29,MSFT,368.57000732421875
2026-06-30,MSFT,373.0199890136719
2026-07-01,MSFT,384.2799987792969
2026-07-02,MSFT,390.489990234375
2026-07-06,MSFT,386.739990234375
2026-07-07,MSFT,388.8399963378906
2026-07-08,MSFT,383.3399963378906
2026-07-09,MSFT,384.3599853515625
2026-07-10,MSFT,385.1000061035156
2026-07-13,MSFT,390.989990234375
2026-07-14,MSFT,384.92999267578125
2026-07-15,MSFT,395.6300048828125
2026-07-16,MSFT,401.1000061035156
2026-07-17,MSFT,393.82000732421875
2026-07-20,MSFT,402.2900085449219
2026-07-21,MSFT,397.75
2026-07-22,MSFT,390.3399963378906
2026-07-23,MSFT,381.5799865722656
2026-07-24,MSFT,381.70001220703125
2026-07-27,MSFT,389.1000061035156
2026-07-28,MSFT,393.3500061035156
2026-07-29,MSFT,390.5400085449219
2026-07-30,MSFT,451.1000061035156
2026-07-31,MSFT,464.7200012207031
2026-08-03,MSFT,487.6499938964844
2026-08-04,MSFT,492.80999755859375
2026-08-05,MSFT,487.4599914550781
2026-08-06,MSFT,499.8599853515625
2026-08-07,MSFT,499.989990234375
2026-08-10,MSFT,506.05999755859375
2026-08-11,MSFT,503.80999755859375
2026-08-12,MSFT,492.42999267578125
2026-08-13,MSFT,496.8800048828125
2026-08-14,MSFT,495.3999938964844
2026-08-17,MSFT,480.3500061035156
2026-08-18,MSFT,481.6300048828125
2026-08-19,MSFT,484.30999755859375
2026-08-20,MSFT,481.1499938964844
2026-08-21,MSFT,483.239990234375
2026-08-24,MSFT,487.30999755859375
2026-08-25,MSFT,491.7099914550781
2026-08-26,MSFT,496.3699951171875
2026-08-27,MSFT,505.05999755859375
2026-08-28,MSFT,513.530029296875
2026-08-31,MSFT,507.2900085449219
2026-09-01,MSFT,501.0199890136719
2026-09-02,MSFT,496.82000732421875
2026-09-03,MSFT,510.1199951171875
2024-09-04,JPM,219.3300018310547
2024-09-05,JPM,217.6300048828125
2024-09-06,JPM,212.4600067138672
2024-09-09,JPM,216.80999755859375
2024-09-10,JPM,205.55999755859375
2024-09-11,JPM,207.22999572753906
2024-09-12,JPM,206.60000610351562
2024-09-13,JPM,204.32000732421875
2024-09-16,JPM,207.86000061035156
2024-09-17,JPM,209.25
2024-09-18,JPM,207.52999877929688
2024-09-19,JPM,210.47999572753906
2024-09-20,JPM,211.08999633789062
2024-09-23,JPM,211.44000244140625
2024-09-24,JPM,211.58999633789062
2024-09-25,JPM,210.19000244140625
2024-09-26,JPM,209.77999877929688
2024-09-27,JPM,210.5
2024-09-30,JPM,210.86000061035156
2024-10-01,JPM,207.0399932861328
2024-10-02,JPM,207.2899932861328
2024-10-03,JPM,205.22999572753906
2024-10-04,JPM,211.22000122070312
2024-10-07,JPM,210.92999267578125
2024-10-08,JPM,210.75
2024-10-09,JPM,213.4199981689453
2024-10-10,JPM,212.83999633789062
2024-10-11,JPM,222.2899932861328
2024-10-14,JPM,221.47999572753906
2024-10-15,JPM,222.38999938964844
2024-10-16,JPM,223.63999938964844
2024-10-17,JPM,224.4199981689453
2024-10-18,JPM,225.3699951171875
2024-10-21,JPM,223.0
2024-10-22,JPM,224.1199951171875
2024-10-23,JPM,223.41000366210938
2024-10-24,JPM,224.97999572753906
2024-10-25,JPM,222.30999755859375
2024-10-28,JPM,225.5
2024-10-29,JPM,222.89999389648438
2024-10-30,JPM,224.41000366210938
2024-10-31,JPM,221.9199981689453
2024-11-01,JPM,222.94000244140625
2024-11-04,JPM,219.77999877929688
2024-11-05,JPM,221.49000549316406
2024-11-06,JPM,247.05999755859375
2024-11-07,JPM,236.3800048828125
2024-11-08,JPM,236.97999572753906
2024-11-11,JPM,239.2899932861328
2024-11-12,JPM,239.55999755859375
2024-11-13,JPM,241.16000366210938
2024-11-14,JPM,241.8699951171875
2024-11-15,JPM,245.30999755859375
2024-11-18,JPM,245.02999877929688
2024-11-19,JPM,243.08999633789062
2024-11-20,JPM,240.77999877929688
2024-11-21,JPM,244.75999450683594
2024-11-22,JPM,248.5500030517578
2024-11-25,JPM,250.2899932861328
2024-11-26,JPM,249.97000122070312
2024-11-27,JPM,249.7899932861328
2024-11-29,JPM,249.72000122070312
2024-12-02,JPM,246.25
2024-12-03,JPM,244.82000732421875
2024-12-04,JPM,243.39999389648438
2024-12-05,JPM,245.47999572753906
2024-12-06,JPM,247.36000061035156
2024-12-09,JPM,243.80999755859375
2024-12-10,JPM,242.86000061035156
2024-12-11,JPM,243.52999877929688
2024-12-12,JPM,241.52999877929688
2024-12-13,JPM,239.94000244140625
2024-12-16,JPM,239.5800018310547
2024-12-17,JPM,238.36000061035156
2024-12-18,JPM,230.3699951171875
2024-12-19,JPM,232.9600067138672
2024-12-20,JPM,237.60000610351562
2024-12-23,JPM,238.38999938964844
2024-12-24,JPM,242.30999755859375
2024-12-26,JPM,243.13999938964844
2024-12-27,JPM,241.1699981689453
2024-12-30,JPM,239.32000732421875
2024-12-31,JPM,239.7100067138672
2025-01-02,JPM,240.0
2025-01-03,JPM,243.27999877929688
2025-01-06,JPM,240.85000610351562
2025-01-07,JPM,243.1699981689453
2025-01-08,JPM,243.1300048828125
2025-01-10,JPM,239.8699951171875
2025-01-13,JPM,244.2100067138672
2025-01-14,JPM,247.47000122070312
2025-01-15,JPM,252.35000610351562
2025-01-16,JPM,254.27000427246094
2025-01-17,JPM,259.1600036621094
2025-01-21,JPM,263.0299987792969
2025-01-22,JPM,262.8399963378906
2025-01-23,JPM,265.95001220703125
2025-01-24,JPM,264.8399963378906
2025-01-27,JPM,265.8500061035156
2025-01-28,JPM,267.1400146484375
2025-01-29,JPM,266.5799865722656
2025-01-30,JPM,268.2300109863281
2025-01-31,JPM,267.29998779296875
2025-02-03,JPM,266.80999755859375
2025-02-04,JPM,267.94000244140625
2025-02-05,JPM,270.42999267578125
2025-02-06,JPM,276.8999938964844
2025-02-07,JPM,275.79998779296875
2025-02-10,JPM,271.0400085449219
2025-02-11,JPM,274.989990234375
2025-02-12,JPM,275.45001220703125
2025-02-13,JPM,276.32000732421875
2025-02-14,JPM,276.5899963378906
2025-02-18,JPM,279.95001220703125
2025-02-19,JPM,279.25
2025-02-20,JPM,266.79998779296875
2025-02-21,JPM,264.239990234375
2025-02-24,JPM,261.3399963378906
2025-02-25,JPM,257.3999938964844
2025-02-26,JPM,258.7900085449219
2025-02-27,JPM,259.04998779296875
2025-02-28,JPM,264.6499938964844
2025-03-03,JPM,260.6199951171875
2025-03-04,JPM,250.25
2025-03-05,JPM,251.52999877929688
2025-03-06,JPM,246.5399932861328
2025-03-07,JPM,242.27999877929688
2025-03-10,JPM,232.22000122070312
2025-03-11,JPM,229.13999938964844
2025-03-12,JPM,227.89999389648438
2025-03-13,JPM,225.19000244140625
2025-03-14,JPM,232.44000244140625
2025-03-17,JPM,233.92999267578125
2025-03-18,JPM,234.97000122070312
2025-03-19,JPM,239.11000061035156
2025-03-20,JPM,239.00999450683594
2025-03-21,JPM,241.6300048828125
2025-03-24,JPM,248.05999755859375
2025-03-25,JPM,251.1300048828125
2025-03-26,JPM,251.02999877929688
2025-03-27,JPM,248.1199951171875
2025-03-28,JPM,242.85000610351562
2025-03-31,JPM,245.3000030517578
2025-04-01,JPM,243.66000366210938
2025-04-02,JPM,245.82000732421875
2025-04-03,JPM,228.69000244140625
2025-04-04,JPM,210.27999877929688
2025-04-07,JPM,214.44000244140625
2025-04-08,JPM,216.8699951171875
2025-04-09,JPM,234.33999633789062
2025-04-10,JPM,227.11000061035156
2025-04-11,JPM,236.1999969482422
2025-04-14,JPM,234.72000122070312
2025-04-15,JPM,233.1300048828125
2025-04-16,JPM,229.61000061035156
2025-04-17,JPM,231.9600067138672
2025-04-21,JPM,228.99000549316406
2025-04-22,JPM,235.58999633789062
2025-04-23,JPM,240.8800048828125
2025-04-24,JPM,244.63999938964844
2025-04-25,JPM,243.5500030517578
2025-04-28,JPM,243.22000122070312
2025-04-29,JPM,244.6199951171875
2025-04-30,JPM,244.6199951171875
2025-05-01,JPM,246.88999938964844
2025-05-02,JPM,252.50999450683594
2025-05-05,JPM,252.55999755859375
2025-05-06,JPM,249.25
2025-05-07,JPM,249.38999938964844
2025-05-08,JPM,253.47000122070312
2025-05-09,JPM,253.0800018310547
2025-05-12,JPM,260.04998779296875
2025-05-13,JPM,263.010009765625
2025-05-14,JPM,265.6400146484375
2025-05-15,JPM,267.489990234375
2025-05-16,JPM,267.55999755859375
2025-05-19,JPM,264.8800048828125
2025-05-20,JPM,265.67999267578125
2025-05-21,JPM,261.0400085449219
2025-05-22,JPM,260.6700134277344
2025-05-23,JPM,260.7099914550781
2025-05-27,JPM,265.2900085449219
2025-05-28,JPM,263.489990234375
2025-05-29,JPM,264.3699951171875
2025-05-30,JPM,264.0
2025-06-02,JPM,264.6600036621094
2025-06-03,JPM,266.2699890136719
2025-06-04,JPM,264.2200012207031
2025-06-05,JPM,261.95001220703125
2025-06-06,JPM,265.7300109863281
2025-06-09,JPM,266.739990234375
2025-06-10,JPM,268.6000061035156
2025-06-11,JPM,268.1499938964844
2025-06-12,JPM,268.239990234375
2025-06-13,JPM,264.95001220703125
2025-06-16,JPM,270.3599853515625
2025-06-17,JPM,269.5199890136719
2025-06-18,JPM,273.9599914550781
2025-06-20,JPM,275.0
2025-06-23,JPM,278.2699890136719
2025-06-24,JPM,281.260009765625
2025-06-25,JPM,284.05999755859375
2025-06-26,JPM,288.75
2025-06-27,JPM,287.1099853515625
2025-06-30,JPM,289.9100036621094
2025-07-01,JPM,290.4100036621094
2025-07-02,JPM,292.0
2025-07-03,JPM,296.0
2025-07-07,JPM,291.9700012207031
2025-07-08,JPM,282.7799987792969
2025-07-09,JPM,283.1600036621094
2025-07-10,JPM,288.19000244140625
2025-07-11,JPM,286.8599853515625
2025-07-14,JPM,288.70001220703125
2025-07-15,JPM,286.54998779296875
2025-07-16,JPM,285.82000732421875
2025-07-17,JPM,289.8999938964844
2025-07-18,JPM,291.2699890136719
2025-07-21,JPM,290.9700012207031
2025-07-22,JPM,291.42999267578125
2025-07-23,JPM,296.760009765625
2025-07-24,JPM,296.54998779296875
2025-07-25,JPM,298.6199951171875
2025-07-28,JPM,298.2799987792969
2025-07-29,JPM,297.0400085449219
2025-07-30,JPM,299.6300048828125
2025-07-31,JPM,296.239990234375
2025-08-01,JPM,289.3699951171875
2025-08-04,JPM,294.260009765625
2025-08-05,JPM,291.3699951171875
2025-08-06,JPM,291.3500061035156
2025-08-07,JPM,286.94000244140625
2025-08-08,JPM,288.760009765625
2025-08-11,JPM,289.55999755859375
2025-08-12,JPM,292.8500061035156
2025-08-13,JPM,290.5299987792969
2025-08-14,JPM,294.1600036621094
2025-08-15,JPM,290.489990234375
2025-08-18,JPM,291.5299987792969
2025-08-19,JPM,290.6600036621094
2025-08-20,JPM,292.239990234375
2025-08-21,JPM,291.4700012207031
2025-08-22,JPM,296.239990234375
2025-08-25,JPM,294.8999938964844
2025-08-26,JPM,298.57000732421875
2025-08-27,JPM,299.2799987792969
2025-08-28,JPM,301.07000732421875
2025-08-29,JPM,301.4200134277344
2025-09-02,JPM,299.70001220703125
2025-09-03,JPM,299.510009765625
2025-09-04,JPM,303.82000732421875
2025-09-05,JPM,294.3800048828125
2025-09-08,JPM,292.9100036621094
2025-09-09,JPM,297.8500061035156
2025-09-10,JPM,300.5400085449219
2025-09-11,JPM,305.55999755859375
2025-09-12,JPM,306.9100036621094
2025-09-15,JPM,308.8999938964844
2025-09-16,JPM,309.19000244140625
2025-09-17,JPM,311.75
2025-09-18,JPM,313.2300109863281
2025-09-19,JPM,314.7799987792969
2025-09-22,JPM,312.44000244140625
2025-09-23,JPM,312.739990234375
2025-09-24,JPM,313.4200134277344
2025-09-25,JPM,313.45001220703125
2025-09-26,JPM,316.05999755859375
2025-09-29,JPM,315.69000244140625
2025-09-30,JPM,315.42999267578125
2025-10-01,JPM,310.7099914550781
2025-10-02,JPM,307.54998779296875
2025-10-03,JPM,310.0299987792969
2025-10-06,JPM,309.17999267578125
2025-10-07,JPM,307.69000244140625
2025-10-08,JPM,304.0299987792969
2025-10-09,JPM,305.5299987792969
2025-10-10,JPM,300.8900146484375
2025-10-13,JPM,307.9700012207031
2025-10-14,JPM,302.0799865722656
2025-10-15,JPM,305.69000244140625
2025-10-16,JPM,298.5400085449219
2025-10-17,JPM,297.55999755859375
2025-10-20,JPM,302.3599853515625
2025-10-21,JPM,297.0899963378906
2025-10-22,JPM,294.1099853515625
2025-10-23,JPM,294.5400085449219
2025-10-24,JPM,300.44000244140625
2025-10-27,JPM,304.1499938964844
2025-10-28,JPM,305.3599853515625
2025-10-29,JPM,305.510009765625
2025-10-30,JPM,309.44000244140625
2025-10-31,JPM,311.1199951171875
2025-11-03,JPM,309.3500061035156
2025-11-04,JPM,309.25
2025-11-05,JPM,311.67999267578125
2025-11-06,JPM,313.4200134277344
2025-11-07,JPM,314.2099914550781
2025-11-10,JPM,316.8900146484375
2025-11-11,JPM,315.6199951171875
2025-11-12,JPM,320.4100036621094
2025-11-13,JPM,309.4800109863281
2025-11-14,JPM,303.6099853515625
2025-11-17,JPM,300.3699951171875
2025-11-18,JPM,299.4100036621094
2025-11-19,JPM,303.2699890136719
2025-11-20,JPM,298.3800048828125
2025-11-21,JPM,298.0199890136719
2025-11-24,JPM,298.0
2025-11-25,JPM,303.0
2025-11-26,JPM,307.6400146484375
2025-11-28,JPM,313.0799865722656
2025-12-01,JPM,308.9200134277344
2025-12-02,JPM,307.8800048828125
2025-12-03,JPM,312.1300048828125
2025-12-04,JPM,316.1000061035156
2025-12-05,JPM,315.0400085449219
2025-12-08,JPM,315.2099914550781
2025-12-09,JPM,300.510009765625
2025-12-10,JPM,310.1099853515625
2025-12-11,JPM,317.3800048828125
2025-12-12,JPM,318.5199890136719
2025-12-15,JPM,320.0199890136719
2025-12-16,JPM,315.54998779296875
2025-12-17,JPM,314.9800109863281
2025-12-18,JPM,313.0
2025-12-19,JPM,317.2099914550781
2025-12-22,JPM,323.0899963378906
2025-12-23,JPM,325.92999267578125
2025-12-24,JPM,329.1700134277344
2025-12-26,JPM,327.9100036621094
2025-12-29,JPM,323.75
2025-12-30,JPM,323.4200134277344
2025-12-31,JPM,322.2200012207031
2026-01-02,JPM,325.4800109863281
2026-01-05,JPM,334.0400085449219
2026-01-06,JPM,334.6099853515625
2026-01-07,JPM,326.989990234375
2026-01-08,JPM,329.7900085449219
2026-01-09,JPM,329.19000244140625
2026-01-12,JPM,324.489990234375
2026-01-13,JPM,310.8999938964844
2026-01-14,JPM,307.8699951171875
2026-01-15,JPM,309.260009765625
2026-01-16,JPM,312.4700012207031
2026-01-20,JPM,302.739990234375
2026-01-21,JPM,302.0400085449219
2026-01-22,JPM,303.6300048828125
2026-01-23,JPM,297.7200012207031
2026-01-26,JPM,301.0400085449219
2026-01-27,JPM,300.30999755859375
2026-01-28,JPM,300.7699890136719
2026-01-29,JPM,306.4200134277344
2026-01-30,JPM,305.8900146484375
2026-02-02,JPM,308.1400146484375
2026-02-03,JPM,314.8500061035156
2026-02-04,JPM,317.2699890136719
2026-02-05,JPM,310.1600036621094
2026-02-06,JPM,322.3999938964844
2026-02-09,JPM,322.1000061035156
2026-02-10,JPM,318.2799987792969
2026-02-11,JPM,310.82000732421875
2026-02-12,JPM,302.6400146484375
2026-02-13,JPM,302.54998779296875
2026-02-17,JPM,307.1300048828125
2026-02-18,JPM,308.7799987792969
2026-02-19,JPM,308.04998779296875
2026-02-20,JPM,310.7900085449219
2026-02-23,JPM,297.6700134277344
2026-02-24,JPM,297.29998779296875
2026-02-25,JPM,303.29998779296875
2026-02-26,JPM,306.1300048828125
2026-02-27,JPM,300.29998779296875
2026-03-02,JPM,297.55999755859375
2026-03-03,JPM,300.260009765625
2026-03-04,JPM,299.3900146484375
2026-03-05,JPM,293.54998779296875
2026-03-06,JPM,289.4800109863281
2026-03-09,JPM,289.9200134277344
2026-03-10,JPM,288.7300109863281
2026-03-11,JPM,287.5199890136719
2026-03-12,JPM,282.8900146484375
2026-03-13,JPM,283.44000244140625
2026-03-16,JPM,286.1600036621094
2026-03-17,JPM,286.8900146484375
2026-03-18,JPM,287.739990234375
2026-03-19,JPM,287.9700012207031
2026-03-20,JPM,286.55999755859375
2026-03-23,JPM,289.9100036621094
2026-03-24,JPM,292.3999938964844
2026-03-25,JPM,295.4200134277344
2026-03-26,JPM,291.6600036621094
2026-03-27,JPM,282.8399963378906
2026-03-30,JPM,283.7699890136719
2026-03-31,JPM,294.1600036621094
2026-04-01,JPM,295.3800048828125
2026-04-02,JPM,294.6000061035156
2026-04-06,JPM,295.45001220703125
2026-04-07,JPM,297.3999938964844
2026-04-08,JPM,307.9700012207031
2026-04-09,JPM,310.3299865722656
2026-04-10,JPM,309.8699951171875
2026-04-13,JPM,313.67999267578125
2026-04-14,JPM,311.1199951171875
2026-04-15,JPM,305.92999267578125
2026-04-16,JPM,309.95001220703125
2026-04-17,JPM,310.2900085449219
2026-04-20,JPM,316.989990234375
2026-04-21,JPM,313.0
2026-04-22,JPM,313.0199890136719
2026-04-23,JPM,311.69000244140625
2026-04-24,JPM,308.2799987792969
2026-04-27,JPM,311.6300048828125
2026-04-28,JPM,311.45001220703125
2026-04-29,JPM,309.25
2026-04-30,JPM,313.2300109863281
2026-05-01,JPM,312.4700012207031
2026-05-04,JPM,307.6499938964844
2026-05-05,JPM,309.3999938964844
2026-05-06,JPM,314.8999938964844
2026-05-07,JPM,306.2699890136719
2026-05-08,JPM,302.1000061035156
2026-05-11,JPM,300.0
2026-05-12,JPM,304.8800048828125
2026-05-13,JPM,300.25
2026-05-14,JPM,299.9100036621094
2026-05-15,JPM,297.80999755859375
2026-05-18,JPM,300.7300109863281
2026-05-19,JPM,295.70001220703125
2026-05-20,JPM,301.9800109863281
2026-05-21,JPM,303.0
2026-05-22,JPM,306.3800048828125
2026-05-26,JPM,306.739990234375
2026-05-27,JPM,299.2799987792969
2026-05-28,JPM,296.7300109863281
2026-05-29,JPM,299.30999755859375
2026-06-01,JPM,296.5799865722656
2026-06-02,JPM,300.9599914550781
2026-06-03,JPM,300.8500061035156
2026-06-04,JPM,310.8900146484375
2026-06-05,JPM,312.3699951171875
2026-06-08,JPM,311.1099853515625
2026-06-09,JPM,312.70001220703125
2026-06-10,JPM,309.1400146484375
2026-06-11,JPM,313.489990234375
2026-06-12,JPM,320.7200012207031
2026-06-15,JPM,319.3999938964844
2026-06-16,JPM,331.1400146484375
2026-06-17,JPM,333.4599914550781
2026-06-18,JPM,325.2200012207031
2026-06-22,JPM,331.4800109863281
2026-06-23,JPM,334.1400146484375
2026-06-24,JPM,333.45001220703125
2026-06-25,JPM,335.1199951171875
2026-06-26,JPM,329.04998779296875
2026-06-29,JPM,329.3900146484375
2026-06-30,JPM,327.3299865722656
2026-07-01,JPM,334.07000732421875
2026-07-02,JPM,334.4700012207031
2026-07-06,JPM,337.7200012207031
2026-07-07,JPM,339.2200012207031
2026-07-08,JPM,330.6199951171875
2026-07-09,JPM,335.4700012207031
2026-07-10,JPM,336.4700012207031
2026-07-13,JPM,334.5299987792969
2026-07-14,JPM,342.8900146484375
2026-07-15,JPM,346.9100036621094
2026-07-16,JPM,343.1499938964844
2026-07-17,JPM,341.1000061035156
2026-07-20,JPM,338.8699951171875
2026-07-21,JPM,345.2300109863281
2026-07-22,JPM,348.2099914550781
2026-07-23,JPM,349.8999938964844
2026-07-24,JPM,353.2099914550781
2026-07-27,JPM,356.20001220703125
2026-07-28,JPM,357.30999755859375
2026-07-29,JPM,344.7099914550781
2026-07-30,JPM,350.8500061035156
2026-07-31,JPM,351.7900085449219
2026-08-03,JPM,352.6400146484375
2026-08-04,JPM,357.5199890136719
2026-08-05,JPM,359.239990234375
2026-08-06,JPM,356.29998779296875
2026-08-07,JPM,357.5199890136719
2026-08-10,JPM,359.7900085449219
2026-08-11,JPM,362.0400085449219
2026-08-12,JPM,365.17999267578125
2026-08-13,JPM,363.1099853515625
2026-08-14,JPM,362.8399963378906
2026-08-17,JPM,360.9599914550781
2026-08-18,JPM,363.25
2026-08-19,JPM,357.260009765625
2026-08-20,JPM,351.54998779296875
2026-08-21,JPM,351.5799865722656
2026-08-24,JPM,356.3900146484375
2026-08-25,JPM,356.69000244140625
2026-08-26,JPM,356.5
2026-08-27,JPM,354.2200012207031
2026-08-28,JPM,357.6199951171875
2026-08-31,JPM,356.0199890136719
2026-09-01,JPM,354.95001220703125
2026-09-02,JPM,356.2200012207031
2026-09-03,JPM,362.05999755859375
2024-09-04,XOM,114.05999755859375
2024-09-05,XOM,113.16999816894531
2024-09-06,XOM,112.63999938964844
2024-09-09,XOM,115.01000213623047
2024-09-10,XOM,110.81999969482422
2024-09-11,XOM,109.72000122070312
2024-09-12,XOM,111.2300033569336
2024-09-13,XOM,111.1500015258789
2024-09-16,XOM,112.70999908447266
2024-09-17,XOM,114.18000030517578
2024-09-18,XOM,114.58000183105469
2024-09-19,XOM,116.0
2024-09-20,XOM,115.2699966430664
2024-09-23,XOM,117.36000061035156
2024-09-24,XOM,117.05000305175781
2024-09-25,XOM,114.7699966430664
2024-09-26,XOM,112.80000305175781
2024-09-27,XOM,115.81999969482422
2024-09-30,XOM,117.22000122070312
2024-10-01,XOM,119.93000030517578
2024-10-02,XOM,121.5199966430664
2024-10-03,XOM,122.58000183105469
2024-10-04,XOM,124.83000183105469
2024-10-07,XOM,125.37000274658203
2024-10-08,XOM,122.04000091552734
2024-10-09,XOM,122.08999633789062
2024-10-10,XOM,123.13999938964844
2024-10-11,XOM,123.61000061035156
2024-10-14,XOM,124.08000183105469
2024-10-15,XOM,120.3499984741211
2024-10-16,XOM,120.66000366210938
2024-10-17,XOM,120.3499984741211
2024-10-18,XOM,120.01000213623047
2024-10-21,XOM,120.08000183105469
2024-10-22,XOM,120.69999694824219
2024-10-23,XOM,120.2699966430664
2024-10-24,XOM,119.58999633789062
2024-10-25,XOM,119.48999786376953
2024-10-28,XOM,118.9000015258789
2024-10-29,XOM,117.27999877929688
2024-10-30,XOM,116.69000244140625
2024-10-31,XOM,116.77999877929688
2024-11-01,XOM,114.94999694824219
2024-11-04,XOM,118.61000061035156
2024-11-05,XOM,118.95999908447266
2024-11-06,XOM,121.0
2024-11-07,XOM,121.1500015258789
2024-11-08,XOM,121.11000061035156
2024-11-11,XOM,120.47000122070312
2024-11-12,XOM,120.3499984741211
2024-11-13,XOM,121.47000122070312
2024-11-14,XOM,120.55999755859375
2024-11-15,XOM,119.30999755859375
2024-11-18,XOM,120.30999755859375
2024-11-19,XOM,118.62999725341797
2024-11-20,XOM,120.31999969482422
2024-11-21,XOM,121.93000030517578
2024-11-22,XOM,121.79000091552734
2024-11-25,XOM,119.97000122070312
2024-11-26,XOM,117.97000122070312
2024-11-27,XOM,117.66000366210938
2024-11-29,XOM,117.95999908447266
2024-12-02,XOM,117.8499984741211
2024-12-03,XOM,117.66999816894531
2024-12-04,XOM,114.27999877929688
2024-12-05,XOM,114.77999877929688
2024-12-06,XOM,113.56999969482422
2024-12-09,XOM,112.9000015258789
2024-12-10,XOM,112.66999816894531
2024-12-11,XOM,111.91999816894531
2024-12-12,XOM,111.81999969482422
2024-12-13,XOM,110.83999633789062
2024-12-16,XOM,108.47000122070312
2024-12-17,XOM,108.01000213623047
2024-12-18,XOM,106.41999816894531
2024-12-19,XOM,105.51000213623047
2024-12-20,XOM,105.87000274658203
2024-12-23,XOM,106.30000305175781
2024-12-24,XOM,106.4000015258789
2024-12-26,XOM,106.48999786376953
2024-12-27,XOM,106.4800033569336
2024-12-30,XOM,105.76000213623047
2024-12-31,XOM,107.56999969482422
2025-01-02,XOM,107.30999755859375
2025-01-03,XOM,107.86000061035156
2025-01-06,XOM,107.73999786376953
2025-01-07,XOM,108.75
2025-01-08,XOM,106.93000030517578
2025-01-10,XOM,106.54000091552734
2025-01-13,XOM,109.29000091552734
2025-01-14,XOM,109.72000122070312
2025-01-15,XOM,111.51000213623047
2025-01-16,XOM,111.31999969482422
2025-01-17,XOM,112.31999969482422
2025-01-21,XOM,111.47000122070312
2025-01-22,XOM,109.52999877929688
2025-01-23,XOM,110.1500015258789
2025-01-24,XOM,108.66000366210938
2025-01-27,XOM,110.16999816894531
2025-01-28,XOM,108.04000091552734
2025-01-29,XOM,108.66999816894531
2025-01-30,XOM,109.56999969482422
2025-01-31,XOM,106.83000183105469
2025-02-03,XOM,107.08999633789062
2025-02-04,XOM,109.95999908447266
2025-02-05,XOM,109.87999725341797
2025-02-06,XOM,108.43000030517578
2025-02-07,XOM,108.88999938964844
2025-02-10,XOM,110.97000122070312
2025-02-11,XOM,111.66999816894531
2025-02-12,XOM,107.3499984741211
2025-02-13,XOM,108.12999725341797
2025-02-14,XOM,108.23999786376953
2025-02-18,XOM,110.13999938964844
2025-02-19,XOM,110.30000305175781
2025-02-20,XOM,112.0
2025-02-21,XOM,110.69000244140625
2025-02-24,XOM,111.2699966430664
2025-02-25,XOM,109.7300033569336
2025-02-26,XOM,109.45999908447266
2025-02-27,XOM,110.1500015258789
2025-02-28,XOM,111.33000183105469
2025-03-03,XOM,107.76000213623047
2025-03-04,XOM,107.54000091552734
2025-03-05,XOM,105.44000244140625
2025-03-06,XOM,107.62000274658203
2025-03-07,XOM,109.0199966430664
2025-03-10,XOM,111.80000305175781
2025-03-11,XOM,109.16000366210938
2025-03-12,XOM,109.12999725341797
2025-03-13,XOM,108.66999816894531
2025-03-14,XOM,111.9000015258789
2025-03-17,XOM,113.76000213623047
2025-03-18,XOM,113.63999938964844
2025-03-19,XOM,115.41000366210938
2025-03-20,XOM,115.9000015258789
2025-03-21,XOM,115.5
2025-03-24,XOM,115.80000305175781
2025-03-25,XOM,116.58999633789062
2025-03-26,XOM,118.2699966430664
2025-03-27,XOM,117.88999938964844
2025-03-28,XOM,117.7300033569336
2025-03-31,XOM,118.93000030517578
2025-04-01,XOM,119.04000091552734
2025-04-02,XOM,118.66999816894531
2025-04-03,XOM,112.43000030517578
2025-04-04,XOM,104.33999633789062
2025-04-07,XOM,102.94000244140625
2025-04-08,XOM,100.7699966430664
2025-04-09,XOM,105.80000305175781
2025-04-10,XOM,99.93000030517578
2025-04-11,XOM,103.13999938964844
2025-04-14,XOM,103.38999938964844
2025-04-15,XOM,103.0999984741211
2025-04-16,XOM,104.19000244140625
2025-04-17,XOM,106.91999816894531
2025-04-21,XOM,105.3499984741211
2025-04-22,XOM,108.30000305175781
2025-04-23,XOM,107.37000274658203
2025-04-24,XOM,108.62999725341797
2025-04-25,XOM,108.56999969482422
2025-04-28,XOM,108.62999725341797
2025-04-29,XOM,108.36000061035156
2025-04-30,XOM,105.62999725341797
2025-05-01,XOM,105.77999877929688
2025-05-02,XOM,106.20999908447266
2025-05-05,XOM,103.2699966430664
2025-05-06,XOM,104.70999908447266
2025-05-07,XOM,104.61000061035156
2025-05-08,XOM,106.06999969482422
2025-05-09,XOM,107.30999755859375
2025-05-12,XOM,109.16000366210938
2025-05-13,XOM,109.45999908447266
2025-05-14,XOM,108.4800033569336
2025-05-15,XOM,108.58000183105469
2025-05-16,XOM,108.19000244140625
2025-05-19,XOM,106.47000122070312
2025-05-20,XOM,104.94999694824219
2025-05-21,XOM,103.66000366210938
2025-05-22,XOM,102.97000122070312
2025-05-23,XOM,103.02999877929688
2025-05-27,XOM,103.5199966430664
2025-05-28,XOM,102.11000061035156
2025-05-29,XOM,102.69000244140625
2025-05-30,XOM,102.30000305175781
2025-06-02,XOM,103.05000305175781
2025-06-03,XOM,103.80000305175781
2025-06-04,XOM,102.30000305175781
2025-06-05,XOM,101.83000183105469
2025-06-06,XOM,104.2699966430664
2025-06-09,XOM,104.97000122070312
2025-06-10,XOM,107.22000122070312
2025-06-11,XOM,109.30999755859375
2025-06-12,XOM,109.7300033569336
2025-06-13,XOM,112.12000274658203
2025-06-16,XOM,112.4800033569336
2025-06-17,XOM,114.0
2025-06-18,XOM,113.19000244140625
2025-06-20,XOM,114.69999694824219
2025-06-23,XOM,111.73999786376953
2025-06-24,XOM,108.33999633789062
2025-06-25,XOM,108.37000274658203
2025-06-26,XOM,109.98999786376953
2025-06-27,XOM,109.37999725341797
2025-06-30,XOM,107.80000305175781
2025-07-01,XOM,109.23999786376953
2025-07-02,XOM,111.05000305175781
2025-07-03,XOM,112.19999694824219
2025-07-07,XOM,111.11000061035156
2025-07-08,XOM,114.19000244140625
2025-07-09,XOM,113.80000305175781
2025-07-10,XOM,114.93000030517578
2025-07-11,XOM,115.43000030517578
2025-07-14,XOM,113.91999816894531
2025-07-15,XOM,112.91000366210938
2025-07-16,XOM,112.2300033569336
2025-07-17,XOM,111.66000366210938
2025-07-18,XOM,107.7699966430664
2025-07-21,XOM,108.05000305175781
2025-07-22,XOM,108.54000091552734
2025-07-23,XOM,109.93000030517578
2025-07-24,XOM,110.79000091552734
2025-07-25,XOM,110.4000015258789
2025-07-28,XOM,111.44000244140625
2025-07-29,XOM,112.87999725341797
2025-07-30,XOM,111.9000015258789
2025-07-31,XOM,111.63999938964844
2025-08-01,XOM,109.63999938964844
2025-08-04,XOM,107.37000274658203
2025-08-05,XOM,107.23999786376953
2025-08-06,XOM,106.51000213623047
2025-08-07,XOM,105.94999694824219
2025-08-08,XOM,106.80000305175781
2025-08-11,XOM,105.83000183105469
2025-08-12,XOM,106.12999725341797
2025-08-13,XOM,107.5999984741211
2025-08-14,XOM,107.37999725341797
2025-08-15,XOM,106.48999786376953
2025-08-18,XOM,106.72000122070312
2025-08-19,XOM,107.41999816894531
2025-08-20,XOM,108.52999877929688
2025-08-21,XOM,109.2300033569336
2025-08-22,XOM,111.27999877929688
2025-08-25,XOM,111.73999786376953
2025-08-26,XOM,111.48999786376953
2025-08-27,XOM,112.75
2025-08-28,XOM,113.3499984741211
2025-08-29,XOM,114.29000091552734
2025-09-02,XOM,114.69000244140625
2025-09-03,XOM,111.91000366210938
2025-09-04,XOM,112.4000015258789
2025-09-05,XOM,109.2300033569336
2025-09-08,XOM,109.8499984741211
2025-09-09,XOM,110.6500015258789
2025-09-10,XOM,112.5
2025-09-11,XOM,112.13999938964844
2025-09-12,XOM,112.16000366210938
2025-09-15,XOM,112.3499984741211
2025-09-16,XOM,114.68000030517578
2025-09-17,XOM,115.29000091552734
2025-09-18,XOM,113.93000030517578
2025-09-19,XOM,112.81999969482422
2025-09-22,XOM,112.0199966430664
2025-09-23,XOM,113.94999694824219
2025-09-24,XOM,114.55999755859375
2025-09-25,XOM,115.58999633789062
2025-09-26,XOM,117.22000122070312
2025-09-29,XOM,114.22000122070312
2025-09-30,XOM,112.75
2025-10-01,XOM,111.98999786376953
2025-10-02,XOM,111.29000091552734
2025-10-03,XOM,113.26000213623047
2025-10-06,XOM,114.19999694824219
2025-10-07,XOM,114.26000213623047
2025-10-08,XOM,114.0199966430664
2025-10-09,XOM,112.91000366210938
2025-10-10,XOM,110.7300033569336
2025-10-13,XOM,112.23999786376953
2025-10-14,XOM,112.29000091552734
2025-10-15,XOM,111.61000061035156
2025-10-16,XOM,110.63999938964844
2025-10-17,XOM,112.23999786376953
2025-10-20,XOM,112.69999694824219
2025-10-21,XOM,112.70999908447266
2025-10-22,XOM,114.70999908447266
2025-10-23,XOM,115.9800033569336
2025-10-24,XOM,115.38999938964844
2025-10-27,XOM,115.94000244140625
2025-10-28,XOM,115.02999877929688
2025-10-29,XOM,116.44999694824219
2025-10-30,XOM,114.69000244140625
2025-10-31,XOM,114.36000061035156
2025-11-03,XOM,113.76000213623047
2025-11-04,XOM,114.13999938964844
2025-11-05,XOM,113.68000030517578
2025-11-06,XOM,114.5
2025-11-07,XOM,117.22000122070312
2025-11-10,XOM,118.22000122070312
2025-11-11,XOM,119.77999877929688
2025-11-12,XOM,118.12000274658203
2025-11-13,XOM,118.79000091552734
2025-11-14,XOM,119.29000091552734
2025-11-17,XOM,117.68000030517578
2025-11-18,XOM,119.02999877929688
2025-11-19,XOM,117.3499984741211
2025-11-20,XOM,117.0199966430664
2025-11-21,XOM,117.08000183105469
2025-11-24,XOM,115.97000122070312
2025-11-25,XOM,114.51000213623047
2025-11-26,XOM,114.7699966430664
2025-11-28,XOM,115.91999816894531
2025-12-01,XOM,116.62999725341797
2025-12-02,XOM,115.37999725341797
2025-12-03,XOM,117.80000305175781
2025-12-04,XOM,117.13999938964844
2025-12-05,XOM,116.54000091552734
2025-12-08,XOM,115.9800033569336
2025-12-09,XOM,118.25
2025-12-10,XOM,119.54000091552734
2025-12-11,XOM,119.54000091552734
2025-12-12,XOM,118.81999969482422
2025-12-15,XOM,117.76000213623047
2025-12-16,XOM,114.68000030517578
2025-12-17,XOM,117.41000366210938
2025-12-18,XOM,116.54000091552734
2025-12-19,XOM,116.69000244140625
2025-12-22,XOM,118.1500015258789
2025-12-23,XOM,119.41999816894531
2025-12-24,XOM,119.22000122070312
2025-12-26,XOM,119.11000061035156
2025-12-29,XOM,120.52999877929688
2025-12-30,XOM,120.98999786376953
2025-12-31,XOM,120.33999633789062
2026-01-02,XOM,122.6500015258789
2026-01-05,XOM,125.36000061035156
2026-01-06,XOM,121.05000305175781
2026-01-07,XOM,118.48999786376953
2026-01-08,XOM,122.91000366210938
2026-01-09,XOM,124.61000061035156
2026-01-12,XOM,124.02999877929688
2026-01-13,XOM,126.54000091552734
2026-01-14,XOM,130.1999969482422
2026-01-15,XOM,129.1300048828125
2026-01-16,XOM,129.88999938964844
2026-01-20,XOM,130.4600067138672
2026-01-21,XOM,133.61000061035156
2026-01-22,XOM,133.63999938964844
2026-01-23,XOM,134.97000122070312
2026-01-26,XOM,134.83999633789062
2026-01-27,XOM,136.8300018310547
2026-01-28,XOM,137.5800018310547
2026-01-29,XOM,140.50999450683594
2026-01-30,XOM,141.39999389648438
2026-02-02,XOM,138.39999389648438
2026-02-03,XOM,143.72999572753906
2026-02-04,XOM,147.58999633789062
2026-02-05,XOM,146.0800018310547
2026-02-06,XOM,149.0500030517578
2026-02-09,XOM,151.2100067138672
2026-02-10,XOM,151.58999633789062
2026-02-11,XOM,155.55999755859375
2026-02-12,XOM,149.92999267578125
2026-02-13,XOM,148.4499969482422
2026-02-17,XOM,146.19000244140625
2026-02-18,XOM,150.67999267578125
2026-02-19,XOM,150.97000122070312
2026-02-20,XOM,147.27999877929688
2026-02-23,XOM,150.75999450683594
2026-02-24,XOM,149.25999450683594
2026-02-25,XOM,149.05999755859375
2026-02-26,XOM,148.5399932861328
2026-02-27,XOM,152.5
2026-03-02,XOM,154.22000122070312
2026-03-03,XOM,151.8300018310547
2026-03-04,XOM,149.82000732421875
2026-03-05,XOM,150.75999450683594
2026-03-06,XOM,151.2100067138672
2026-03-09,XOM,150.44000244140625
2026-03-10,XOM,148.1300048828125
2026-03-11,XOM,151.5800018310547
2026-03-12,XOM,153.52999877929688
2026-03-13,XOM,156.1199951171875
2026-03-16,XOM,157.22999572753906
2026-03-17,XOM,158.80999755859375
2026-03-18,XOM,157.58999633789062
2026-03-19,XOM,158.16000366210938
2026-03-20,XOM,159.6699981689453
2026-03-23,XOM,161.1300048828125
2026-03-24,XOM,165.3800048828125
2026-03-25,XOM,163.25999450683594
2026-03-26,XOM,165.42999267578125
2026-03-27,XOM,170.99000549316406
2026-03-30,XOM,171.47000122070312
2026-03-31,XOM,169.66000366210938
2026-04-01,XOM,160.77999877929688
2026-04-02,XOM,160.69000244140625
2026-04-06,XOM,163.3699951171875
2026-04-07,XOM,163.91000366210938
2026-04-08,XOM,156.22000122070312
2026-04-09,XOM,155.0399932861328
2026-04-10,XOM,152.50999450683594
2026-04-13,XOM,152.63999938964844
2026-04-14,XOM,149.24000549316406
2026-04-15,XOM,149.00999450683594
2026-04-16,XOM,151.97999572753906
2026-04-17,XOM,146.44000244140625
2026-04-20,XOM,147.67999267578125
2026-04-21,XOM,148.36000061035156
2026-04-22,XOM,149.5
2026-04-23,XOM,150.52999877929688
2026-04-24,XOM,148.91000366210938
2026-04-27,XOM,148.19000244140625
2026-04-28,XOM,150.55999755859375
2026-04-29,XOM,154.6699981689453
2026-04-30,XOM,154.3300018310547
2026-05-01,XOM,152.75
2026-05-04,XOM,153.69000244140625
2026-05-05,XOM,154.8800048828125
2026-05-06,XOM,148.69000244140625
2026-05-07,XOM,146.5800018310547
2026-05-08,XOM,144.57000732421875
2026-05-11,XOM,149.67999267578125
2026-05-12,XOM,150.6300048828125
2026-05-13,XOM,151.57000732421875
2026-05-14,XOM,152.77999877929688
2026-05-15,XOM,157.9199981689453
2026-05-18,XOM,160.49000549316406
2026-05-19,XOM,162.5500030517578
2026-05-20,XOM,156.27999877929688
2026-05-21,XOM,155.2899932861328
2026-05-22,XOM,154.9199981689453
2026-05-26,XOM,149.80999755859375
2026-05-27,XOM,147.89999389648438
2026-05-28,XOM,146.9600067138672
2026-05-29,XOM,145.25999450683594
2026-06-01,XOM,149.3800048828125
2026-06-02,XOM,149.55999755859375
2026-06-03,XOM,152.52999877929688
2026-06-04,XOM,152.0399932861328
2026-06-05,XOM,149.9199981689453
2026-06-08,XOM,151.75
2026-06-09,XOM,148.91000366210938
2026-06-10,XOM,150.6199951171875
2026-06-11,XOM,146.60000610351562
2026-06-12,XOM,147.00999450683594
2026-06-15,XOM,140.9199981689453
2026-06-16,XOM,141.86000061035156
2026-06-17,XOM,140.74000549316406
2026-06-18,XOM,137.80999755859375
2026-06-22,XOM,138.47000122070312
2026-06-23,XOM,139.72999572753906
2026-06-24,XOM,136.89999389648438
2026-06-25,XOM,137.5500030517578
2026-06-26,XOM,136.5399932861328
2026-06-29,XOM,136.05999755859375
2026-06-30,XOM,136.72000122070312
2026-07-01,XOM,136.27999877929688
2026-07-02,XOM,137.08999633789062
2026-07-06,XOM,136.44000244140625
2026-07-07,XOM,141.69000244140625
2026-07-08,XOM,141.1300048828125
2026-07-09,XOM,137.4600067138672
2026-07-10,XOM,138.8800048828125
2026-07-13,XOM,144.50999450683594
2026-07-14,XOM,145.08999633789062
2026-07-15,XOM,144.50999450683594
2026-07-16,XOM,145.9499969482422
2026-07-17,XOM,147.36000061035156
2026-07-20,XOM,148.36000061035156
2026-07-21,XOM,151.7100067138672
2026-07-22,XOM,154.4499969482422
2026-07-23,XOM,156.88999938964844
2026-07-24,XOM,156.94000244140625
2026-07-27,XOM,154.77000427246094
2026-07-28,XOM,153.0399932861328
2026-07-29,XOM,156.75
2026-07-30,XOM,156.97000122070312
2026-07-31,XOM,155.44000244140625
2026-08-03,XOM,155.05999755859375
2026-08-04,XOM,153.9600067138672
2026-08-05,XOM,151.6300048828125
2026-08-06,XOM,154.83999633789062
2026-08-07,XOM,153.0399932861328
2026-08-10,XOM,159.7899932861328
2026-08-11,XOM,159.8000030517578
2026-08-12,XOM,159.75
2026-08-13,XOM,158.61000061035156
2026-08-14,XOM,160.10000610351562
2026-08-17,XOM,161.4600067138672
2026-08-18,XOM,165.55999755859375
2026-08-19,XOM,164.77000427246094
2026-08-20,XOM,166.14999389648438
2026-08-21,XOM,165.11000061035156
2026-08-24,XOM,164.0500030517578
2026-08-25,XOM,160.63999938964844
2026-08-26,XOM,158.19000244140625
2026-08-27,XOM,156.44000244140625
2026-08-28,XOM,156.7100067138672
2026-08-31,XOM,160.9499969482422
2026-09-01,XOM,164.5500030517578
2026-09-02,XOM,164.14999389648438
2026-09-03,XOM,162.2100067138672
2024-09-04,AMZN,173.3300018310547
2024-09-05,AMZN,177.88999938964844
2024-09-06,AMZN,171.38999938964844
2024-09-09,AMZN,175.39999389648438
2024-09-10,AMZN,179.5500030517578
2024-09-11,AMZN,184.52000427246094
2024-09-12,AMZN,187.0
2024-09-13,AMZN,186.49000549316406
2024-09-16,AMZN,184.88999938964844
2024-09-17,AMZN,186.8800048828125
2024-09-18,AMZN,186.42999267578125
2024-09-19,AMZN,189.8699951171875
2024-09-20,AMZN,191.60000610351562
2024-09-23,AMZN,193.8800048828125
2024-09-24,AMZN,193.9600067138672
2024-09-25,AMZN,192.52999877929688
2024-09-26,AMZN,191.16000366210938
2024-09-27,AMZN,187.97000122070312
2024-09-30,AMZN,186.3300018310547
2024-10-01,AMZN,185.1300048828125
2024-10-02,AMZN,184.75999450683594
2024-10-03,AMZN,181.9600067138672
2024-10-04,AMZN,186.50999450683594
2024-10-07,AMZN,180.8000030517578
2024-10-08,AMZN,182.72000122070312
2024-10-09,AMZN,185.1699981689453
2024-10-10,AMZN,186.64999389648438
2024-10-11,AMZN,188.82000732421875
2024-10-14,AMZN,187.5399932861328
2024-10-15,AMZN,187.69000244140625
2024-10-16,AMZN,186.88999938964844
2024-10-17,AMZN,187.52999877929688
2024-10-18,AMZN,188.99000549316406
2024-10-21,AMZN,189.07000732421875
2024-10-22,AMZN,189.6999969482422
2024-10-23,AMZN,184.7100067138672
2024-10-24,AMZN,186.3800048828125
2024-10-25,AMZN,187.8300018310547
2024-10-28,AMZN,188.38999938964844
2024-10-29,AMZN,190.8300018310547
2024-10-30,AMZN,192.72999572753906
2024-10-31,AMZN,186.39999389648438
2024-11-01,AMZN,197.92999267578125
2024-11-04,AMZN,195.77999877929688
2024-11-05,AMZN,199.5
2024-11-06,AMZN,207.08999633789062
2024-11-07,AMZN,210.0500030517578
2024-11-08,AMZN,208.17999267578125
2024-11-11,AMZN,206.83999633789062
2024-11-12,AMZN,208.91000366210938
2024-11-13,AMZN,214.10000610351562
2024-11-14,AMZN,211.47999572753906
2024-11-15,AMZN,202.61000061035156
2024-11-18,AMZN,201.6999969482422
2024-11-19,AMZN,204.61000061035156
2024-11-20,AMZN,202.8800048828125
2024-11-21,AMZN,198.3800048828125
2024-11-22,AMZN,197.1199951171875
2024-11-25,AMZN,201.4499969482422
2024-11-26,AMZN,207.86000061035156
2024-11-27,AMZN,205.74000549316406
2024-11-29,AMZN,207.88999938964844
2024-12-02,AMZN,210.7100067138672
2024-12-03,AMZN,213.44000244140625
2024-12-04,AMZN,218.16000366210938
2024-12-05,AMZN,220.5500030517578
2024-12-06,AMZN,227.02999877929688
2024-12-09,AMZN,226.08999633789062
2024-12-10,AMZN,225.0399932861328
2024-12-11,AMZN,230.25999450683594
2024-12-12,AMZN,228.97000122070312
2024-12-13,AMZN,227.4600067138672
2024-12-16,AMZN,232.92999267578125
2024-12-17,AMZN,231.14999389648438
2024-12-18,AMZN,220.52000427246094
2024-12-19,AMZN,223.2899932861328
2024-12-20,AMZN,224.9199981689453
2024-12-23,AMZN,225.05999755859375
2024-12-24,AMZN,229.0500030517578
2024-12-26,AMZN,227.0500030517578
2024-12-27,AMZN,223.75
2024-12-30,AMZN,221.3000030517578
2024-12-31,AMZN,219.38999938964844
2025-01-02,AMZN,220.22000122070312
2025-01-03,AMZN,224.19000244140625
2025-01-06,AMZN,227.61000061035156
2025-01-07,AMZN,222.11000061035156
2025-01-08,AMZN,222.1300048828125
2025-01-10,AMZN,218.94000244140625
2025-01-13,AMZN,218.4600067138672
2025-01-14,AMZN,217.75999450683594
2025-01-15,AMZN,223.35000610351562
2025-01-16,AMZN,220.66000366210938
2025-01-17,AMZN,225.94000244140625
2025-01-21,AMZN,230.7100067138672
2025-01-22,AMZN,235.00999450683594
2025-01-23,AMZN,235.4199981689453
2025-01-24,AMZN,234.85000610351562
2025-01-27,AMZN,235.4199981689453
2025-01-28,AMZN,238.14999389648438
2025-01-29,AMZN,237.07000732421875
2025-01-30,AMZN,234.63999938964844
2025-01-31,AMZN,237.67999267578125
2025-02-03,AMZN,237.4199981689453
2025-02-04,AMZN,242.05999755859375
2025-02-05,AMZN,236.1699981689453
2025-02-06,AMZN,238.8300018310547
2025-02-07,AMZN,229.14999389648438
2025-02-10,AMZN,233.13999938964844
2025-02-11,AMZN,232.75999450683594
2025-02-12,AMZN,228.92999267578125
2025-02-13,AMZN,230.3699951171875
2025-02-14,AMZN,228.67999267578125
2025-02-18,AMZN,226.64999389648438
2025-02-19,AMZN,226.6300048828125
2025-02-20,AMZN,222.8800048828125
2025-02-21,AMZN,216.5800018310547
2025-02-24,AMZN,212.7100067138672
2025-02-25,AMZN,212.8000030517578
2025-02-26,AMZN,214.35000610351562
2025-02-27,AMZN,208.74000549316406
2025-02-28,AMZN,212.27999877929688
2025-03-03,AMZN,205.02000427246094
2025-03-04,AMZN,203.8000030517578
2025-03-05,AMZN,208.36000061035156
2025-03-06,AMZN,200.6999969482422
2025-03-07,AMZN,199.25
2025-03-10,AMZN,194.5399932861328
2025-03-11,AMZN,196.58999633789062
2025-03-12,AMZN,198.88999938964844
2025-03-13,AMZN,193.88999938964844
2025-03-14,AMZN,197.9499969482422
2025-03-17,AMZN,195.74000549316406
2025-03-18,AMZN,192.82000732421875
2025-03-19,AMZN,195.5399932861328
2025-03-20,AMZN,194.9499969482422
2025-03-21,AMZN,196.2100067138672
2025-03-24,AMZN,203.25999450683594
2025-03-25,AMZN,205.7100067138672
2025-03-26,AMZN,201.1300048828125
2025-03-27,AMZN,201.36000061035156
2025-03-28,AMZN,192.72000122070312
2025-03-31,AMZN,190.25999450683594
2025-04-01,AMZN,192.1699981689453
2025-04-02,AMZN,196.00999450683594
2025-04-03,AMZN,178.41000366210938
2025-04-04,AMZN,171.0
2025-04-07,AMZN,175.25999450683594
2025-04-08,AMZN,170.66000366210938
2025-04-09,AMZN,191.10000610351562
2025-04-10,AMZN,181.22000122070312
2025-04-11,AMZN,184.8699951171875
2025-04-14,AMZN,182.1199951171875
2025-04-15,AMZN,179.58999633789062
2025-04-16,AMZN,174.3300018310547
2025-04-17,AMZN,172.61000061035156
2025-04-21,AMZN,167.32000732421875
2025-04-22,AMZN,173.17999267578125
2025-04-23,AMZN,180.60000610351562
2025-04-24,AMZN,186.5399932861328
2025-04-25,AMZN,188.99000549316406
2025-04-28,AMZN,187.6999969482422
2025-04-29,AMZN,187.38999938964844
2025-04-30,AMZN,184.4199981689453
2025-05-01,AMZN,190.1999969482422
2025-05-02,AMZN,189.97999572753906
2025-05-05,AMZN,186.35000610351562
2025-05-06,AMZN,185.00999450683594
2025-05-07,AMZN,188.7100067138672
2025-05-08,AMZN,192.0800018310547
2025-05-09,AMZN,193.05999755859375
2025-05-12,AMZN,208.63999938964844
2025-05-13,AMZN,211.3699951171875
2025-05-14,AMZN,210.25
2025-05-15,AMZN,205.1699981689453
2025-05-16,AMZN,205.58999633789062
2025-05-19,AMZN,206.16000366210938
2025-05-20,AMZN,204.07000732421875
2025-05-21,AMZN,201.1199951171875
2025-05-22,AMZN,203.10000610351562
2025-05-23,AMZN,200.99000549316406
2025-05-27,AMZN,206.02000427246094
2025-05-28,AMZN,204.72000122070312
2025-05-29,AMZN,205.6999969482422
2025-05-30,AMZN,205.00999450683594
2025-06-02,AMZN,206.64999389648438
2025-06-03,AMZN,205.7100067138672
2025-06-04,AMZN,207.22999572753906
2025-06-05,AMZN,207.91000366210938
2025-06-06,AMZN,213.57000732421875
2025-06-09,AMZN,216.97999572753906
2025-06-10,AMZN,217.61000061035156
2025-06-11,AMZN,213.1999969482422
2025-06-12,AMZN,213.24000549316406
2025-06-13,AMZN,212.10000610351562
2025-06-16,AMZN,216.10000610351562
2025-06-17,AMZN,214.82000732421875
2025-06-18,AMZN,212.52000427246094
2025-06-20,AMZN,209.69000244140625
2025-06-23,AMZN,208.47000122070312
2025-06-24,AMZN,212.77000427246094
2025-06-25,AMZN,211.99000549316406
2025-06-26,AMZN,217.1199951171875
2025-06-27,AMZN,223.3000030517578
2025-06-30,AMZN,219.38999938964844
2025-07-01,AMZN,220.4600067138672
2025-07-02,AMZN,219.9199981689453
2025-07-03,AMZN,223.41000366210938
2025-07-07,AMZN,223.47000122070312
2025-07-08,AMZN,219.36000061035156
2025-07-09,AMZN,222.5399932861328
2025-07-10,AMZN,222.25999450683594
2025-07-11,AMZN,225.02000427246094
2025-07-14,AMZN,225.69000244140625
2025-07-15,AMZN,226.35000610351562
2025-07-16,AMZN,223.19000244140625
2025-07-17,AMZN,223.8800048828125
2025-07-18,AMZN,226.1300048828125
2025-07-21,AMZN,229.3000030517578
2025-07-22,AMZN,227.47000122070312
2025-07-23,AMZN,228.2899932861328
2025-07-24,AMZN,232.22999572753906
2025-07-25,AMZN,231.44000244140625
2025-07-28,AMZN,232.7899932861328
2025-07-29,AMZN,231.00999450683594
2025-07-30,AMZN,230.19000244140625
2025-07-31,AMZN,234.11000061035156
2025-08-01,AMZN,214.75
2025-08-04,AMZN,211.64999389648438
2025-08-05,AMZN,213.75
2025-08-06,AMZN,222.30999755859375
2025-08-07,AMZN,223.1300048828125
2025-08-08,AMZN,222.69000244140625
2025-08-11,AMZN,221.3000030517578
2025-08-12,AMZN,221.47000122070312
2025-08-13,AMZN,224.55999755859375
2025-08-14,AMZN,230.97999572753906
2025-08-15,AMZN,231.02999877929688
2025-08-18,AMZN,231.49000549316406
2025-08-19,AMZN,228.00999450683594
2025-08-20,AMZN,223.80999755859375
2025-08-21,AMZN,221.9499969482422
2025-08-22,AMZN,228.83999633789062
2025-08-25,AMZN,227.94000244140625
2025-08-26,AMZN,228.7100067138672
2025-08-27,AMZN,229.1199951171875
2025-08-28,AMZN,231.60000610351562
2025-08-29,AMZN,229.0
2025-09-02,AMZN,225.33999633789062
2025-09-03,AMZN,225.99000549316406
2025-09-04,AMZN,235.67999267578125
2025-09-05,AMZN,232.3300018310547
2025-09-08,AMZN,235.83999633789062
2025-09-09,AMZN,238.24000549316406
2025-09-10,AMZN,230.3300018310547
2025-09-11,AMZN,229.9499969482422
2025-09-12,AMZN,228.14999389648438
2025-09-15,AMZN,231.42999267578125
2025-09-16,AMZN,234.0500030517578
2025-09-17,AMZN,231.6199951171875
2025-09-18,AMZN,231.22999572753906
2025-09-19,AMZN,231.47999572753906
2025-09-22,AMZN,227.6300048828125
2025-09-23,AMZN,220.7100067138672
2025-09-24,AMZN,220.2100067138672
2025-09-25,AMZN,218.14999389648438
2025-09-26,AMZN,219.77999877929688
2025-09-29,AMZN,222.1699981689453
2025-09-30,AMZN,219.57000732421875
2025-10-01,AMZN,220.6300048828125
2025-10-02,AMZN,222.41000366210938
2025-10-03,AMZN,219.50999450683594
2025-10-06,AMZN,220.89999389648438
2025-10-07,AMZN,221.77999877929688
2025-10-08,AMZN,225.22000122070312
2025-10-09,AMZN,227.74000549316406
2025-10-10,AMZN,216.3699951171875
2025-10-13,AMZN,220.07000732421875
2025-10-14,AMZN,216.38999938964844
2025-10-15,AMZN,215.57000732421875
2025-10-16,AMZN,214.47000122070312
2025-10-17,AMZN,213.0399932861328
2025-10-20,AMZN,216.47999572753906
2025-10-21,AMZN,222.02999877929688
2025-10-22,AMZN,217.9499969482422
2025-10-23,AMZN,221.08999633789062
2025-10-24,AMZN,224.2100067138672
2025-10-27,AMZN,226.97000122070312
2025-10-28,AMZN,229.25
2025-10-29,AMZN,230.3000030517578
2025-10-30,AMZN,222.86000061035156
2025-10-31,AMZN,244.22000122070312
2025-11-03,AMZN,254.0
2025-11-04,AMZN,249.32000732421875
2025-11-05,AMZN,250.1999969482422
2025-11-06,AMZN,243.0399932861328
2025-11-07,AMZN,244.41000366210938
2025-11-10,AMZN,248.39999389648438
2025-11-11,AMZN,249.10000610351562
2025-11-12,AMZN,244.1999969482422
2025-11-13,AMZN,237.5800018310547
2025-11-14,AMZN,234.69000244140625
2025-11-17,AMZN,232.8699951171875
2025-11-18,AMZN,222.5500030517578
2025-11-19,AMZN,222.69000244140625
2025-11-20,AMZN,217.13999938964844
2025-11-21,AMZN,220.69000244140625
2025-11-24,AMZN,226.27999877929688
2025-11-25,AMZN,229.6699981689453
2025-11-26,AMZN,229.16000366210938
2025-11-28,AMZN,233.22000122070312
2025-12-01,AMZN,233.8800048828125
2025-12-02,AMZN,234.4199981689453
2025-12-03,AMZN,232.3800048828125
2025-12-04,AMZN,229.11000061035156
2025-12-05,AMZN,229.52999877929688
2025-12-08,AMZN,226.88999938964844
2025-12-09,AMZN,227.9199981689453
2025-12-10,AMZN,231.77999877929688
2025-12-11,AMZN,230.27999877929688
2025-12-12,AMZN,226.19000244140625
2025-12-15,AMZN,222.5399932861328
2025-12-16,AMZN,222.55999755859375
2025-12-17,AMZN,221.27000427246094
2025-12-18,AMZN,226.75999450683594
2025-12-19,AMZN,227.35000610351562
2025-12-22,AMZN,228.42999267578125
2025-12-23,AMZN,232.13999938964844
2025-12-24,AMZN,232.3800048828125
2025-12-26,AMZN,232.52000427246094
2025-12-29,AMZN,232.07000732421875
2025-12-30,AMZN,232.52999877929688
2025-12-31,AMZN,230.82000732421875
2026-01-02,AMZN,226.5
2026-01-05,AMZN,233.05999755859375
2026-01-06,AMZN,240.92999267578125
2026-01-07,AMZN,241.55999755859375
2026-01-08,AMZN,246.2899932861328
2026-01-09,AMZN,247.3800048828125
2026-01-12,AMZN,246.47000122070312
2026-01-13,AMZN,242.60000610351562
2026-01-14,AMZN,236.64999389648438
2026-01-15,AMZN,238.17999267578125
2026-01-16,AMZN,239.1199951171875
2026-01-20,AMZN,231.0
2026-01-21,AMZN,231.30999755859375
2026-01-22,AMZN,234.33999633789062
2026-01-23,AMZN,239.16000366210938
2026-01-26,AMZN,238.4199981689453
2026-01-27,AMZN,244.67999267578125
2026-01-28,AMZN,243.00999450683594
2026-01-29,AMZN,241.72999572753906
2026-01-30,AMZN,239.3000030517578
2026-02-02,AMZN,242.9600067138672
2026-02-03,AMZN,238.6199951171875
2026-02-04,AMZN,232.99000549316406
2026-02-05,AMZN,222.69000244140625
2026-02-06,AMZN,210.32000732421875
2026-02-09,AMZN,208.72000122070312
2026-02-10,AMZN,206.9600067138672
2026-02-11,AMZN,204.0800018310547
2026-02-12,AMZN,199.60000610351562
2026-02-13,AMZN,198.7899932861328
2026-02-17,AMZN,201.14999389648438
2026-02-18,AMZN,204.7899932861328
2026-02-19,AMZN,204.86000061035156
2026-02-20,AMZN,210.11000061035156
2026-02-23,AMZN,205.27000427246094
2026-02-24,AMZN,208.55999755859375
2026-02-25,AMZN,210.63999938964844
2026-02-26,AMZN,207.9199981689453
2026-02-27,AMZN,210.0
2026-03-02,AMZN,208.38999938964844
2026-03-03,AMZN,208.72999572753906
2026-03-04,AMZN,216.82000732421875
2026-03-05,AMZN,218.94000244140625
2026-03-06,AMZN,213.2100067138672
2026-03-09,AMZN,213.49000549316406
2026-03-10,AMZN,214.3300018310547
2026-03-11,AMZN,212.64999389648438
2026-03-12,AMZN,209.52999877929688
2026-03-13,AMZN,207.6699981689453
2026-03-16,AMZN,211.74000549316406
2026-03-17,AMZN,215.1999969482422
2026-03-18,AMZN,209.8699951171875
2026-03-19,AMZN,208.75999450683594
2026-03-20,AMZN,205.3699951171875
2026-03-23,AMZN,210.13999938964844
2026-03-24,AMZN,207.24000549316406
2026-03-25,AMZN,211.7100067138672
2026-03-26,AMZN,207.5399932861328
2026-03-27,AMZN,199.33999633789062
2026-03-30,AMZN,200.9499969482422
2026-03-31,AMZN,208.27000427246094
2026-04-01,AMZN,210.57000732421875
2026-04-02,AMZN,209.77000427246094
2026-04-06,AMZN,212.7899932861328
2026-04-07,AMZN,213.77000427246094
2026-04-08,AMZN,221.25
2026-04-09,AMZN,233.64999389648438
2026-04-10,AMZN,238.3800048828125
2026-04-13,AMZN,239.88999938964844
2026-04-14,AMZN,249.02000427246094
2026-04-15,AMZN,248.5
2026-04-16,AMZN,249.6999969482422
2026-04-17,AMZN,250.55999755859375
2026-04-20,AMZN,248.27999877929688
2026-04-21,AMZN,249.91000366210938
2026-04-22,AMZN,255.36000061035156
2026-04-23,AMZN,255.0800018310547
2026-04-24,AMZN,263.989990234375
2026-04-27,AMZN,261.1199951171875
2026-04-28,AMZN,259.70001220703125
2026-04-29,AMZN,263.0400085449219
2026-04-30,AMZN,265.05999755859375
2026-05-01,AMZN,268.260009765625
2026-05-04,AMZN,272.04998779296875
2026-05-05,AMZN,273.54998779296875
2026-05-06,AMZN,274.989990234375
2026-05-07,AMZN,271.1700134277344
2026-05-08,AMZN,272.67999267578125
2026-05-11,AMZN,268.989990234375
2026-05-12,AMZN,265.82000732421875
2026-05-13,AMZN,270.1300048828125
2026-05-14,AMZN,267.2200012207031
2026-05-15,AMZN,264.1400146484375
2026-05-18,AMZN,264.8599853515625
2026-05-19,AMZN,259.3399963378906
2026-05-20,AMZN,265.010009765625
2026-05-21,AMZN,268.4599914550781
2026-05-22,AMZN,266.32000732421875
2026-05-26,AMZN,265.2900085449219
2026-05-27,AMZN,271.8500061035156
2026-05-28,AMZN,274.0
2026-05-29,AMZN,270.6400146484375
2026-06-01,AMZN,261.260009765625
2026-06-02,AMZN,256.5199890136719
2026-06-03,AMZN,250.02000427246094
2026-06-04,AMZN,253.7899932861328
2026-06-05,AMZN,246.02999877929688
2026-06-08,AMZN,245.22000122070312
2026-06-09,AMZN,244.19000244140625
2026-06-10,AMZN,238.0
2026-06-11,AMZN,241.50999450683594
2026-06-12,AMZN,238.5500030517578
2026-06-15,AMZN,246.02000427246094
2026-06-16,AMZN,246.0
2026-06-17,AMZN,237.5
2026-06-18,AMZN,244.38999938964844
2026-06-22,AMZN,232.7899932861328
2026-06-23,AMZN,234.11000061035156
2026-06-24,AMZN,234.27000427246094
2026-06-25,AMZN,227.00999450683594
2026-06-26,AMZN,232.69000244140625
2026-06-29,AMZN,240.13999938964844
2026-06-30,AMZN,238.33999633789062
2026-07-01,AMZN,241.6999969482422
2026-07-02,AMZN,242.6699981689453
2026-07-06,AMZN,244.16000366210938
2026-07-07,AMZN,245.97999572753906
2026-07-08,AMZN,243.6199951171875
2026-07-09,AMZN,247.0399932861328
2026-07-10,AMZN,245.33999633789062
2026-07-13,AMZN,247.30999755859375
2026-07-14,AMZN,247.49000549316406
2026-07-15,AMZN,254.9600067138672
2026-07-16,AMZN,249.88999938964844
2026-07-17,AMZN,247.22999572753906
2026-07-20,AMZN,249.99000549316406
2026-07-21,AMZN,247.5500030517578
2026-07-22,AMZN,244.85000610351562
2026-07-23,AMZN,233.66000366210938
2026-07-24,AMZN,232.11000061035156
2026-07-27,AMZN,231.38999938964844
2026-07-28,AMZN,230.86000061035156
2026-07-29,AMZN,226.64999389648438
2026-07-30,AMZN,235.5
2026-07-31,AMZN,271.5799865722656
2026-08-03,AMZN,284.0199890136719
2026-08-04,AMZN,277.4200134277344
2026-08-05,AMZN,272.6499938964844
2026-08-06,AMZN,272.260009765625
2026-08-07,AMZN,274.4800109863281
2026-08-10,AMZN,278.0899963378906
2026-08-11,AMZN,272.2699890136719
2026-08-12,AMZN,267.2799987792969
2026-08-13,AMZN,265.1300048828125
2026-08-14,AMZN,262.6499938964844
2026-08-17,AMZN,261.30999755859375
2026-08-18,AMZN,259.45001220703125
2026-08-19,AMZN,265.8399963378906
2026-08-20,AMZN,260.1099853515625
2026-08-21,AMZN,258.6300048828125
2026-08-24,AMZN,262.07000732421875
2026-08-25,AMZN,261.05999755859375
2026-08-26,AMZN,260.2799987792969
2026-08-27,AMZN,256.260009765625
2026-08-28,AMZN,266.42999267578125
2026-08-31,AMZN,259.7699890136719
2026-09-01,AMZN,254.9199981689453
2026-09-02,AMZN,254.97999572753906
2026-09-03,AMZN,258.8999938964844
2024-09-04,GOOGL,156.4499969482422
2024-09-05,GOOGL,157.24000549316406
2024-09-06,GOOGL,150.9199981689453
2024-09-09,GOOGL,148.7100067138672
2024-09-10,GOOGL,148.66000366210938
2024-09-11,GOOGL,151.16000366210938
2024-09-12,GOOGL,154.69000244140625
2024-09-13,GOOGL,157.4600067138672
2024-09-16,GOOGL,158.05999755859375
2024-09-17,GOOGL,159.32000732421875
2024-09-18,GOOGL,159.80999755859375
2024-09-19,GOOGL,162.13999938964844
2024-09-20,GOOGL,163.58999633789062
2024-09-23,GOOGL,161.85000610351562
2024-09-24,GOOGL,162.2899932861328
2024-09-25,GOOGL,161.49000549316406
2024-09-26,GOOGL,162.72999572753906
2024-09-27,GOOGL,163.9499969482422
2024-09-30,GOOGL,165.85000610351562
2024-10-01,GOOGL,166.99000549316406
2024-10-02,GOOGL,165.86000061035156
2024-10-03,GOOGL,165.86000061035156
2024-10-04,GOOGL,167.05999755859375
2024-10-07,GOOGL,162.97999572753906
2024-10-08,GOOGL,164.3800048828125
2024-10-09,GOOGL,161.86000061035156
2024-10-10,GOOGL,162.0800018310547
2024-10-11,GOOGL,163.24000549316406
2024-10-14,GOOGL,164.9600067138672
2024-10-15,GOOGL,165.4600067138672
2024-10-16,GOOGL,165.16000366210938
2024-10-17,GOOGL,162.92999267578125
2024-10-18,GOOGL,163.4199981689453
2024-10-21,GOOGL,164.07000732421875
2024-10-22,GOOGL,165.13999938964844
2024-10-23,GOOGL,162.77999877929688
2024-10-24,GOOGL,162.72000122070312
2024-10-25,GOOGL,165.27000427246094
2024-10-28,GOOGL,166.72000122070312
2024-10-29,GOOGL,169.67999267578125
2024-10-30,GOOGL,174.4600067138672
2024-10-31,GOOGL,171.11000061035156
2024-11-01,GOOGL,171.2899932861328
2024-11-04,GOOGL,169.24000549316406
2024-11-05,GOOGL,169.74000549316406
2024-11-06,GOOGL,176.50999450683594
2024-11-07,GOOGL,180.75
2024-11-08,GOOGL,178.35000610351562
2024-11-11,GOOGL,180.35000610351562
2024-11-12,GOOGL,181.6199951171875
2024-11-13,GOOGL,178.8800048828125
2024-11-14,GOOGL,175.5800018310547
2024-11-15,GOOGL,172.49000549316406
2024-11-18,GOOGL,175.3000030517578
2024-11-19,GOOGL,178.1199951171875
2024-11-20,GOOGL,175.97999572753906
2024-11-21,GOOGL,167.6300048828125
2024-11-22,GOOGL,164.75999450683594
2024-11-25,GOOGL,167.64999389648438
2024-11-26,GOOGL,169.1199951171875
2024-11-27,GOOGL,169.22999572753906
2024-11-29,GOOGL,168.9499969482422
2024-12-02,GOOGL,171.49000549316406
2024-12-03,GOOGL,171.33999633789062
2024-12-04,GOOGL,174.3699951171875
2024-12-05,GOOGL,172.63999938964844
2024-12-06,GOOGL,174.7100067138672
2024-12-09,GOOGL,175.3699951171875
2024-12-10,GOOGL,185.1699981689453
2024-12-11,GOOGL,195.39999389648438
2024-12-12,GOOGL,191.9600067138672
2024-12-13,GOOGL,189.82000732421875
2024-12-16,GOOGL,196.66000366210938
2024-12-17,GOOGL,195.4199981689453
2024-12-18,GOOGL,188.39999389648438
2024-12-19,GOOGL,188.50999450683594
2024-12-20,GOOGL,191.41000366210938
2024-12-23,GOOGL,194.6300048828125
2024-12-24,GOOGL,196.11000061035156
2024-12-26,GOOGL,195.60000610351562
2024-12-27,GOOGL,192.75999450683594
2024-12-30,GOOGL,191.24000549316406
2024-12-31,GOOGL,189.3000030517578
2025-01-02,GOOGL,189.42999267578125
2025-01-03,GOOGL,191.7899932861328
2025-01-06,GOOGL,196.8699951171875
2025-01-07,GOOGL,195.49000549316406
2025-01-08,GOOGL,193.9499969482422
2025-01-10,GOOGL,192.0399932861328
2025-01-13,GOOGL,191.00999450683594
2025-01-14,GOOGL,189.66000366210938
2025-01-15,GOOGL,195.5500030517578
2025-01-16,GOOGL,192.91000366210938
2025-01-17,GOOGL,196.0
2025-01-21,GOOGL,198.0500030517578
2025-01-22,GOOGL,198.3699951171875
2025-01-23,GOOGL,197.97999572753906
2025-01-24,GOOGL,200.2100067138672
2025-01-27,GOOGL,191.80999755859375
2025-01-28,GOOGL,195.3000030517578
2025-01-29,GOOGL,195.41000366210938
2025-01-30,GOOGL,200.8699951171875
2025-01-31,GOOGL,204.02000427246094
2025-02-03,GOOGL,201.22999572753906
2025-02-04,GOOGL,206.3800048828125
2025-02-05,GOOGL,191.3300018310547
2025-02-06,GOOGL,191.60000610351562
2025-02-07,GOOGL,185.33999633789062
2025-02-10,GOOGL,186.47000122070312
2025-02-11,GOOGL,185.32000732421875
2025-02-12,GOOGL,183.61000061035156
2025-02-13,GOOGL,186.13999938964844
2025-02-14,GOOGL,185.22999572753906
2025-02-18,GOOGL,183.77000427246094
2025-02-19,GOOGL,185.27000427246094
2025-02-20,GOOGL,184.55999755859375
2025-02-21,GOOGL,179.66000366210938
2025-02-24,GOOGL,179.25
2025-02-25,GOOGL,175.4199981689453
2025-02-26,GOOGL,172.72999572753906
2025-02-27,GOOGL,168.5
2025-02-28,GOOGL,170.27999877929688
2025-03-03,GOOGL,167.00999450683594
2025-03-04,GOOGL,170.9199981689453
2025-03-05,GOOGL,173.02000427246094
2025-03-06,GOOGL,172.35000610351562
2025-03-07,GOOGL,173.86000061035156
2025-03-10,GOOGL,165.8699951171875
2025-03-11,GOOGL,164.0399932861328
2025-03-12,GOOGL,167.11000061035156
2025-03-13,GOOGL,162.75999450683594
2025-03-14,GOOGL,165.49000549316406
2025-03-17,GOOGL,164.2899932861328
2025-03-18,GOOGL,160.6699981689453
2025-03-19,GOOGL,163.88999938964844
2025-03-20,GOOGL,162.8000030517578
2025-03-21,GOOGL,163.99000549316406
2025-03-24,GOOGL,167.67999267578125
2025-03-25,GOOGL,170.55999755859375
2025-03-26,GOOGL,165.05999755859375
2025-03-27,GOOGL,162.24000549316406
2025-03-28,GOOGL,154.3300018310547
2025-03-31,GOOGL,154.63999938964844
2025-04-01,GOOGL,157.07000732421875
2025-04-02,GOOGL,157.0399932861328
2025-04-03,GOOGL,150.72000122070312
2025-04-04,GOOGL,145.60000610351562
2025-04-07,GOOGL,146.75
2025-04-08,GOOGL,144.6999969482422
2025-04-09,GOOGL,158.7100067138672
2025-04-10,GOOGL,152.82000732421875
2025-04-11,GOOGL,157.13999938964844
2025-04-14,GOOGL,159.07000732421875
2025-04-15,GOOGL,156.30999755859375
2025-04-16,GOOGL,153.3300018310547
2025-04-17,GOOGL,151.16000366210938
2025-04-21,GOOGL,147.6699981689453
2025-04-22,GOOGL,151.47000122070312
2025-04-23,GOOGL,155.35000610351562
2025-04-24,GOOGL,159.27999877929688
2025-04-25,GOOGL,161.9600067138672
2025-04-28,GOOGL,160.61000061035156
2025-04-29,GOOGL,160.16000366210938
2025-04-30,GOOGL,158.8000030517578
2025-05-01,GOOGL,161.3000030517578
2025-05-02,GOOGL,164.02999877929688
2025-05-05,GOOGL,164.2100067138672
2025-05-06,GOOGL,163.22999572753906
2025-05-07,GOOGL,151.3800048828125
2025-05-08,GOOGL,154.27999877929688
2025-05-09,GOOGL,152.75
2025-05-12,GOOGL,158.4600067138672
2025-05-13,GOOGL,159.52999877929688
2025-05-14,GOOGL,165.3699951171875
2025-05-15,GOOGL,163.9600067138672
2025-05-16,GOOGL,166.19000244140625
2025-05-19,GOOGL,166.5399932861328
2025-05-20,GOOGL,163.97999572753906
2025-05-21,GOOGL,168.55999755859375
2025-05-22,GOOGL,170.8699951171875
2025-05-23,GOOGL,168.47000122070312
2025-05-27,GOOGL,172.89999389648438
2025-05-28,GOOGL,172.36000061035156
2025-05-29,GOOGL,171.86000061035156
2025-05-30,GOOGL,171.74000549316406
2025-06-02,GOOGL,169.02999877929688
2025-06-03,GOOGL,166.17999267578125
2025-06-04,GOOGL,168.0500030517578
2025-06-05,GOOGL,168.2100067138672
2025-06-06,GOOGL,173.67999267578125
2025-06-09,GOOGL,176.08999633789062
2025-06-10,GOOGL,178.60000610351562
2025-06-11,GOOGL,177.35000610351562
2025-06-12,GOOGL,175.6999969482422
2025-06-13,GOOGL,174.6699981689453
2025-06-16,GOOGL,176.77000427246094
2025-06-17,GOOGL,175.9499969482422
2025-06-18,GOOGL,173.32000732421875
2025-06-20,GOOGL,166.63999938964844
2025-06-23,GOOGL,165.19000244140625
2025-06-24,GOOGL,166.77000427246094
2025-06-25,GOOGL,170.67999267578125
2025-06-26,GOOGL,173.5399932861328
2025-06-27,GOOGL,178.52999877929688
2025-06-30,GOOGL,176.22999572753906
2025-07-01,GOOGL,175.83999633789062
2025-07-02,GOOGL,178.63999938964844
2025-07-03,GOOGL,179.52999877929688
2025-07-07,GOOGL,176.7899932861328
2025-07-08,GOOGL,174.36000061035156
2025-07-09,GOOGL,176.6199951171875
2025-07-10,GOOGL,177.6199951171875
2025-07-11,GOOGL,180.19000244140625
2025-07-14,GOOGL,181.55999755859375
2025-07-15,GOOGL,182.0
2025-07-16,GOOGL,182.97000122070312
2025-07-17,GOOGL,183.5800018310547
2025-07-18,GOOGL,185.05999755859375
2025-07-21,GOOGL,190.10000610351562
2025-07-22,GOOGL,191.33999633789062
2025-07-23,GOOGL,190.22999572753906
2025-07-24,GOOGL,192.1699981689453
2025-07-25,GOOGL,193.17999267578125
2025-07-28,GOOGL,192.5800018310547
2025-07-29,GOOGL,195.75
2025-07-30,GOOGL,196.52999877929688
2025-07-31,GOOGL,191.89999389648438
2025-08-01,GOOGL,189.1300048828125
2025-08-04,GOOGL,195.0399932861328
2025-08-05,GOOGL,194.6699981689453
2025-08-06,GOOGL,196.08999633789062
2025-08-07,GOOGL,196.52000427246094
2025-08-08,GOOGL,201.4199981689453
2025-08-11,GOOGL,201.0
2025-08-12,GOOGL,203.33999633789062
2025-08-13,GOOGL,201.9600067138672
2025-08-14,GOOGL,202.94000244140625
2025-08-15,GOOGL,203.89999389648438
2025-08-18,GOOGL,203.5
2025-08-19,GOOGL,201.57000732421875
2025-08-20,GOOGL,199.32000732421875
2025-08-21,GOOGL,199.75
2025-08-22,GOOGL,206.08999633789062
2025-08-25,GOOGL,208.49000549316406
2025-08-26,GOOGL,207.13999938964844
2025-08-27,GOOGL,207.47999572753906
2025-08-28,GOOGL,211.63999938964844
2025-08-29,GOOGL,212.91000366210938
2025-09-02,GOOGL,211.35000610351562
2025-09-03,GOOGL,230.66000366210938
2025-09-04,GOOGL,232.3000030517578
2025-09-05,GOOGL,235.0
2025-09-08,GOOGL,234.0399932861328
2025-09-09,GOOGL,239.6300048828125
2025-09-10,GOOGL,239.1699981689453
2025-09-11,GOOGL,240.3699951171875
2025-09-12,GOOGL,240.8000030517578
2025-09-15,GOOGL,251.61000061035156
2025-09-16,GOOGL,251.16000366210938
2025-09-17,GOOGL,249.52999877929688
2025-09-18,GOOGL,252.02999877929688
2025-09-19,GOOGL,254.72000122070312
2025-09-22,GOOGL,252.52999877929688
2025-09-23,GOOGL,251.66000366210938
2025-09-24,GOOGL,247.13999938964844
2025-09-25,GOOGL,245.7899932861328
2025-09-26,GOOGL,246.5399932861328
2025-09-29,GOOGL,244.0500030517578
2025-09-30,GOOGL,243.10000610351562
2025-10-01,GOOGL,244.89999389648438
2025-10-02,GOOGL,245.69000244140625
2025-10-03,GOOGL,245.35000610351562
2025-10-06,GOOGL,250.42999267578125
2025-10-07,GOOGL,245.75999450683594
2025-10-08,GOOGL,244.6199951171875
2025-10-09,GOOGL,241.52999877929688
2025-10-10,GOOGL,236.57000732421875
2025-10-13,GOOGL,244.14999389648438
2025-10-14,GOOGL,245.4499969482422
2025-10-15,GOOGL,251.02999877929688
2025-10-16,GOOGL,251.4600067138672
2025-10-17,GOOGL,253.3000030517578
2025-10-20,GOOGL,256.54998779296875
2025-10-21,GOOGL,250.4600067138672
2025-10-22,GOOGL,251.69000244140625
2025-10-23,GOOGL,253.0800018310547
2025-10-24,GOOGL,259.9200134277344
2025-10-27,GOOGL,269.2699890136719
2025-10-28,GOOGL,267.4700012207031
2025-10-29,GOOGL,274.57000732421875
2025-10-30,GOOGL,281.4800109863281
2025-10-31,GOOGL,281.19000244140625
2025-11-03,GOOGL,283.7200012207031
2025-11-04,GOOGL,277.5400085449219
2025-11-05,GOOGL,284.30999755859375
2025-11-06,GOOGL,284.75
2025-11-07,GOOGL,278.8299865722656
2025-11-10,GOOGL,290.1000061035156
2025-11-11,GOOGL,291.30999755859375
2025-11-12,GOOGL,286.7099914550781
2025-11-13,GOOGL,278.57000732421875
2025-11-14,GOOGL,276.4100036621094
2025-11-17,GOOGL,285.0199890136719
2025-11-18,GOOGL,284.2799987792969
2025-11-19,GOOGL,292.80999755859375
2025-11-20,GOOGL,289.45001220703125
2025-11-21,GOOGL,299.6600036621094
2025-11-24,GOOGL,318.5799865722656
2025-11-25,GOOGL,323.44000244140625
2025-11-26,GOOGL,319.95001220703125
2025-11-28,GOOGL,320.17999267578125
2025-12-01,GOOGL,314.8900146484375
2025-12-02,GOOGL,315.80999755859375
2025-12-03,GOOGL,319.6300048828125
2025-12-04,GOOGL,317.6199951171875
2025-12-05,GOOGL,321.2699890136719
2025-12-08,GOOGL,313.7200012207031
2025-12-09,GOOGL,317.0799865722656
2025-12-10,GOOGL,320.2099914550781
2025-12-11,GOOGL,312.42999267578125
2025-12-12,GOOGL,309.2900085449219
2025-12-15,GOOGL,308.2200012207031
2025-12-16,GOOGL,306.57000732421875
2025-12-17,GOOGL,296.7200012207031
2025-12-18,GOOGL,302.4599914550781
2025-12-19,GOOGL,307.1600036621094
2025-12-22,GOOGL,309.7799987792969
2025-12-23,GOOGL,314.3500061035156
2025-12-24,GOOGL,314.0899963378906
2025-12-26,GOOGL,313.510009765625
2025-12-29,GOOGL,313.55999755859375
2025-12-30,GOOGL,313.8500061035156
2025-12-31,GOOGL,313.0
2026-01-02,GOOGL,315.1499938964844
2026-01-05,GOOGL,316.5400085449219
2026-01-06,GOOGL,314.3399963378906
2026-01-07,GOOGL,321.9800109863281
2026-01-08,GOOGL,325.44000244140625
2026-01-09,GOOGL,328.57000732421875
2026-01-12,GOOGL,331.8599853515625
2026-01-13,GOOGL,335.9700012207031
2026-01-14,GOOGL,335.8399963378906
2026-01-15,GOOGL,332.7799987792969
2026-01-16,GOOGL,330.0
2026-01-20,GOOGL,322.0
2026-01-21,GOOGL,328.3800048828125
2026-01-22,GOOGL,330.5400085449219
2026-01-23,GOOGL,327.92999267578125
2026-01-26,GOOGL,333.260009765625
2026-01-27,GOOGL,334.54998779296875
2026-01-28,GOOGL,336.010009765625
2026-01-29,GOOGL,338.25
2026-01-30,GOOGL,338.0
2026-02-02,GOOGL,343.69000244140625
2026-02-03,GOOGL,339.7099914550781
2026-02-04,GOOGL,333.0400085449219
2026-02-05,GOOGL,331.25
2026-02-06,GOOGL,322.8599853515625
2026-02-09,GOOGL,324.32000732421875
2026-02-10,GOOGL,318.5799865722656
2026-02-11,GOOGL,310.9599914550781
2026-02-12,GOOGL,309.0
2026-02-13,GOOGL,305.7200012207031
2026-02-17,GOOGL,302.0199890136719
2026-02-18,GOOGL,303.3299865722656
2026-02-19,GOOGL,302.8500061035156
2026-02-20,GOOGL,314.9800109863281
2026-02-23,GOOGL,311.489990234375
2026-02-24,GOOGL,310.8999938964844
2026-02-25,GOOGL,312.8999938964844
2026-02-26,GOOGL,307.3800048828125
2026-02-27,GOOGL,311.760009765625
2026-03-02,GOOGL,306.5199890136719
2026-03-03,GOOGL,303.5799865722656
2026-03-04,GOOGL,303.1300048828125
2026-03-05,GOOGL,300.8800048828125
2026-03-06,GOOGL,298.5199890136719
2026-03-09,GOOGL,306.3599853515625
2026-03-10,GOOGL,307.0400085449219
2026-03-11,GOOGL,308.70001220703125
2026-03-12,GOOGL,303.54998779296875
2026-03-13,GOOGL,302.2799987792969
2026-03-16,GOOGL,305.55999755859375
2026-03-17,GOOGL,310.9200134277344
2026-03-18,GOOGL,307.69000244140625
2026-03-19,GOOGL,307.1300048828125
2026-03-20,GOOGL,301.0
2026-03-23,GOOGL,302.05999755859375
2026-03-24,GOOGL,290.44000244140625
2026-03-25,GOOGL,290.92999267578125
2026-03-26,GOOGL,280.9200134277344
2026-03-27,GOOGL,274.3399963378906
2026-03-30,GOOGL,273.5
2026-03-31,GOOGL,287.55999755859375
2026-04-01,GOOGL,297.3900146484375
2026-04-02,GOOGL,295.7699890136719
2026-04-06,GOOGL,299.989990234375
2026-04-07,GOOGL,305.4599914550781
2026-04-08,GOOGL,317.32000732421875
2026-04-09,GOOGL,318.489990234375
2026-04-10,GOOGL,317.239990234375
2026-04-13,GOOGL,321.30999755859375
2026-04-14,GOOGL,332.9100036621094
2026-04-15,GOOGL,337.1199951171875
2026-04-16,GOOGL,336.0199890136719
2026-04-17,GOOGL,341.67999267578125
2026-04-20,GOOGL,337.4200134277344
2026-04-21,GOOGL,332.2900085449219
2026-04-22,GOOGL,339.32000732421875
2026-04-23,GOOGL,338.8900146484375
2026-04-24,GOOGL,344.3999938964844
2026-04-27,GOOGL,350.3399963378906
2026-04-28,GOOGL,349.7799987792969
2026-04-29,GOOGL,349.94000244140625
2026-04-30,GOOGL,384.79998779296875
2026-05-01,GOOGL,385.69000244140625
2026-05-04,GOOGL,383.25
2026-05-05,GOOGL,388.42999267578125
2026-05-06,GOOGL,398.0400085449219
2026-05-07,GOOGL,397.989990234375
2026-05-08,GOOGL,400.79998779296875
2026-05-11,GOOGL,388.6400146484375
2026-05-12,GOOGL,387.3500061035156
2026-05-13,GOOGL,402.6199951171875
2026-05-14,GOOGL,401.07000732421875
2026-05-15,GOOGL,396.7799987792969
2026-05-18,GOOGL,396.94000244140625
2026-05-19,GOOGL,387.6600036621094
2026-05-20,GOOGL,388.9100036621094
2026-05-21,GOOGL,387.6600036621094
2026-05-22,GOOGL,382.9700012207031
2026-05-26,GOOGL,388.8800048828125
2026-05-27,GOOGL,388.8299865722656
2026-05-28,GOOGL,390.1300048828125
2026-05-29,GOOGL,380.3399963378906
2026-06-01,GOOGL,376.3699951171875
2026-06-02,GOOGL,361.8500061035156
2026-06-03,GOOGL,358.989990234375
2026-06-04,GOOGL,372.19000244140625
2026-06-05,GOOGL,368.5299987792969
2026-06-08,GOOGL,363.30999755859375
2026-06-09,GOOGL,364.260009765625
2026-06-10,GOOGL,356.3800048828125
2026-06-11,GOOGL,357.7699890136719
2026-06-12,GOOGL,359.67999267578125
2026-06-15,GOOGL,369.3500061035156
2026-06-16,GOOGL,373.25
2026-06-17,GOOGL,363.7900085449219
2026-06-18,GOOGL,368.0299987792969
2026-06-22,GOOGL,349.67999267578125
2026-06-23,GOOGL,346.1300048828125
2026-06-24,GOOGL,345.2900085449219
2026-06-25,GOOGL,343.7099914550781
2026-06-26,GOOGL,337.3900146484375
2026-06-29,GOOGL,353.6499938964844
2026-06-30,GOOGL,357.3699951171875
2026-07-01,GOOGL,361.2099914550781
2026-07-02,GOOGL,359.9100036621094
2026-07-06,GOOGL,366.4599914550781
2026-07-07,GOOGL,367.0299987792969
2026-07-08,GOOGL,361.9200134277344
2026-07-09,GOOGL,358.8900146484375
2026-07-10,GOOGL,357.17999267578125
2026-07-13,GOOGL,352.510009765625
2026-07-14,GOOGL,359.510009765625
2026-07-15,GOOGL,370.9200134277344
2026-07-16,GOOGL,354.4599914550781
2026-07-17,GOOGL,346.7699890136719
2026-07-20,GOOGL,351.989990234375
2026-07-21,GOOGL,347.1499938964844
2026-07-22,GOOGL,342.0899963378906
2026-07-23,GOOGL,317.69000244140625
2026-07-24,GOOGL,319.739990234375
2026-07-27,GOOGL,326.55999755859375
2026-07-28,GOOGL,333.7099914550781
2026-07-29,GOOGL,336.7099914550781
2026-07-30,GOOGL,333.6600036621094
2026-07-31,GOOGL,356.1300048828125
2026-08-03,GOOGL,373.510009765625
2026-08-04,GOOGL,377.6499938964844
2026-08-05,GOOGL,362.42999267578125
2026-08-06,GOOGL,357.75
2026-08-07,GOOGL,354.29998779296875
2026-08-10,GOOGL,357.5199890136719
2026-08-11,GOOGL,343.79998779296875
2026-08-12,GOOGL,343.5400085449219
2026-08-13,GOOGL,346.3599853515625
2026-08-14,GOOGL,345.8999938964844
2026-08-17,GOOGL,344.0
2026-08-18,GOOGL,344.20001220703125
2026-08-19,GOOGL,344.7200012207031
2026-08-20,GOOGL,340.6700134277344
2026-08-21,GOOGL,344.82000732421875
2026-08-24,GOOGL,348.05999755859375
2026-08-25,GOOGL,346.9599914550781
2026-08-26,GOOGL,342.0
2026-08-27,GOOGL,340.6499938964844
2026-08-28,GOOGL,346.5899963378906
2026-08-31,GOOGL,339.3500061035156
2026-09-01,GOOGL,335.0199890136719
2026-09-02,GOOGL,337.1199951171875
2026-09-03,GOOGL,342.4800109863281
2024-09-04,META,512.739990234375
2024-09-05,META,516.8599853515625
2024-09-06,META,500.2699890136719
2024-09-09,META,504.7900085449219
2024-09-10,META,504.7900085449219
2024-09-11,META,511.8299865722656
2024-09-12,META,525.5999755859375
2024-09-13,META,524.6199951171875
2024-09-16,META,533.280029296875
2024-09-17,META,536.3200073242188
2024-09-18,META,537.9500122070312
2024-09-19,META,559.0999755859375
2024-09-20,META,561.3499755859375
2024-09-23,META,564.4099731445312
2024-09-24,META,563.3300170898438
2024-09-25,META,568.3099975585938
2024-09-26,META,567.8400268554688
2024-09-27,META,567.3599853515625
2024-09-30,META,572.4400024414062
2024-10-01,META,576.469970703125
2024-10-02,META,572.8099975585938
2024-10-03,META,582.77001953125
2024-10-04,META,595.9400024414062
2024-10-07,META,584.780029296875
2024-10-08,META,592.8900146484375
2024-10-09,META,590.510009765625
2024-10-10,META,583.8300170898438
2024-10-11,META,589.9500122070312
2024-10-14,META,590.4199829101562
2024-10-15,META,586.27001953125
2024-10-16,META,576.7899780273438
2024-10-17,META,576.9299926757812
2024-10-18,META,576.469970703125
2024-10-21,META,575.1599731445312
2024-10-22,META,582.010009765625
2024-10-23,META,563.6900024414062
2024-10-24,META,567.780029296875
2024-10-25,META,573.25
2024-10-28,META,578.1599731445312
2024-10-29,META,593.280029296875
2024-10-30,META,591.7999877929688
2024-10-31,META,567.5800170898438
2024-11-01,META,567.1599731445312
2024-11-04,META,560.6799926757812
2024-11-05,META,572.4299926757812
2024-11-06,META,572.0499877929688
2024-11-07,META,591.7000122070312
2024-11-08,META,589.3400268554688
2024-11-11,META,583.1699829101562
2024-11-12,META,584.8200073242188
2024-11-13,META,580.0
2024-11-14,META,577.1599731445312
2024-11-15,META,554.0800170898438
2024-11-18,META,554.4000244140625
2024-11-19,META,561.0900268554688
2024-11-20,META,565.52001953125
2024-11-21,META,563.0900268554688
2024-11-22,META,559.1400146484375
2024-11-25,META,565.1099853515625
2024-11-26,META,573.5399780273438
2024-11-27,META,569.2000122070312
2024-11-29,META,574.3200073242188
2024-12-02,META,592.8300170898438
2024-12-03,META,613.6500244140625
2024-12-04,META,613.780029296875
2024-12-05,META,608.9299926757812
2024-12-06,META,623.77001953125
2024-12-09,META,613.5700073242188
2024-12-10,META,619.3200073242188
2024-12-11,META,632.6799926757812
2024-12-12,META,630.7899780273438
2024-12-13,META,620.3499755859375
2024-12-16,META,624.239990234375
2024-12-17,META,619.4400024414062
2024-12-18,META,597.1900024414062
2024-12-19,META,595.5700073242188
2024-12-20,META,585.25
2024-12-23,META,599.8499755859375
2024-12-24,META,607.75
2024-12-26,META,603.3499755859375
2024-12-27,META,599.8099975585938
2024-12-30,META,591.239990234375
2024-12-31,META,585.510009765625
2025-01-02,META,599.239990234375
2025-01-03,META,604.6300048828125
2025-01-06,META,630.2000122070312
2025-01-07,META,617.8900146484375
2025-01-08,META,610.719970703125
2025-01-10,META,615.8599853515625
2025-01-13,META,608.3300170898438
2025-01-14,META,594.25
2025-01-15,META,617.1199951171875
2025-01-16,META,611.2999877929688
2025-01-17,META,612.77001953125
2025-01-21,META,616.4600219726562
2025-01-22,META,623.5
2025-01-23,META,636.4500122070312
2025-01-24,META,647.489990234375
2025-01-27,META,659.8800048828125
2025-01-28,META,674.3300170898438
2025-01-29,META,676.489990234375
2025-01-30,META,687.0
2025-01-31,META,689.1799926757812
2025-02-03,META,697.4600219726562
2025-02-04,META,704.1900024414062
2025-02-05,META,704.8699951171875
2025-02-06,META,711.989990234375
2025-02-07,META,714.52001953125
2025-02-10,META,717.4000244140625
2025-02-11,META,719.7999877929688
2025-02-12,META,725.3800048828125
2025-02-13,META,728.5599975585938
2025-02-14,META,736.6699829101562
2025-02-18,META,716.3699951171875
2025-02-19,META,703.77001953125
2025-02-20,META,694.8400268554688
2025-02-21,META,683.5499877929688
2025-02-24,META,668.1300048828125
2025-02-25,META,657.5
2025-02-26,META,673.7000122070312
2025-02-27,META,658.239990234375
2025-02-28,META,668.2000122070312
2025-03-03,META,655.0499877929688
2025-03-04,META,640.0
2025-03-05,META,656.469970703125
2025-03-06,META,627.9299926757812
2025-03-07,META,625.6599731445312
2025-03-10,META,597.989990234375
2025-03-11,META,605.7100219726562
2025-03-12,META,619.5599975585938
2025-03-13,META,590.6400146484375
2025-03-14,META,607.5999755859375
2025-03-17,META,604.9000244140625
2025-03-18,META,582.3599853515625
2025-03-19,META,584.0599975585938
2025-03-20,META,586.0
2025-03-21,META,596.25
2025-03-24,META,618.8499755859375
2025-03-25,META,626.3099975585938
2025-03-26,META,610.97998046875
2025-03-27,META,602.5800170898438
2025-03-28,META,576.739990234375
2025-03-31,META,576.3599853515625
2025-04-01,META,586.0
2025-04-02,META,583.9299926757812
2025-04-03,META,531.6199951171875
2025-04-04,META,504.7300109863281
2025-04-07,META,516.25
2025-04-08,META,510.45001220703125
2025-04-09,META,585.77001953125
2025-04-10,META,546.2899780273438
2025-04-11,META,543.5700073242188
2025-04-14,META,531.47998046875
2025-04-15,META,521.52001953125
2025-04-16,META,502.30999755859375
2025-04-17,META,501.4800109863281
2025-04-21,META,484.6600036621094
2025-04-22,META,500.2799987792969
2025-04-23,META,520.27001953125
2025-04-24,META,533.1500244140625
2025-04-25,META,547.27001953125
2025-04-28,META,549.739990234375
2025-04-29,META,554.4400024414062
2025-04-30,META,549.0
2025-05-01,META,572.2100219726562
2025-05-02,META,597.02001953125
2025-05-05,META,599.27001953125
2025-05-06,META,587.3099975585938
2025-05-07,META,596.8099975585938
2025-05-08,META,598.010009765625
2025-05-09,META,592.489990234375
2025-05-12,META,639.4299926757812
2025-05-13,META,656.030029296875
2025-05-14,META,659.3599853515625
2025-05-15,META,643.8800048828125
2025-05-16,META,640.3400268554688
2025-05-19,META,640.4299926757812
2025-05-20,META,637.0999755859375
2025-05-21,META,635.5
2025-05-22,META,636.5700073242188
2025-05-23,META,627.0599975585938
2025-05-27,META,642.3200073242188
2025-05-28,META,643.5800170898438
2025-05-29,META,645.0499877929688
2025-05-30,META,647.489990234375
2025-06-02,META,670.9000244140625
2025-06-03,META,666.8499755859375
2025-06-04,META,687.9500122070312
2025-06-05,META,684.6199951171875
2025-06-06,META,697.7100219726562
2025-06-09,META,694.0599975585938
2025-06-10,META,702.4000244140625
2025-06-11,META,694.1400146484375
2025-06-12,META,693.3599853515625
2025-06-13,META,682.8699951171875
2025-06-16,META,702.1199951171875
2025-06-17,META,697.22998046875
2025-06-18,META,695.77001953125
2025-06-20,META,682.3499755859375
2025-06-23,META,698.530029296875
2025-06-24,META,712.2000122070312
2025-06-25,META,708.6799926757812
2025-06-26,META,726.0900268554688
2025-06-27,META,733.6300048828125
2025-06-30,META,738.0900268554688
2025-07-01,META,719.219970703125
2025-07-02,META,713.5700073242188
2025-07-03,META,719.010009765625
2025-07-07,META,718.3499755859375
2025-07-08,META,720.6699829101562
2025-07-09,META,732.780029296875
2025-07-10,META,727.239990234375
2025-07-11,META,717.510009765625
2025-07-14,META,720.9199829101562
2025-07-15,META,710.3900146484375
2025-07-16,META,702.9099731445312
2025-07-17,META,701.4099731445312
2025-07-18,META,704.280029296875
2025-07-21,META,712.969970703125
2025-07-22,META,704.8099975585938
2025-07-23,META,713.5800170898438
2025-07-24,META,714.7999877929688
2025-07-25,META,712.6799926757812
2025-07-28,META,717.6300048828125
2025-07-29,META,700.0
2025-07-30,META,695.2100219726562
2025-07-31,META,773.4400024414062
2025-08-01,META,750.010009765625
2025-08-04,META,776.3699951171875
2025-08-05,META,763.4600219726562
2025-08-06,META,771.989990234375
2025-08-07,META,761.8300170898438
2025-08-08,META,769.2999877929688
2025-08-11,META,765.8699951171875
2025-08-12,META,790.0
2025-08-13,META,780.0800170898438
2025-08-14,META,782.1300048828125
2025-08-15,META,785.22998046875
2025-08-18,META,767.3699951171875
2025-08-19,META,751.47998046875
2025-08-20,META,747.719970703125
2025-08-21,META,739.0999755859375
2025-08-22,META,754.7899780273438
2025-08-25,META,753.2999877929688
2025-08-26,META,754.0999755859375
2025-08-27,META,747.3800048828125
2025-08-28,META,751.1099853515625
2025-08-29,META,738.7000122070312
2025-09-02,META,735.1099853515625
2025-09-03,META,737.0499877929688
2025-09-04,META,748.6500244140625
2025-09-05,META,752.4500122070312
2025-09-08,META,752.2999877929688
2025-09-09,META,765.7000122070312
2025-09-10,META,751.97998046875
2025-09-11,META,750.9000244140625
2025-09-12,META,755.5900268554688
2025-09-15,META,764.7000122070312
2025-09-16,META,779.0
2025-09-17,META,775.719970703125
2025-09-18,META,780.25
2025-09-19,META,778.3800048828125
2025-09-22,META,765.1599731445312
2025-09-23,META,755.4000244140625
2025-09-24,META,760.6599731445312
2025-09-25,META,748.9099731445312
2025-09-26,META,743.75
2025-09-29,META,743.4000244140625
2025-09-30,META,734.3800048828125
2025-10-01,META,717.3400268554688
2025-10-02,META,727.0499877929688
2025-10-03,META,710.5599975585938
2025-10-06,META,715.6599731445312
2025-10-07,META,713.0800170898438
2025-10-08,META,717.8400268554688
2025-10-09,META,733.510009765625
2025-10-10,META,705.2999877929688
2025-10-13,META,715.7000122070312
2025-10-14,META,708.6500244140625
2025-10-15,META,717.5499877929688
2025-10-16,META,712.0700073242188
2025-10-17,META,716.9199829101562
2025-10-20,META,732.1699829101562
2025-10-21,META,733.27001953125
2025-10-22,META,733.4099731445312
2025-10-23,META,734.0
2025-10-24,META,738.3599853515625
2025-10-27,META,750.8200073242188
2025-10-28,META,751.4400024414062
2025-10-29,META,751.6699829101562
2025-10-30,META,666.469970703125
2025-10-31,META,648.3499755859375
2025-11-03,META,637.7100219726562
2025-11-04,META,627.3200073242188
2025-11-05,META,635.9500122070312
2025-11-06,META,618.9400024414062
2025-11-07,META,621.7100219726562
2025-11-10,META,631.760009765625
2025-11-11,META,627.0800170898438
2025-11-12,META,609.010009765625
2025-11-13,META,609.8900146484375
2025-11-14,META,609.4600219726562
2025-11-17,META,602.010009765625
2025-11-18,META,597.6900024414062
2025-11-19,META,590.3200073242188
2025-11-20,META,589.1500244140625
2025-11-21,META,594.25
2025-11-24,META,613.0499877929688
2025-11-25,META,636.219970703125
2025-11-26,META,633.6099853515625
2025-11-28,META,647.9500122070312
2025-12-01,META,640.8699951171875
2025-12-02,META,647.0999755859375
2025-12-03,META,639.5999755859375
2025-12-04,META,661.530029296875
2025-12-05,META,673.4199829101562
2025-12-08,META,666.7999877929688
2025-12-09,META,656.9600219726562
2025-12-10,META,650.1300048828125
2025-12-11,META,652.7100219726562
2025-12-12,META,644.22998046875
2025-12-15,META,647.510009765625
2025-12-16,META,657.1500244140625
2025-12-17,META,649.5
2025-12-18,META,664.4500122070312
2025-12-19,META,658.77001953125
2025-12-22,META,661.5
2025-12-23,META,664.9400024414062
2025-12-24,META,667.5499877929688
2025-12-26,META,663.2899780273438
2025-12-29,META,658.6900024414062
2025-12-30,META,665.9500122070312
2025-12-31,META,660.0900268554688
2026-01-02,META,650.4099731445312
2026-01-05,META,658.7899780273438
2026-01-06,META,660.6199951171875
2026-01-07,META,648.6900024414062
2026-01-08,META,646.0599975585938
2026-01-09,META,653.0599975585938
2026-01-12,META,641.969970703125
2026-01-13,META,631.0900268554688
2026-01-14,META,615.52001953125
2026-01-15,META,620.7999877929688
2026-01-16,META,620.25
2026-01-20,META,604.1199951171875
2026-01-21,META,612.9600219726562
2026-01-22,META,647.6300048828125
2026-01-23,META,658.760009765625
2026-01-26,META,672.3599853515625
2026-01-27,META,672.969970703125
2026-01-28,META,668.72998046875
2026-01-29,META,738.3099975585938
2026-01-30,META,716.5
2026-02-02,META,706.4099731445312
2026-02-03,META,691.7000122070312
2026-02-04,META,668.989990234375
2026-02-05,META,670.2100219726562
2026-02-06,META,661.4600219726562
2026-02-09,META,677.219970703125
2026-02-10,META,670.719970703125
2026-02-11,META,668.6900024414062
2026-02-12,META,649.8099975585938
2026-02-13,META,639.77001953125
2026-02-17,META,639.2899780273438
2026-02-18,META,643.219970703125
2026-02-19,META,644.780029296875
2026-02-20,META,655.6599731445312
2026-02-23,META,637.25
2026-02-24,META,639.2999877929688
2026-02-25,META,653.6900024414062
2026-02-26,META,657.010009765625
2026-02-27,META,648.1799926757812
2026-03-02,META,653.5599975585938
2026-03-03,META,655.0800170898438
2026-03-04,META,667.72998046875
2026-03-05,META,660.5700073242188
2026-03-06,META,644.8599853515625
2026-03-09,META,647.3900146484375
2026-03-10,META,654.0700073242188
2026-03-11,META,654.8599853515625
2026-03-12,META,638.1799926757812
2026-03-13,META,613.7100219726562
2026-03-16,META,627.4500122070312
2026-03-17,META,622.6599731445312
2026-03-18,META,615.6799926757812
2026-03-19,META,606.7000122070312
2026-03-20,META,593.6599731445312
2026-03-23,META,604.0599975585938
2026-03-24,META,592.9199829101562
2026-03-25,META,594.8900146484375
2026-03-26,META,547.5399780273438
2026-03-27,META,525.719970703125
2026-03-30,META,536.3800048828125
2026-03-31,META,572.1300048828125
2026-04-01,META,579.22998046875
2026-04-02,META,574.4600219726562
2026-04-06,META,573.02001953125
2026-04-07,META,575.0499877929688
2026-04-08,META,612.4199829101562
2026-04-09,META,628.3900146484375
2026-04-10,META,629.8599853515625
2026-04-13,META,634.530029296875
2026-04-14,META,662.489990234375
2026-04-15,META,671.5800170898438
2026-04-16,META,676.8699951171875
2026-04-17,META,688.5499877929688
2026-04-20,META,670.9099731445312
2026-04-21,META,668.8400268554688
2026-04-22,META,674.719970703125
2026-04-23,META,659.1500244140625
2026-04-24,META,675.030029296875
2026-04-27,META,678.6199951171875
2026-04-28,META,671.3400268554688
2026-04-29,META,669.1199951171875
2026-04-30,META,611.9099731445312
2026-05-01,META,608.75
2026-05-04,META,610.4099731445312
2026-05-05,META,604.9600219726562
2026-05-06,META,612.8800048828125
2026-05-07,META,616.8099975585938
2026-05-08,META,609.6300048828125
2026-05-11,META,598.8599853515625
2026-05-12,META,603.0
2026-05-13,META,616.6300048828125
2026-05-14,META,618.4299926757812
2026-05-15,META,614.22998046875
2026-05-18,META,611.2100219726562
2026-05-19,META,602.6099853515625
2026-05-20,META,605.0599975585938
2026-05-21,META,607.3800048828125
2026-05-22,META,610.260009765625
2026-05-26,META,612.3400268554688
2026-05-27,META,635.260009765625
2026-05-28,META,635.2899780273438
2026-05-29,META,632.510009765625
2026-06-01,META,600.469970703125
2026-06-02,META,597.6300048828125
2026-06-03,META,622.97998046875
2026-06-04,META,627.5700073242188
2026-06-05,META,593.0
2026-06-08,META,585.3900146484375
2026-06-09,META,584.5900268554688
2026-06-10,META,570.97998046875
2026-06-11,META,568.4299926757812
2026-06-12,META,566.97998046875
2026-06-15,META,593.47998046875
2026-06-16,META,600.2100219726562
2026-06-17,META,567.5800170898438
2026-06-18,META,577.219970703125
2026-06-22,META,563.8499755859375
2026-06-23,META,562.2000122070312
2026-06-24,META,557.6699829101562
2026-06-25,META,542.8699951171875
2026-06-26,META,550.25
2026-06-29,META,562.5999755859375
2026-06-30,META,563.2899780273438
2026-07-01,META,612.9099731445312
2026-07-02,META,582.9000244140625
2026-07-06,META,600.2899780273438
2026-07-07,META,615.5800170898438
2026-07-08,META,603.1199951171875
2026-07-09,META,631.47998046875
2026-07-10,META,669.2100219726562
2026-07-13,META,656.72998046875
2026-07-14,META,661.0399780273438
2026-07-15,META,681.3099975585938
2026-07-16,META,664.5399780273438
2026-07-17,META,646.010009765625
2026-07-20,META,645.8499755859375
2026-07-21,META,643.8099975585938
2026-07-22,META,627.1699829101562
2026-07-23,META,606.0999755859375
2026-07-24,META,595.1900024414062
2026-07-27,META,593.8699951171875
2026-07-28,META,593.4099731445312
2026-07-29,META,585.6099853515625
2026-07-30,META,539.030029296875
2026-07-31,META,556.7100219726562
2026-08-03,META,590.239990234375
2026-08-04,META,587.9400024414062
2026-08-05,META,588.77001953125
2026-08-06,META,589.9000244140625
2026-08-07,META,592.0999755859375
2026-08-10,META,594.9199829101562
2026-08-11,META,599.1199951171875
2026-08-12,META,578.8499755859375
2026-08-13,META,594.969970703125
2026-08-14,META,589.8499755859375
2026-08-17,META,568.969970703125
2026-08-18,META,543.6699829101562
2026-08-19,META,546.030029296875
2026-08-20,META,545.8300170898438
2026-08-21,META,549.9000244140625
2026-08-24,META,559.02001953125
2026-08-25,META,570.0499877929688
2026-08-26,META,576.1400146484375
2026-08-27,META,571.0999755859375
2026-08-28,META,578.02001953125
2026-08-31,META,572.3400268554688
2026-09-01,META,578.5399780273438
2026-09-02,META,592.8499755859375
2026-09-03,META,610.6799926757812
2024-09-04,NVDA,106.20999908447266
2024-09-05,NVDA,107.20999908447266
2024-09-06,NVDA,102.83000183105469
2024-09-09,NVDA,106.47000122070312
2024-09-10,NVDA,108.0999984741211
2024-09-11,NVDA,116.91000366210938
2024-09-12,NVDA,119.13999938964844
2024-09-13,NVDA,119.0999984741211
2024-09-16,NVDA,116.77999877929688
2024-09-17,NVDA,115.58999633789062
2024-09-18,NVDA,113.37000274658203
2024-09-19,NVDA,117.87000274658203
2024-09-20,NVDA,116.0
2024-09-23,NVDA,116.26000213623047
2024-09-24,NVDA,120.87000274658203
2024-09-25,NVDA,123.51000213623047
2024-09-26,NVDA,124.04000091552734
2024-09-27,NVDA,121.4000015258789
2024-09-30,NVDA,121.44000244140625
2024-10-01,NVDA,117.0
2024-10-02,NVDA,118.8499984741211
2024-10-03,NVDA,122.8499984741211
2024-10-04,NVDA,124.91999816894531
2024-10-07,NVDA,127.72000122070312
2024-10-08,NVDA,132.88999938964844
2024-10-09,NVDA,132.64999389648438
2024-10-10,NVDA,134.80999755859375
2024-10-11,NVDA,134.8000030517578
2024-10-14,NVDA,138.07000732421875
2024-10-15,NVDA,131.60000610351562
2024-10-16,NVDA,135.72000122070312
2024-10-17,NVDA,136.92999267578125
2024-10-18,NVDA,138.0
2024-10-21,NVDA,143.7100067138672
2024-10-22,NVDA,143.58999633789062
2024-10-23,NVDA,139.55999755859375
2024-10-24,NVDA,140.41000366210938
2024-10-25,NVDA,141.5399932861328
2024-10-28,NVDA,140.52000427246094
2024-10-29,NVDA,141.25
2024-10-30,NVDA,139.33999633789062
2024-10-31,NVDA,132.75999450683594
2024-11-01,NVDA,135.39999389648438
2024-11-04,NVDA,136.0500030517578
2024-11-05,NVDA,139.91000366210938
2024-11-06,NVDA,145.61000061035156
2024-11-07,NVDA,148.8800048828125
2024-11-08,NVDA,147.6300048828125
2024-11-11,NVDA,145.25999450683594
2024-11-12,NVDA,148.2899932861328
2024-11-13,NVDA,146.27000427246094
2024-11-14,NVDA,146.75999450683594
2024-11-15,NVDA,141.97999572753906
2024-11-18,NVDA,140.14999389648438
2024-11-19,NVDA,147.00999450683594
2024-11-20,NVDA,145.88999938964844
2024-11-21,NVDA,146.6699981689453
2024-11-22,NVDA,141.9499969482422
2024-11-25,NVDA,136.02000427246094
2024-11-26,NVDA,136.9199981689453
2024-11-27,NVDA,135.33999633789062
2024-11-29,NVDA,138.25
2024-12-02,NVDA,138.6300048828125
2024-12-03,NVDA,140.25999450683594
2024-12-04,NVDA,145.13999938964844
2024-12-05,NVDA,145.05999755859375
2024-12-06,NVDA,142.44000244140625
2024-12-09,NVDA,138.80999755859375
2024-12-10,NVDA,135.07000732421875
2024-12-11,NVDA,139.30999755859375
2024-12-12,NVDA,137.33999633789062
2024-12-13,NVDA,134.25
2024-12-16,NVDA,132.0
2024-12-17,NVDA,130.38999938964844
2024-12-18,NVDA,128.91000366210938
2024-12-19,NVDA,130.67999267578125
2024-12-20,NVDA,134.6999969482422
2024-12-23,NVDA,139.6699981689453
2024-12-24,NVDA,140.22000122070312
2024-12-26,NVDA,139.92999267578125
2024-12-27,NVDA,137.00999450683594
2024-12-30,NVDA,137.49000549316406
2024-12-31,NVDA,134.2899932861328
2025-01-02,NVDA,138.30999755859375
2025-01-03,NVDA,144.47000122070312
2025-01-06,NVDA,149.42999267578125
2025-01-07,NVDA,140.13999938964844
2025-01-08,NVDA,140.11000061035156
2025-01-10,NVDA,135.91000366210938
2025-01-13,NVDA,133.22999572753906
2025-01-14,NVDA,131.75999450683594
2025-01-15,NVDA,136.24000549316406
2025-01-16,NVDA,133.57000732421875
2025-01-17,NVDA,137.7100067138672
2025-01-21,NVDA,140.8300018310547
2025-01-22,NVDA,147.07000732421875
2025-01-23,NVDA,147.22000122070312
2025-01-24,NVDA,142.6199951171875
2025-01-27,NVDA,118.41999816894531
2025-01-28,NVDA,128.99000549316406
2025-01-29,NVDA,123.69999694824219
2025-01-30,NVDA,124.6500015258789
2025-01-31,NVDA,120.06999969482422
2025-02-03,NVDA,116.66000366210938
2025-02-04,NVDA,118.6500015258789
2025-02-05,NVDA,124.83000183105469
2025-02-06,NVDA,128.67999267578125
2025-02-07,NVDA,129.83999633789062
2025-02-10,NVDA,133.57000732421875
2025-02-11,NVDA,132.8000030517578
2025-02-12,NVDA,131.13999938964844
2025-02-13,NVDA,135.2899932861328
2025-02-14,NVDA,138.85000610351562
2025-02-18,NVDA,139.39999389648438
2025-02-19,NVDA,139.22999572753906
2025-02-20,NVDA,140.11000061035156
2025-02-21,NVDA,134.42999267578125
2025-02-24,NVDA,130.27999877929688
2025-02-25,NVDA,126.62999725341797
2025-02-26,NVDA,131.27999877929688
2025-02-27,NVDA,120.1500015258789
2025-02-28,NVDA,124.91999816894531
2025-03-03,NVDA,114.05999755859375
2025-03-04,NVDA,115.98999786376953
2025-03-05,NVDA,117.30000305175781
2025-03-06,NVDA,110.56999969482422
2025-03-07,NVDA,112.69000244140625
2025-03-10,NVDA,106.9800033569336
2025-03-11,NVDA,108.76000213623047
2025-03-12,NVDA,115.73999786376953
2025-03-13,NVDA,115.58000183105469
2025-03-14,NVDA,121.66999816894531
2025-03-17,NVDA,119.52999877929688
2025-03-18,NVDA,115.43000030517578
2025-03-19,NVDA,117.5199966430664
2025-03-20,NVDA,118.52999877929688
2025-03-21,NVDA,117.69999694824219
2025-03-24,NVDA,121.41000366210938
2025-03-25,NVDA,120.69000244140625
2025-03-26,NVDA,113.76000213623047
2025-03-27,NVDA,111.43000030517578
2025-03-28,NVDA,109.66999816894531
2025-03-31,NVDA,108.37999725341797
2025-04-01,NVDA,110.1500015258789
2025-04-02,NVDA,110.41999816894531
2025-04-03,NVDA,101.80000305175781
2025-04-04,NVDA,94.30999755859375
2025-04-07,NVDA,97.63999938964844
2025-04-08,NVDA,96.30000305175781
2025-04-09,NVDA,114.33000183105469
2025-04-10,NVDA,107.56999969482422
2025-04-11,NVDA,110.93000030517578
2025-04-14,NVDA,110.70999908447266
2025-04-15,NVDA,112.19999694824219
2025-04-16,NVDA,104.48999786376953
2025-04-17,NVDA,101.48999786376953
2025-04-21,NVDA,96.91000366210938
2025-04-22,NVDA,98.88999938964844
2025-04-23,NVDA,102.70999908447266
2025-04-24,NVDA,106.43000030517578
2025-04-25,NVDA,111.01000213623047
2025-04-28,NVDA,108.7300033569336
2025-04-29,NVDA,109.0199966430664
2025-04-30,NVDA,108.91999816894531
2025-05-01,NVDA,111.61000061035156
2025-05-02,NVDA,114.5
2025-05-05,NVDA,113.81999969482422
2025-05-06,NVDA,113.54000091552734
2025-05-07,NVDA,117.05999755859375
2025-05-08,NVDA,117.37000274658203
2025-05-09,NVDA,116.6500015258789
2025-05-12,NVDA,123.0
2025-05-13,NVDA,129.92999267578125
2025-05-14,NVDA,135.33999633789062
2025-05-15,NVDA,134.8300018310547
2025-05-16,NVDA,135.39999389648438
2025-05-19,NVDA,135.57000732421875
2025-05-20,NVDA,134.3800048828125
2025-05-21,NVDA,131.8000030517578
2025-05-22,NVDA,132.8300018310547
2025-05-23,NVDA,131.2899932861328
2025-05-27,NVDA,135.5
2025-05-28,NVDA,134.80999755859375
2025-05-29,NVDA,139.19000244140625
2025-05-30,NVDA,135.1300048828125
2025-06-02,NVDA,137.3800048828125
2025-06-03,NVDA,141.22000122070312
2025-06-04,NVDA,141.9199981689453
2025-06-05,NVDA,139.99000549316406
2025-06-06,NVDA,141.72000122070312
2025-06-09,NVDA,142.6300048828125
2025-06-10,NVDA,143.9600067138672
2025-06-11,NVDA,142.8300018310547
2025-06-12,NVDA,145.0
2025-06-13,NVDA,141.97000122070312
2025-06-16,NVDA,144.69000244140625
2025-06-17,NVDA,144.1199951171875
2025-06-18,NVDA,145.47999572753906
2025-06-20,NVDA,143.85000610351562
2025-06-23,NVDA,144.1699981689453
2025-06-24,NVDA,147.89999389648438
2025-06-25,NVDA,154.30999755859375
2025-06-26,NVDA,155.02000427246094
2025-06-27,NVDA,157.75
2025-06-30,NVDA,157.99000549316406
2025-07-01,NVDA,153.3000030517578
2025-07-02,NVDA,157.25
2025-07-03,NVDA,159.33999633789062
2025-07-07,NVDA,158.24000549316406
2025-07-08,NVDA,160.0
2025-07-09,NVDA,162.8800048828125
2025-07-10,NVDA,164.10000610351562
2025-07-11,NVDA,164.9199981689453
2025-07-14,NVDA,164.07000732421875
2025-07-15,NVDA,170.6999969482422
2025-07-16,NVDA,171.3699951171875
2025-07-17,NVDA,173.0
2025-07-18,NVDA,172.41000366210938
2025-07-21,NVDA,171.3800048828125
2025-07-22,NVDA,167.02999877929688
2025-07-23,NVDA,170.77999877929688
2025-07-24,NVDA,173.74000549316406
2025-07-25,NVDA,173.5
2025-07-28,NVDA,176.75
2025-07-29,NVDA,175.50999450683594
2025-07-30,NVDA,179.27000427246094
2025-07-31,NVDA,177.8699951171875
2025-08-01,NVDA,173.72000122070312
2025-08-04,NVDA,180.0
2025-08-05,NVDA,178.25999450683594
2025-08-06,NVDA,179.4199981689453
2025-08-07,NVDA,180.77000427246094
2025-08-08,NVDA,182.6999969482422
2025-08-11,NVDA,182.05999755859375
2025-08-12,NVDA,183.16000366210938
2025-08-13,NVDA,181.58999633789062
2025-08-14,NVDA,182.02000427246094
2025-08-15,NVDA,180.4499969482422
2025-08-18,NVDA,182.00999450683594
2025-08-19,NVDA,175.63999938964844
2025-08-20,NVDA,175.39999389648438
2025-08-21,NVDA,174.97999572753906
2025-08-22,NVDA,177.99000549316406
2025-08-25,NVDA,179.80999755859375
2025-08-26,NVDA,181.77000427246094
2025-08-27,NVDA,181.60000610351562
2025-08-28,NVDA,180.1699981689453
2025-08-29,NVDA,174.17999267578125
2025-09-02,NVDA,170.77999877929688
2025-09-03,NVDA,170.6199951171875
2025-09-04,NVDA,171.66000366210938
2025-09-05,NVDA,167.02000427246094
2025-09-08,NVDA,168.30999755859375
2025-09-09,NVDA,170.75999450683594
2025-09-10,NVDA,177.3300018310547
2025-09-11,NVDA,177.1699981689453
2025-09-12,NVDA,177.82000732421875
2025-09-15,NVDA,177.75
2025-09-16,NVDA,174.8800048828125
2025-09-17,NVDA,170.2899932861328
2025-09-18,NVDA,176.24000549316406
2025-09-19,NVDA,176.6699981689453
2025-09-22,NVDA,183.61000061035156
2025-09-23,NVDA,178.42999267578125
2025-09-24,NVDA,176.97000122070312
2025-09-25,NVDA,177.69000244140625
2025-09-26,NVDA,178.19000244140625
2025-09-29,NVDA,181.85000610351562
2025-09-30,NVDA,186.5800018310547
2025-10-01,NVDA,187.24000549316406
2025-10-02,NVDA,188.88999938964844
2025-10-03,NVDA,187.6199951171875
2025-10-06,NVDA,185.5399932861328
2025-10-07,NVDA,185.0399932861328
2025-10-08,NVDA,189.11000061035156
2025-10-09,NVDA,192.57000732421875
2025-10-10,NVDA,183.16000366210938
2025-10-13,NVDA,188.32000732421875
2025-10-14,NVDA,180.02999877929688
2025-10-15,NVDA,179.8300018310547
2025-10-16,NVDA,181.80999755859375
2025-10-17,NVDA,183.22000122070312
2025-10-20,NVDA,182.63999938964844
2025-10-21,NVDA,181.16000366210938
2025-10-22,NVDA,180.27999877929688
2025-10-23,NVDA,182.16000366210938
2025-10-24,NVDA,186.25999450683594
2025-10-27,NVDA,191.49000549316406
2025-10-28,NVDA,201.02999877929688
2025-10-29,NVDA,207.0399932861328
2025-10-30,NVDA,202.88999938964844
2025-10-31,NVDA,202.49000549316406
2025-11-03,NVDA,206.8800048828125
2025-11-04,NVDA,198.69000244140625
2025-11-05,NVDA,195.2100067138672
2025-11-06,NVDA,188.0800018310547
2025-11-07,NVDA,188.14999389648438
2025-11-10,NVDA,199.0500030517578
2025-11-11,NVDA,193.16000366210938
2025-11-12,NVDA,193.8000030517578
2025-11-13,NVDA,186.86000061035156
2025-11-14,NVDA,190.1699981689453
2025-11-17,NVDA,186.60000610351562
2025-11-18,NVDA,181.36000061035156
2025-11-19,NVDA,186.52000427246094
2025-11-20,NVDA,180.63999938964844
2025-11-21,NVDA,178.8800048828125
2025-11-24,NVDA,182.5500030517578
2025-11-25,NVDA,177.82000732421875
2025-11-26,NVDA,180.25999450683594
2025-11-28,NVDA,177.0
2025-12-01,NVDA,179.9199981689453
2025-12-02,NVDA,181.4600067138672
2025-12-03,NVDA,179.58999633789062
2025-12-04,NVDA,183.3800048828125
2025-12-05,NVDA,182.41000366210938
2025-12-08,NVDA,185.5500030517578
2025-12-09,NVDA,184.97000122070312
2025-12-10,NVDA,183.77999877929688
2025-12-11,NVDA,180.92999267578125
2025-12-12,NVDA,175.02000427246094
2025-12-15,NVDA,176.2899932861328
2025-12-16,NVDA,177.72000122070312
2025-12-17,NVDA,170.94000244140625
2025-12-18,NVDA,174.13999938964844
2025-12-19,NVDA,180.99000549316406
2025-12-22,NVDA,183.69000244140625
2025-12-23,NVDA,189.2100067138672
2025-12-24,NVDA,188.61000061035156
2025-12-26,NVDA,190.52999877929688
2025-12-29,NVDA,188.22000122070312
2025-12-30,NVDA,187.5399932861328
2025-12-31,NVDA,186.5
2026-01-02,NVDA,188.85000610351562
2026-01-05,NVDA,188.1199951171875
2026-01-06,NVDA,187.24000549316406
2026-01-07,NVDA,189.11000061035156
2026-01-08,NVDA,185.0399932861328
2026-01-09,NVDA,184.86000061035156
2026-01-12,NVDA,184.94000244140625
2026-01-13,NVDA,185.80999755859375
2026-01-14,NVDA,183.13999938964844
2026-01-15,NVDA,187.0500030517578
2026-01-16,NVDA,186.22999572753906
2026-01-20,NVDA,178.07000732421875
2026-01-21,NVDA,183.32000732421875
2026-01-22,NVDA,184.83999633789062
2026-01-23,NVDA,187.6699981689453
2026-01-26,NVDA,186.47000122070312
2026-01-27,NVDA,188.52000427246094
2026-01-28,NVDA,191.52000427246094
2026-01-29,NVDA,192.50999450683594
2026-01-30,NVDA,191.1300048828125
2026-02-02,NVDA,185.61000061035156
2026-02-03,NVDA,180.33999633789062
2026-02-04,NVDA,174.19000244140625
2026-02-05,NVDA,171.8800048828125
2026-02-06,NVDA,185.41000366210938
2026-02-09,NVDA,190.0399932861328
2026-02-10,NVDA,188.5399932861328
2026-02-11,NVDA,190.0500030517578
2026-02-12,NVDA,186.94000244140625
2026-02-13,NVDA,182.80999755859375
2026-02-17,NVDA,184.97000122070312
2026-02-18,NVDA,187.97999572753906
2026-02-19,NVDA,187.89999389648438
2026-02-20,NVDA,189.82000732421875
2026-02-23,NVDA,191.5500030517578
2026-02-24,NVDA,192.85000610351562
2026-02-25,NVDA,195.55999755859375
2026-02-26,NVDA,184.88999938964844
2026-02-27,NVDA,177.19000244140625
2026-03-02,NVDA,182.47999572753906
2026-03-03,NVDA,180.0500030517578
2026-03-04,NVDA,183.0399932861328
2026-03-05,NVDA,183.33999633789062
2026-03-06,NVDA,177.82000732421875
2026-03-09,NVDA,182.64999389648438
2026-03-10,NVDA,184.77000427246094
2026-03-11,NVDA,186.02999877929688
2026-03-12,NVDA,183.13999938964844
2026-03-13,NVDA,180.25
2026-03-16,NVDA,183.22000122070312
2026-03-17,NVDA,181.92999267578125
2026-03-18,NVDA,180.39999389648438
2026-03-19,NVDA,178.55999755859375
2026-03-20,NVDA,172.6999969482422
2026-03-23,NVDA,175.63999938964844
2026-03-24,NVDA,175.1999969482422
2026-03-25,NVDA,178.67999267578125
2026-03-26,NVDA,171.24000549316406
2026-03-27,NVDA,167.52000427246094
2026-03-30,NVDA,165.1699981689453
2026-03-31,NVDA,174.39999389648438
2026-04-01,NVDA,175.75
2026-04-02,NVDA,177.38999938964844
2026-04-06,NVDA,177.63999938964844
2026-04-07,NVDA,178.10000610351562
2026-04-08,NVDA,182.0800018310547
2026-04-09,NVDA,183.91000366210938
2026-04-10,NVDA,188.6300048828125
2026-04-13,NVDA,189.30999755859375
2026-04-14,NVDA,196.50999450683594
2026-04-15,NVDA,198.8699951171875
2026-04-16,NVDA,198.35000610351562
2026-04-17,NVDA,201.67999267578125
2026-04-20,NVDA,202.05999755859375
2026-04-21,NVDA,199.8800048828125
2026-04-22,NVDA,202.5
2026-04-23,NVDA,199.63999938964844
2026-04-24,NVDA,208.27000427246094
2026-04-27,NVDA,216.61000061035156
2026-04-28,NVDA,213.1699981689453
2026-04-29,NVDA,209.25
2026-04-30,NVDA,199.57000732421875
2026-05-01,NVDA,198.4499969482422
2026-05-04,NVDA,198.47999572753906
2026-05-05,NVDA,196.5
2026-05-06,NVDA,207.8300018310547
2026-05-07,NVDA,211.5
2026-05-08,NVDA,215.1999969482422
2026-05-11,NVDA,219.44000244140625
2026-05-12,NVDA,220.77999877929688
2026-05-13,NVDA,225.8300018310547
2026-05-14,NVDA,235.74000549316406
2026-05-15,NVDA,225.32000732421875
2026-05-18,NVDA,222.32000732421875
2026-05-19,NVDA,220.61000061035156
2026-05-20,NVDA,223.47000122070312
2026-05-21,NVDA,219.50999450683594
2026-05-22,NVDA,215.3300018310547
2026-05-26,NVDA,214.86000061035156
2026-05-27,NVDA,212.60000610351562
2026-05-28,NVDA,214.25
2026-05-29,NVDA,211.13999938964844
2026-06-01,NVDA,224.36000061035156
2026-06-02,NVDA,222.82000732421875
2026-06-03,NVDA,214.75
2026-06-04,NVDA,218.66000366210938
2026-06-05,NVDA,205.10000610351562
2026-06-08,NVDA,208.63999938964844
2026-06-09,NVDA,208.19000244140625
2026-06-10,NVDA,200.4199981689453
2026-06-11,NVDA,204.8699951171875
2026-06-12,NVDA,205.19000244140625
2026-06-15,NVDA,212.4499969482422
2026-06-16,NVDA,207.41000366210938
2026-06-17,NVDA,204.64999389648438
2026-06-18,NVDA,210.69000244140625
2026-06-22,NVDA,208.64999389648438
2026-06-23,NVDA,200.0399932861328
2026-06-24,NVDA,199.0
2026-06-25,NVDA,195.74000549316406
2026-06-26,NVDA,192.52999877929688
2026-06-29,NVDA,194.97000122070312
2026-06-30,NVDA,200.08999633789062
2026-07-01,NVDA,197.5800018310547
2026-07-02,NVDA,194.8300018310547
2026-07-06,NVDA,195.5500030517578
2026-07-07,NVDA,196.92999267578125
2026-07-08,NVDA,204.1199951171875
2026-07-09,NVDA,202.77999877929688
2026-07-10,NVDA,210.9600067138672
2026-07-13,NVDA,203.52999877929688
2026-07-14,NVDA,211.8000030517578
2026-07-15,NVDA,212.5
2026-07-16,NVDA,207.39999389648438
2026-07-17,NVDA,202.80999755859375
2026-07-20,NVDA,203.27999877929688
2026-07-21,NVDA,207.2899932861328
2026-07-22,NVDA,212.05999755859375
2026-07-23,NVDA,208.75999450683594
2026-07-24,NVDA,206.83999633789062
2026-07-27,NVDA,196.50999450683594
2026-07-28,NVDA,197.00999450683594
2026-07-29,NVDA,190.00999450683594
2026-07-30,NVDA,195.0399932861328
2026-07-31,NVDA,200.75
2026-08-03,NVDA,206.63999938964844
2026-08-04,NVDA,211.94000244140625
2026-08-05,NVDA,219.22000122070312
2026-08-06,NVDA,218.99000549316406
2026-08-07,NVDA,223.9600067138672
2026-08-10,NVDA,217.5500030517578
2026-08-11,NVDA,217.5
2026-08-12,NVDA,224.08999633789062
2026-08-13,NVDA,225.3000030517578
2026-08-14,NVDA,225.16000366210938
2026-08-17,NVDA,225.00999450683594
2026-08-18,NVDA,219.74000549316406
2026-08-19,NVDA,217.55999755859375
2026-08-20,NVDA,216.85000610351562
2026-08-21,NVDA,214.72000122070312
2026-08-24,NVDA,208.47999572753906
2026-08-25,NVDA,213.0500030517578
2026-08-26,NVDA,209.66000366210938
2026-08-27,NVDA,227.97999572753906
2026-08-28,NVDA,217.5500030517578
2026-08-31,NVDA,220.77999877929688
2026-09-01,NVDA,217.44000244140625
2026-09-02,NVDA,224.41000366210938
2026-09-03,NVDA,228.4499969482422
2024-09-04,BAC,40.5
2024-09-05,BAC,40.13999938964844
2024-09-06,BAC,38.7599983215332
2024-09-09,BAC,39.470001220703125
2024-09-10,BAC,39.279998779296875
2024-09-11,BAC,39.0
2024-09-12,BAC,38.779998779296875
2024-09-13,BAC,38.650001525878906
2024-09-16,BAC,39.099998474121094
2024-09-17,BAC,39.54999923706055
2024-09-18,BAC,39.619998931884766
2024-09-19,BAC,40.869998931884766
2024-09-20,BAC,40.27000045776367
2024-09-23,BAC,39.869998931884766
2024-09-24,BAC,39.45000076293945
2024-09-25,BAC,39.25
2024-09-26,BAC,39.52000045776367
2024-09-27,BAC,39.400001525878906
2024-09-30,BAC,39.68000030517578
2024-10-01,BAC,39.220001220703125
2024-10-02,BAC,39.22999954223633
2024-10-03,BAC,39.25
2024-10-04,BAC,40.11000061035156
2024-10-07,BAC,39.959999084472656
2024-10-08,BAC,39.93000030517578
2024-10-09,BAC,40.189998626708984
2024-10-10,BAC,39.970001220703125
2024-10-11,BAC,41.95000076293945
2024-10-14,BAC,41.90999984741211
2024-10-15,BAC,42.13999938964844
2024-10-16,BAC,42.79999923706055
2024-10-17,BAC,42.599998474121094
2024-10-18,BAC,42.31999969482422
2024-10-21,BAC,41.7599983215332
2024-10-22,BAC,42.29999923706055
2024-10-23,BAC,42.34000015258789
2024-10-24,BAC,42.650001525878906
2024-10-25,BAC,41.88999938964844
2024-10-28,BAC,42.619998931884766
2024-10-29,BAC,42.529998779296875
2024-10-30,BAC,42.310001373291016
2024-10-31,BAC,41.81999969482422
2024-11-01,BAC,41.7599983215332
2024-11-04,BAC,41.33000183105469
2024-11-05,BAC,41.880001068115234
2024-11-06,BAC,45.40999984741211
2024-11-07,BAC,44.77000045776367
2024-11-08,BAC,45.130001068115234
2024-11-11,BAC,46.08000183105469
2024-11-12,BAC,45.86000061035156
2024-11-13,BAC,45.869998931884766
2024-11-14,BAC,45.900001525878906
2024-11-15,BAC,46.75
2024-11-18,BAC,46.720001220703125
2024-11-19,BAC,46.40999984741211
2024-11-20,BAC,46.060001373291016
2024-11-21,BAC,46.459999084472656
2024-11-22,BAC,47.0
2024-11-25,BAC,47.5
2024-11-26,BAC,47.75
2024-11-27,BAC,47.77000045776367
2024-11-29,BAC,47.5099983215332
2024-12-02,BAC,47.040000915527344
2024-12-03,BAC,46.81999969482422
2024-12-04,BAC,46.369998931884766
2024-12-05,BAC,47.0
2024-12-06,BAC,46.75
2024-12-09,BAC,45.90999984741211
2024-12-10,BAC,45.75
2024-12-11,BAC,46.08000183105469
2024-12-12,BAC,46.08000183105469
2024-12-13,BAC,45.66999816894531
2024-12-16,BAC,45.470001220703125
2024-12-17,BAC,45.04999923706055
2024-12-18,BAC,43.5
2024-12-19,BAC,43.380001068115234
2024-12-20,BAC,44.16999816894531
2024-12-23,BAC,43.88999938964844
2024-12-24,BAC,44.380001068115234
2024-12-26,BAC,44.54999923706055
2024-12-27,BAC,44.34000015258789
2024-12-30,BAC,43.90999984741211
2024-12-31,BAC,43.95000076293945
2025-01-02,BAC,44.290000915527344
2025-01-03,BAC,44.810001373291016
2025-01-06,BAC,45.400001525878906
2025-01-07,BAC,46.08000183105469
2025-01-08,BAC,46.209999084472656
2025-01-10,BAC,45.11000061035156
2025-01-13,BAC,45.060001373291016
2025-01-14,BAC,45.779998779296875
2025-01-15,BAC,47.099998474121094
2025-01-16,BAC,46.63999938964844
2025-01-17,BAC,46.529998779296875
2025-01-21,BAC,46.65999984741211
2025-01-22,BAC,45.790000915527344
2025-01-23,BAC,46.38999938964844
2025-01-24,BAC,46.52000045776367
2025-01-27,BAC,47.09000015258789
2025-01-28,BAC,46.84000015258789
2025-01-29,BAC,46.75
2025-01-30,BAC,46.720001220703125
2025-01-31,BAC,46.29999923706055
2025-02-03,BAC,46.209999084472656
2025-02-04,BAC,46.709999084472656
2025-02-05,BAC,47.11000061035156
2025-02-06,BAC,47.7400016784668
2025-02-07,BAC,47.400001525878906
2025-02-10,BAC,46.66999816894531
2025-02-11,BAC,46.790000915527344
2025-02-12,BAC,46.209999084472656
2025-02-13,BAC,46.33000183105469
2025-02-14,BAC,46.959999084472656
2025-02-18,BAC,46.529998779296875
2025-02-19,BAC,46.0099983215332
2025-02-20,BAC,45.29999923706055
2025-02-21,BAC,44.810001373291016
2025-02-24,BAC,44.459999084472656
2025-02-25,BAC,43.939998626708984
2025-02-26,BAC,43.939998626708984
2025-02-27,BAC,44.119998931884766
2025-02-28,BAC,46.099998474121094
2025-03-03,BAC,45.560001373291016
2025-03-04,BAC,42.66999816894531
2025-03-05,BAC,42.290000915527344
2025-03-06,BAC,41.459999084472656
2025-03-07,BAC,41.400001525878906
2025-03-10,BAC,39.83000183105469
2025-03-11,BAC,39.61000061035156
2025-03-12,BAC,39.90999984741211
2025-03-13,BAC,39.66999816894531
2025-03-14,BAC,40.88999938964844
2025-03-17,BAC,41.439998626708984
2025-03-18,BAC,41.650001525878906
2025-03-19,BAC,42.209999084472656
2025-03-20,BAC,42.47999954223633
2025-03-21,BAC,42.470001220703125
2025-03-24,BAC,43.06999969482422
2025-03-25,BAC,43.279998779296875
2025-03-26,BAC,42.81999969482422
2025-03-27,BAC,42.560001373291016
2025-03-28,BAC,41.25
2025-03-31,BAC,41.72999954223633
2025-04-01,BAC,41.4900016784668
2025-04-02,BAC,41.849998474121094
2025-04-03,BAC,37.220001220703125
2025-04-04,BAC,34.38999938964844
2025-04-07,BAC,35.58000183105469
2025-04-08,BAC,35.029998779296875
2025-04-09,BAC,37.150001525878906
2025-04-10,BAC,35.849998474121094
2025-04-11,BAC,35.95000076293945
2025-04-14,BAC,36.66999816894531
2025-04-15,BAC,37.9900016784668
2025-04-16,BAC,37.33000183105469
2025-04-17,BAC,37.40999984741211
2025-04-21,BAC,36.91999816894531
2025-04-22,BAC,38.31999969482422
2025-04-23,BAC,38.75
2025-04-24,BAC,39.58000183105469
2025-04-25,BAC,39.689998626708984
2025-04-28,BAC,39.779998779296875
2025-04-29,BAC,39.9900016784668
2025-04-30,BAC,39.880001068115234
2025-05-01,BAC,40.16999816894531
2025-05-02,BAC,41.06999969482422
2025-05-05,BAC,41.119998931884766
2025-05-06,BAC,40.84000015258789
2025-05-07,BAC,40.93000030517578
2025-05-08,BAC,41.599998474121094
2025-05-09,BAC,41.790000915527344
2025-05-12,BAC,43.36000061035156
2025-05-13,BAC,44.279998779296875
2025-05-14,BAC,44.7400016784668
2025-05-15,BAC,44.380001068115234
2025-05-16,BAC,44.689998626708984
2025-05-19,BAC,44.77000045776367
2025-05-20,BAC,44.689998626708984
2025-05-21,BAC,43.25
2025-05-22,BAC,43.310001373291016
2025-05-23,BAC,43.20000076293945
2025-05-27,BAC,44.220001220703125
2025-05-28,BAC,44.060001373291016
2025-05-29,BAC,44.2400016784668
2025-05-30,BAC,44.130001068115234
2025-06-02,BAC,44.08000183105469
2025-06-03,BAC,44.650001525878906
2025-06-04,BAC,44.36000061035156
2025-06-05,BAC,44.380001068115234
2025-06-06,BAC,44.970001220703125
2025-06-09,BAC,44.869998931884766
2025-06-10,BAC,45.09000015258789
2025-06-11,BAC,44.72999954223633
2025-06-12,BAC,44.619998931884766
2025-06-13,BAC,44.09000015258789
2025-06-16,BAC,44.40999984741211
2025-06-17,BAC,44.22999954223633
2025-06-18,BAC,45.060001373291016
2025-06-20,BAC,45.5
2025-06-23,BAC,46.29999923706055
2025-06-24,BAC,46.65999984741211
2025-06-25,BAC,46.849998474121094
2025-06-26,BAC,47.459999084472656
2025-06-27,BAC,47.119998931884766
2025-06-30,BAC,47.31999969482422
2025-07-01,BAC,48.150001525878906
2025-07-02,BAC,48.709999084472656
2025-07-03,BAC,48.93000030517578
2025-07-07,BAC,48.65999984741211
2025-07-08,BAC,47.150001525878906
2025-07-09,BAC,46.84000015258789
2025-07-10,BAC,46.970001220703125
2025-07-11,BAC,46.72999954223633
2025-07-14,BAC,47.06999969482422
2025-07-15,BAC,46.150001525878906
2025-07-16,BAC,46.029998779296875
2025-07-17,BAC,47.02000045776367
2025-07-18,BAC,47.31999969482422
2025-07-21,BAC,47.47999954223633
2025-07-22,BAC,47.77000045776367
2025-07-23,BAC,48.13999938964844
2025-07-24,BAC,48.38999938964844
2025-07-25,BAC,48.45000076293945
2025-07-28,BAC,48.22999954223633
2025-07-29,BAC,47.95000076293945
2025-07-30,BAC,47.959999084472656
2025-07-31,BAC,47.27000045776367
2025-08-01,BAC,45.65999984741211
2025-08-04,BAC,45.849998474121094
2025-08-05,BAC,45.560001373291016
2025-08-06,BAC,45.41999816894531
2025-08-07,BAC,44.91999816894531
2025-08-08,BAC,46.0099983215332
2025-08-11,BAC,46.15999984741211
2025-08-12,BAC,47.5
2025-08-13,BAC,47.2400016784668
2025-08-14,BAC,47.709999084472656
2025-08-15,BAC,46.939998626708984
2025-08-18,BAC,47.91999816894531
2025-08-19,BAC,48.08000183105469
2025-08-20,BAC,48.349998474121094
2025-08-21,BAC,48.2599983215332
2025-08-22,BAC,49.47999954223633
2025-08-25,BAC,49.47999954223633
2025-08-26,BAC,50.25
2025-08-27,BAC,50.380001068115234
2025-08-28,BAC,50.4900016784668
2025-08-29,BAC,50.7400016784668
2025-09-02,BAC,50.41999816894531
2025-09-03,BAC,50.060001373291016
2025-09-04,BAC,50.619998931884766
2025-09-05,BAC,49.77000045776367
2025-09-08,BAC,49.459999084472656
2025-09-09,BAC,50.290000915527344
2025-09-10,BAC,50.130001068115234
2025-09-11,BAC,50.75
2025-09-12,BAC,50.58000183105469
2025-09-15,BAC,50.59000015258789
2025-09-16,BAC,50.65999984741211
2025-09-17,BAC,51.400001525878906
2025-09-18,BAC,52.130001068115234
2025-09-19,BAC,52.25
2025-09-22,BAC,51.91999816894531
2025-09-23,BAC,51.70000076293945
2025-09-24,BAC,51.70000076293945
2025-09-25,BAC,51.849998474121094
2025-09-26,BAC,52.209999084472656
2025-09-29,BAC,52.41999816894531
2025-09-30,BAC,51.59000015258789
2025-10-01,BAC,50.68000030517578
2025-10-02,BAC,50.47999954223633
2025-10-03,BAC,50.63999938964844
2025-10-06,BAC,50.38999938964844
2025-10-07,BAC,50.290000915527344
2025-10-08,BAC,49.84000015258789
2025-10-09,BAC,49.790000915527344
2025-10-10,BAC,48.650001525878906
2025-10-13,BAC,48.86000061035156
2025-10-14,BAC,50.09000015258789
2025-10-15,BAC,52.279998779296875
2025-10-16,BAC,50.439998626708984
2025-10-17,BAC,51.279998779296875
2025-10-20,BAC,52.040000915527344
2025-10-21,BAC,51.52000045776367
2025-10-22,BAC,51.099998474121094
2025-10-23,BAC,51.7599983215332
2025-10-24,BAC,52.56999969482422
2025-10-27,BAC,53.02000045776367
2025-10-28,BAC,52.869998931884766
2025-10-29,BAC,52.58000183105469
2025-10-30,BAC,53.029998779296875
2025-10-31,BAC,53.45000076293945
2025-11-03,BAC,53.560001373291016
2025-11-04,BAC,53.540000915527344
2025-11-05,BAC,52.45000076293945
2025-11-06,BAC,53.290000915527344
2025-11-07,BAC,53.20000076293945
2025-11-10,BAC,53.41999816894531
2025-11-11,BAC,53.630001068115234
2025-11-12,BAC,54.11000061035156
2025-11-13,BAC,52.869998931884766
2025-11-14,BAC,52.61000061035156
2025-11-17,BAC,51.47999954223633
2025-11-18,BAC,51.63999938964844
2025-11-19,BAC,52.02000045776367
2025-11-20,BAC,51.0
2025-11-21,BAC,51.560001373291016
2025-11-24,BAC,51.93000030517578
2025-11-25,BAC,52.47999954223633
2025-11-26,BAC,52.9900016784668
2025-11-28,BAC,53.650001525878906
2025-12-01,BAC,53.2400016784668
2025-12-02,BAC,53.189998626708984
2025-12-03,BAC,54.09000015258789
2025-12-04,BAC,54.15999984741211
2025-12-05,BAC,53.95000076293945
2025-12-08,BAC,53.900001525878906
2025-12-09,BAC,53.540000915527344
2025-12-10,BAC,54.08000183105469
2025-12-11,BAC,54.560001373291016
2025-12-12,BAC,55.13999938964844
2025-12-15,BAC,55.33000183105469
2025-12-16,BAC,54.810001373291016
2025-12-17,BAC,54.54999923706055
2025-12-18,BAC,54.2599983215332
2025-12-19,BAC,55.27000045776367
2025-12-22,BAC,55.880001068115234
2025-12-23,BAC,55.970001220703125
2025-12-24,BAC,56.25
2025-12-26,BAC,56.16999816894531
2025-12-29,BAC,55.349998474121094
2025-12-30,BAC,55.279998779296875
2025-12-31,BAC,55.0
2026-01-02,BAC,55.95000076293945
2026-01-05,BAC,56.88999938964844
2026-01-06,BAC,57.25
2026-01-07,BAC,55.63999938964844
2026-01-08,BAC,56.18000030517578
2026-01-09,BAC,55.849998474121094
2026-01-12,BAC,55.189998626708984
2026-01-13,BAC,54.540000915527344
2026-01-14,BAC,52.47999954223633
2026-01-15,BAC,52.59000015258789
2026-01-16,BAC,52.970001220703125
2026-01-20,BAC,52.099998474121094
2026-01-21,BAC,52.06999969482422
2026-01-22,BAC,52.45000076293945
2026-01-23,BAC,51.720001220703125
2026-01-26,BAC,52.02000045776367
2026-01-27,BAC,52.16999816894531
2026-01-28,BAC,51.810001373291016
2026-01-29,BAC,53.08000183105469
2026-01-30,BAC,53.20000076293945
2026-02-02,BAC,54.029998779296875
2026-02-03,BAC,54.45000076293945
2026-02-04,BAC,55.380001068115234
2026-02-05,BAC,54.939998626708984
2026-02-06,BAC,56.529998779296875
2026-02-09,BAC,56.40999984741211
2026-02-10,BAC,55.38999938964844
2026-02-11,BAC,53.849998474121094
2026-02-12,BAC,52.52000045776367
2026-02-13,BAC,52.54999923706055
2026-02-17,BAC,52.7400016784668
2026-02-18,BAC,53.36000061035156
2026-02-19,BAC,52.77000045776367
2026-02-20,BAC,53.060001373291016
2026-02-23,BAC,51.06999969482422
2026-02-24,BAC,50.40999984741211
2026-02-25,BAC,51.689998626708984
2026-02-26,BAC,52.29999923706055
2026-02-27,BAC,49.83000183105469
2026-03-02,BAC,49.810001373291016
2026-03-03,BAC,49.970001220703125
2026-03-04,BAC,50.29999923706055
2026-03-05,BAC,49.810001373291016
2026-03-06,BAC,48.63999938964844
2026-03-09,BAC,47.900001525878906
2026-03-10,BAC,48.560001373291016
2026-03-11,BAC,48.52000045776367
2026-03-12,BAC,47.130001068115234
2026-03-13,BAC,46.720001220703125
2026-03-16,BAC,47.060001373291016
2026-03-17,BAC,47.279998779296875
2026-03-18,BAC,46.83000183105469
2026-03-19,BAC,47.0099983215332
2026-03-20,BAC,47.15999984741211
2026-03-23,BAC,47.52000045776367
2026-03-24,BAC,48.13999938964844
2026-03-25,BAC,48.75
2026-03-26,BAC,48.2400016784668
2026-03-27,BAC,46.970001220703125
2026-03-30,BAC,47.22999954223633
2026-03-31,BAC,48.75
2026-04-01,BAC,49.27000045776367
2026-04-02,BAC,49.380001068115234
2026-04-06,BAC,50.060001373291016
2026-04-07,BAC,50.279998779296875
2026-04-08,BAC,51.880001068115234
2026-04-09,BAC,52.709999084472656
2026-04-10,BAC,52.540000915527344
2026-04-13,BAC,53.349998474121094
2026-04-14,BAC,53.349998474121094
2026-04-15,BAC,54.31999969482422
2026-04-16,BAC,53.5099983215332
2026-04-17,BAC,53.90999984741211
2026-04-20,BAC,53.95000076293945
2026-04-21,BAC,53.47999954223633
2026-04-22,BAC,53.119998931884766
2026-04-23,BAC,52.470001220703125
2026-04-24,BAC,52.04999923706055
2026-04-27,BAC,52.630001068115234
2026-04-28,BAC,52.65999984741211
2026-04-29,BAC,52.880001068115234
2026-04-30,BAC,53.459999084472656
2026-05-01,BAC,53.2400016784668
2026-05-04,BAC,52.189998626708984
2026-05-05,BAC,53.119998931884766
2026-05-06,BAC,53.599998474121094
2026-05-07,BAC,52.75
2026-05-08,BAC,51.310001373291016
2026-05-11,BAC,50.54999923706055
2026-05-12,BAC,50.779998779296875
2026-05-13,BAC,49.84000015258789
2026-05-14,BAC,49.849998474121094
2026-05-15,BAC,49.77000045776367
2026-05-18,BAC,50.689998626708984
2026-05-19,BAC,50.70000076293945
2026-05-20,BAC,51.22999954223633
2026-05-21,BAC,51.4900016784668
2026-05-22,BAC,51.79999923706055
2026-05-26,BAC,52.20000076293945
2026-05-27,BAC,51.099998474121094
2026-05-28,BAC,50.77000045776367
2026-05-29,BAC,51.599998474121094
2026-06-01,BAC,51.5099983215332
2026-06-02,BAC,52.47999954223633
2026-06-03,BAC,52.400001525878906
2026-06-04,BAC,54.16999816894531
2026-06-05,BAC,53.83000183105469
2026-06-08,BAC,53.630001068115234
2026-06-09,BAC,54.41999816894531
2026-06-10,BAC,54.540000915527344
2026-06-11,BAC,55.15999984741211
2026-06-12,BAC,56.02000045776367
2026-06-15,BAC,55.869998931884766
2026-06-16,BAC,56.84000015258789
2026-06-17,BAC,56.529998779296875
2026-06-18,BAC,56.20000076293945
2026-06-22,BAC,57.369998931884766
2026-06-23,BAC,57.90999984741211
2026-06-24,BAC,57.72999954223633
2026-06-25,BAC,58.189998626708984
2026-06-26,BAC,57.880001068115234
2026-06-29,BAC,57.880001068115234
2026-06-30,BAC,56.97999954223633
2026-07-01,BAC,58.36000061035156
2026-07-02,BAC,58.72999954223633
2026-07-06,BAC,59.900001525878906
2026-07-07,BAC,59.86000061035156
2026-07-08,BAC,58.29999923706055
2026-07-09,BAC,59.25
2026-07-10,BAC,59.66999816894531
2026-07-13,BAC,59.5
2026-07-14,BAC,60.619998931884766
2026-07-15,BAC,61.59000015258789
2026-07-16,BAC,61.4900016784668
2026-07-17,BAC,61.27000045776367
2026-07-20,BAC,60.41999816894531
2026-07-21,BAC,61.220001220703125
2026-07-22,BAC,61.619998931884766
2026-07-23,BAC,61.279998779296875
2026-07-24,BAC,62.04999923706055
2026-07-27,BAC,62.130001068115234
2026-07-28,BAC,62.619998931884766
2026-07-29,BAC,61.06999969482422
2026-07-30,BAC,61.72999954223633
2026-07-31,BAC,61.95000076293945
2026-08-03,BAC,62.47999954223633
2026-08-04,BAC,62.900001525878906
2026-08-05,BAC,63.25
2026-08-06,BAC,63.0
2026-08-07,BAC,63.16999816894531
2026-08-10,BAC,63.86000061035156
2026-08-11,BAC,64.0
2026-08-12,BAC,64.80999755859375
2026-08-13,BAC,64.08999633789062
2026-08-14,BAC,64.48999786376953
2026-08-17,BAC,63.88999938964844
2026-08-18,BAC,64.2300033569336
2026-08-19,BAC,63.16999816894531
2026-08-20,BAC,61.86000061035156
2026-08-21,BAC,61.689998626708984
2026-08-24,BAC,62.33000183105469
2026-08-25,BAC,62.43000030517578
2026-08-26,BAC,62.22999954223633
2026-08-27,BAC,61.16999816894531
2026-08-28,BAC,62.31999969482422
2026-08-31,BAC,61.939998626708984
2026-09-01,BAC,61.9900016784668
2026-09-02,BAC,62.599998474121094
2026-09-03,BAC,63.040000915527344
2024-09-04,KO,72.55999755859375
2024-09-05,KO,71.16999816894531
2024-09-06,KO,71.13999938964844
2024-09-09,KO,71.8499984741211
2024-09-10,KO,71.55000305175781
2024-09-11,KO,71.08000183105469
2024-09-12,KO,71.2300033569336
2024-09-13,KO,71.41000366210938
2024-09-16,KO,72.0999984741211
2024-09-17,KO,71.80000305175781
2024-09-18,KO,71.75
2024-09-19,KO,70.62000274658203
2024-09-20,KO,71.63999938964844
2024-09-23,KO,71.7300033569336
2024-09-24,KO,71.33000183105469
2024-09-25,KO,71.44999694824219
2024-09-26,KO,71.4000015258789
2024-09-27,KO,71.79000091552734
2024-09-30,KO,71.86000061035156
2024-10-01,KO,71.70999908447266
2024-10-02,KO,71.01000213623047
2024-10-03,KO,70.5199966430664
2024-10-04,KO,70.16999816894531
2024-10-07,KO,69.01000213623047
2024-10-08,KO,69.18000030517578
2024-10-09,KO,69.56999969482422
2024-10-10,KO,69.25
2024-10-11,KO,69.56999969482422
2024-10-14,KO,70.33999633789062
2024-10-15,KO,70.33999633789062
2024-10-16,KO,70.56999969482422
2024-10-17,KO,69.9000015258789
2024-10-18,KO,70.44000244140625
2024-10-21,KO,69.44999694824219
2024-10-22,KO,69.44999694824219
2024-10-23,KO,68.01000213623047
2024-10-24,KO,67.30000305175781
2024-10-25,KO,66.91999816894531
2024-10-28,KO,66.66999816894531
2024-10-29,KO,65.55999755859375
2024-10-30,KO,65.91999816894531
2024-10-31,KO,65.30999755859375
2024-11-01,KO,65.01000213623047
2024-11-04,KO,65.11000061035156
2024-11-05,KO,65.37000274658203
2024-11-06,KO,63.70000076293945
2024-11-07,KO,63.65999984741211
2024-11-08,KO,63.91999816894531
2024-11-11,KO,63.36000061035156
2024-11-12,KO,63.20000076293945
2024-11-13,KO,63.0
2024-11-14,KO,62.54999923706055
2024-11-15,KO,61.7400016784668
2024-11-18,KO,61.86000061035156
2024-11-19,KO,62.59000015258789
2024-11-20,KO,62.9900016784668
2024-11-21,KO,63.7599983215332
2024-11-22,KO,63.91999816894531
2024-11-25,KO,64.37999725341797
2024-11-26,KO,64.55000305175781
2024-11-27,KO,64.43000030517578
2024-11-29,KO,64.08000183105469
2024-12-02,KO,63.650001525878906
2024-12-03,KO,63.52000045776367
2024-12-04,KO,62.209999084472656
2024-12-05,KO,62.91999816894531
2024-12-06,KO,62.529998779296875
2024-12-09,KO,62.599998474121094
2024-12-10,KO,62.90999984741211
2024-12-11,KO,62.63999938964844
2024-12-12,KO,63.84000015258789
2024-12-13,KO,63.119998931884766
2024-12-16,KO,62.54999923706055
2024-12-17,KO,63.400001525878906
2024-12-18,KO,62.849998474121094
2024-12-19,KO,62.45000076293945
2024-12-20,KO,62.54999923706055
2024-12-23,KO,62.380001068115234
2024-12-24,KO,62.84000015258789
2024-12-26,KO,62.56999969482422
2024-12-27,KO,62.45000076293945
2024-12-30,KO,62.029998779296875
2024-12-31,KO,62.2599983215332
2025-01-02,KO,61.84000015258789
2025-01-03,KO,61.75
2025-01-06,KO,60.810001373291016
2025-01-07,KO,60.84000015258789
2025-01-08,KO,61.709999084472656
2025-01-10,KO,61.06999969482422
2025-01-13,KO,61.650001525878906
2025-01-14,KO,62.040000915527344
2025-01-15,KO,61.77000045776367
2025-01-16,KO,62.25
2025-01-17,KO,62.709999084472656
2025-01-21,KO,62.41999816894531
2025-01-22,KO,61.779998779296875
2025-01-23,KO,61.529998779296875
2025-01-24,KO,61.91999816894531
2025-01-27,KO,63.869998931884766
2025-01-28,KO,62.36000061035156
2025-01-29,KO,62.83000183105469
2025-01-30,KO,64.05000305175781
2025-01-31,KO,63.47999954223633
2025-02-03,KO,63.349998474121094
2025-02-04,KO,62.66999816894531
2025-02-05,KO,63.119998931884766
2025-02-06,KO,63.36000061035156
2025-02-07,KO,63.84000015258789
2025-02-10,KO,64.55000305175781
2025-02-11,KO,67.5999984741211
2025-02-12,KO,68.70999908447266
2025-02-13,KO,69.5
2025-02-14,KO,68.87000274658203
2025-02-18,KO,69.05000305175781
2025-02-19,KO,70.06999969482422
2025-02-20,KO,70.04000091552734
2025-02-21,KO,71.3499984741211
2025-02-24,KO,70.58999633789062
2025-02-25,KO,71.48999786376953
2025-02-26,KO,70.80000305175781
2025-02-27,KO,70.87000274658203
2025-02-28,KO,71.20999908447266
2025-03-03,KO,72.31999969482422
2025-03-04,KO,70.19000244140625
2025-03-05,KO,70.08000183105469
2025-03-06,KO,70.45999908447266
2025-03-07,KO,71.43000030517578
2025-03-10,KO,71.44999694824219
2025-03-11,KO,71.04000091552734
2025-03-12,KO,69.94000244140625
2025-03-13,KO,69.62000274658203
2025-03-14,KO,69.16000366210938
2025-03-17,KO,70.12000274658203
2025-03-18,KO,69.37999725341797
2025-03-19,KO,69.27999877929688
2025-03-20,KO,69.70999908447266
2025-03-21,KO,68.66999816894531
2025-03-24,KO,68.94999694824219
2025-03-25,KO,68.80999755859375
2025-03-26,KO,70.0199966430664
2025-03-27,KO,70.73999786376953
2025-03-28,KO,70.37000274658203
2025-03-31,KO,71.62000274658203
2025-04-01,KO,71.87000274658203
2025-04-02,KO,71.33000183105469
2025-04-03,KO,73.18000030517578
2025-04-04,KO,69.93000030517578
2025-04-07,KO,68.37000274658203
2025-04-08,KO,68.41999816894531
2025-04-09,KO,69.94999694824219
2025-04-10,KO,70.76000213623047
2025-04-11,KO,71.43000030517578
2025-04-14,KO,72.44999694824219
2025-04-15,KO,71.86000061035156
2025-04-16,KO,71.68000030517578
2025-04-17,KO,73.0
2025-04-21,KO,72.7699966430664
2025-04-22,KO,73.9000015258789
2025-04-23,KO,73.30000305175781
2025-04-24,KO,72.5199966430664
2025-04-25,KO,71.91000366210938
2025-04-28,KO,71.79000091552734
2025-04-29,KO,72.3499984741211
2025-04-30,KO,72.55000305175781
2025-05-01,KO,71.29000091552734
2025-05-02,KO,71.6500015258789
2025-05-05,KO,71.69999694824219
2025-05-06,KO,71.72000122070312
2025-05-07,KO,72.4000015258789
2025-05-08,KO,71.16999816894531
2025-05-09,KO,70.5199966430664
2025-05-12,KO,69.52999877929688
2025-05-13,KO,68.95999908447266
2025-05-14,KO,69.16000366210938
2025-05-15,KO,71.61000061035156
2025-05-16,KO,72.0
2025-05-19,KO,71.93000030517578
2025-05-20,KO,71.69000244140625
2025-05-21,KO,71.8499984741211
2025-05-22,KO,71.13999938964844
2025-05-23,KO,71.7699966430664
2025-05-27,KO,71.77999877929688
2025-05-28,KO,71.1500015258789
2025-05-29,KO,71.48999786376953
2025-05-30,KO,72.0999984741211
2025-06-02,KO,72.0
2025-06-03,KO,71.16000366210938
2025-06-04,KO,71.37000274658203
2025-06-05,KO,70.91000366210938
2025-06-06,KO,71.3499984741211
2025-06-09,KO,71.7699966430664
2025-06-10,KO,72.3499984741211
2025-06-11,KO,72.06999969482422
2025-06-12,KO,72.23999786376953
2025-06-13,KO,71.0199966430664
2025-06-16,KO,70.5199966430664
2025-06-17,KO,69.62000274658203
2025-06-18,KO,69.20999908447266
2025-06-20,KO,68.83999633789062
2025-06-23,KO,69.73999786376953
2025-06-24,KO,70.20999908447266
2025-06-25,KO,69.62999725341797
2025-06-26,KO,69.47000122070312
2025-06-27,KO,70.33000183105469
2025-06-30,KO,70.75
2025-07-01,KO,71.66999816894531
2025-07-02,KO,70.91000366210938
2025-07-03,KO,71.3499984741211
2025-07-07,KO,71.01000213623047
2025-07-08,KO,70.23999786376953
2025-07-09,KO,69.4800033569336
2025-07-10,KO,69.7699966430664
2025-07-11,KO,69.87000274658203
2025-07-14,KO,69.47000122070312
2025-07-15,KO,69.36000061035156
2025-07-16,KO,69.2699966430664
2025-07-17,KO,70.58999633789062
2025-07-18,KO,69.8499984741211
2025-07-21,KO,70.06999969482422
2025-07-22,KO,69.66000366210938
2025-07-23,KO,69.16000366210938
2025-07-24,KO,69.0999984741211
2025-07-25,KO,69.16999816894531
2025-07-28,KO,68.08999633789062
2025-07-29,KO,69.37999725341797
2025-07-30,KO,68.75
2025-07-31,KO,67.88999938964844
2025-08-01,KO,68.86000061035156
2025-08-04,KO,68.95999908447266
2025-08-05,KO,69.05000305175781
2025-08-06,KO,69.51000213623047
2025-08-07,KO,70.43000030517578
2025-08-08,KO,70.33999633789062
2025-08-11,KO,70.75
2025-08-12,KO,70.70999908447266
2025-08-13,KO,70.45999908447266
2025-08-14,KO,69.55000305175781
2025-08-15,KO,69.91999816894531
2025-08-18,KO,69.12999725341797
2025-08-19,KO,70.12999725341797
2025-08-20,KO,70.69999694824219
2025-08-21,KO,70.66000366210938
2025-08-22,KO,70.12999725341797
2025-08-25,KO,68.93000030517578
2025-08-26,KO,68.7300033569336
2025-08-27,KO,68.83000183105469
2025-08-28,KO,68.36000061035156
2025-08-29,KO,68.98999786376953
2025-09-02,KO,69.05999755859375
2025-09-03,KO,68.98999786376953
2025-09-04,KO,68.25
2025-09-05,KO,67.95999908447266
2025-09-08,KO,67.43000030517578
2025-09-09,KO,67.86000061035156
2025-09-10,KO,67.81999969482422
2025-09-11,KO,67.62000274658203
2025-09-12,KO,67.01000213623047
2025-09-15,KO,66.20999908447266
2025-09-16,KO,66.23999786376953
2025-09-17,KO,67.04000091552734
2025-09-18,KO,66.45999908447266
2025-09-19,KO,66.43000030517578
2025-09-22,KO,66.20999908447266
2025-09-23,KO,66.70999908447266
2025-09-24,KO,66.44999694824219
2025-09-25,KO,65.9800033569336
2025-09-26,KO,65.66999816894531
2025-09-29,KO,66.04000091552734
2025-09-30,KO,66.31999969482422
2025-10-01,KO,66.77999877929688
2025-10-02,KO,66.0999984741211
2025-10-03,KO,66.6500015258789
2025-10-06,KO,66.0999984741211
2025-10-07,KO,66.79000091552734
2025-10-08,KO,66.12000274658203
2025-10-09,KO,66.37000274658203
2025-10-10,KO,67.04000091552734
2025-10-13,KO,66.80000305175781
2025-10-14,KO,67.51000213623047
2025-10-15,KO,67.08000183105469
2025-10-16,KO,67.58999633789062
2025-10-17,KO,68.44000244140625
2025-10-20,KO,68.44000244140625
2025-10-21,KO,71.22000122070312
2025-10-22,KO,70.80999755859375
2025-10-23,KO,69.94000244140625
2025-10-24,KO,69.70999908447266
2025-10-27,KO,70.05999755859375
2025-10-28,KO,70.16000366210938
2025-10-29,KO,68.3499984741211
2025-10-30,KO,68.9800033569336
2025-10-31,KO,68.9000015258789
2025-11-03,KO,67.97000122070312
2025-11-04,KO,68.66000366210938
2025-11-05,KO,68.51000213623047
2025-11-06,KO,69.05999755859375
2025-11-07,KO,70.55000305175781
2025-11-10,KO,70.5199966430664
2025-11-11,KO,71.61000061035156
2025-11-12,KO,71.51000213623047
2025-11-13,KO,71.06999969482422
2025-11-14,KO,71.16000366210938
2025-11-17,KO,70.68000030517578
2025-11-18,KO,71.22000122070312
2025-11-19,KO,71.11000061035156
2025-11-20,KO,71.20999908447266
2025-11-21,KO,72.94999694824219
2025-11-24,KO,72.58999633789062
2025-11-25,KO,72.61000061035156
2025-11-26,KO,72.87999725341797
2025-11-28,KO,73.12000274658203
2025-12-01,KO,71.94999694824219
2025-12-02,KO,70.66999816894531
2025-12-03,KO,70.80999755859375
2025-12-04,KO,70.44999694824219
2025-12-05,KO,70.0
2025-12-08,KO,70.25
2025-12-09,KO,70.08999633789062
2025-12-10,KO,70.20999908447266
2025-12-11,KO,69.11000061035156
2025-12-12,KO,70.5199966430664
2025-12-15,KO,70.97000122070312
2025-12-16,KO,70.37000274658203
2025-12-17,KO,70.66999816894531
2025-12-18,KO,70.36000061035156
2025-12-19,KO,70.05999755859375
2025-12-22,KO,70.20999908447266
2025-12-23,KO,69.87000274658203
2025-12-24,KO,70.11000061035156
2025-12-26,KO,69.87000274658203
2025-12-29,KO,70.16000366210938
2025-12-30,KO,70.06999969482422
2025-12-31,KO,69.91000366210938
2026-01-02,KO,69.12000274658203
2026-01-05,KO,67.94000244140625
2026-01-06,KO,67.83999633789062
2026-01-07,KO,67.54000091552734
2026-01-08,KO,69.37000274658203
2026-01-09,KO,70.51000213623047
2026-01-12,KO,70.5
2026-01-13,KO,71.23999786376953
2026-01-14,KO,71.44000244140625
2026-01-15,KO,70.4800033569336
2026-01-16,KO,70.44000244140625
2026-01-20,KO,71.75
2026-01-21,KO,72.01000213623047
2026-01-22,KO,71.87000274658203
2026-01-23,KO,72.87999725341797
2026-01-26,KO,72.55999755859375
2026-01-27,KO,73.55000305175781
2026-01-28,KO,73.05999755859375
2026-01-29,KO,73.43000030517578
2026-01-30,KO,74.80999755859375
2026-02-02,KO,75.33000183105469
2026-02-03,KO,76.88999938964844
2026-02-04,KO,77.3499984741211
2026-02-05,KO,78.51000213623047
2026-02-06,KO,79.02999877929688
2026-02-09,KO,77.97000122070312
2026-02-10,KO,76.80999755859375
2026-02-11,KO,78.5999984741211
2026-02-12,KO,79.0
2026-02-13,KO,78.68000030517578
2026-02-17,KO,79.55999755859375
2026-02-18,KO,79.48999786376953
2026-02-19,KO,78.91000366210938
2026-02-20,KO,79.83999633789062
2026-02-23,KO,80.55999755859375
2026-02-24,KO,80.72000122070312
2026-02-25,KO,80.47000122070312
2026-02-26,KO,80.5
2026-02-27,KO,81.55999755859375
2026-03-02,KO,80.22000122070312
2026-03-03,KO,79.33999633789062
2026-03-04,KO,78.0999984741211
2026-03-05,KO,77.02999877929688
2026-03-06,KO,77.04000091552734
2026-03-09,KO,77.80000305175781
2026-03-10,KO,77.87999725341797
2026-03-11,KO,77.62999725341797
2026-03-12,KO,77.61000061035156
2026-03-13,KO,77.33999633789062
2026-03-16,KO,77.81999969482422
2026-03-17,KO,77.58000183105469
2026-03-18,KO,75.97000122070312
2026-03-19,KO,75.55000305175781
2026-03-20,KO,74.75
2026-03-23,KO,75.11000061035156
2026-03-24,KO,74.66999816894531
2026-03-25,KO,75.25
2026-03-26,KO,74.69000244140625
2026-03-27,KO,75.70999908447266
2026-03-30,KO,76.2699966430664
2026-03-31,KO,76.05000305175781
2026-04-01,KO,76.08000183105469
2026-04-02,KO,76.72000122070312
2026-04-06,KO,77.22000122070312
2026-04-07,KO,75.91000366210938
2026-04-08,KO,77.29000091552734
2026-04-09,KO,78.18000030517578
2026-04-10,KO,77.47000122070312
2026-04-13,KO,76.41000366210938
2026-04-14,KO,75.9000015258789
2026-04-15,KO,75.30999755859375
2026-04-16,KO,75.18000030517578
2026-04-17,KO,75.73999786376953
2026-04-20,KO,75.4800033569336
2026-04-21,KO,74.69999694824219
2026-04-22,KO,74.62999725341797
2026-04-23,KO,76.27999877929688
2026-04-24,KO,76.62999725341797
2026-04-27,KO,75.44000244140625
2026-04-28,KO,78.3499984741211
2026-04-29,KO,78.87000274658203
2026-04-30,KO,78.76000213623047
2026-05-01,KO,78.58000183105469
2026-05-04,KO,78.19000244140625
2026-05-05,KO,78.4800033569336
2026-05-06,KO,79.2300033569336
2026-05-07,KO,78.43000030517578
2026-05-08,KO,78.41999816894531
2026-05-11,KO,78.66000366210938
2026-05-12,KO,80.02999877929688
2026-05-13,KO,80.26000213623047
2026-05-14,KO,80.44999694824219
2026-05-15,KO,80.81999969482422
2026-05-18,KO,81.19999694824219
2026-05-19,KO,81.91999816894531
2026-05-20,KO,81.55000305175781
2026-05-21,KO,81.16999816894531
2026-05-22,KO,81.4800033569336
2026-05-26,KO,80.45999908447266
2026-05-27,KO,81.62000274658203
2026-05-28,KO,80.41000366210938
2026-05-29,KO,79.01000213623047
2026-06-01,KO,78.63999938964844
2026-06-02,KO,78.41000366210938
2026-06-03,KO,78.76000213623047
2026-06-04,KO,76.81999969482422
2026-06-05,KO,79.4800033569336
2026-06-08,KO,79.54000091552734
2026-06-09,KO,81.33999633789062
2026-06-10,KO,83.58999633789062
2026-06-11,KO,82.52999877929688
2026-06-12,KO,82.62000274658203
2026-06-15,KO,80.91000366210938
2026-06-16,KO,80.27999877929688
2026-06-17,KO,79.93000030517578
2026-06-18,KO,79.38999938964844
2026-06-22,KO,79.52999877929688
2026-06-23,KO,80.30999755859375
2026-06-24,KO,80.5999984741211
2026-06-25,KO,80.41999816894531
2026-06-26,KO,82.62999725341797
2026-06-29,KO,82.6500015258789
2026-06-30,KO,81.2699966430664
2026-07-01,KO,81.29000091552734
2026-07-02,KO,84.13999938964844
2026-07-06,KO,82.95999908447266
2026-07-07,KO,84.05000305175781
2026-07-08,KO,83.4000015258789
2026-07-09,KO,82.62999725341797
2026-07-10,KO,83.48999786376953
2026-07-13,KO,84.25
2026-07-14,KO,83.08000183105469
2026-07-15,KO,82.44999694824219
2026-07-16,KO,84.91999816894531
2026-07-17,KO,81.55999755859375
2026-07-20,KO,82.12000274658203
2026-07-21,KO,81.97000122070312
2026-07-22,KO,82.19999694824219
2026-07-23,KO,81.16999816894531
2026-07-24,KO,82.25
2026-07-27,KO,84.06999969482422
2026-07-28,KO,88.2699966430664
2026-07-29,KO,89.08000183105469
2026-07-30,KO,88.48999786376953
2026-07-31,KO,87.58999633789062
2026-08-03,KO,86.86000061035156
2026-08-04,KO,86.55999755859375
2026-08-05,KO,86.83000183105469
2026-08-06,KO,86.8499984741211
2026-08-07,KO,87.05000305175781
2026-08-10,KO,86.87000274658203
2026-08-11,KO,86.4800033569336
2026-08-12,KO,86.70999908447266
2026-08-13,KO,87.41999816894531
2026-08-14,KO,87.70999908447266
2026-08-17,KO,86.9800033569336
2026-08-18,KO,88.81999969482422
2026-08-19,KO,90.3499984741211
2026-08-20,KO,90.5
2026-08-21,KO,91.0999984741211
2026-08-24,KO,91.98999786376953
2026-08-25,KO,91.63999938964844
2026-08-26,KO,90.08000183105469
2026-08-27,KO,89.05999755859375
2026-08-28,KO,89.66000366210938
2026-08-31,KO,88.66999816894531
2026-09-01,KO,88.0
2026-09-02,KO,88.23999786376953
2026-09-03,KO,88.80999755859375
